url,domain,title,text,published_at,fetched_at,metadata
https://www.ign.com/articles/amazon-kindle-e-readers-get-massive-early-discounts-for-black-friday-2025,www.ign.com,Amazon Kindle E-readers Get Massive Early Discounts for Black Friday 2025,"Amazon is kicking off its Black Friday sale with some of the best Kindle deals we've seen all year. Pretty much every model is now on sale at the lowest price of 2025, so if you've been hoping to pick up a good e-reader at a discount, now is the time to do so. I've had my Kindle Paperwhite for over a year now and it's one of the only devices I use every day. If you do a lot of reading, I highly recommend getting a Kindle for yourself and changing your life for the better. It's literally thousands of books in the palm of your hand.

There are four core models currently discounted in Amazon's Black Friday sale: The Kindle Paperwhite, Kindle Colorsoft, Kindle Scriber, and the standard Kindle.

The last time I saw Kindle prices drop this low wasduring Prime Day in July, and Amazon has matched or gone lower for each model for Black Friday this year. The Kindle Paperwhite is currently IGN's top pick for thebest reading tablet, and it is currentlymatching its lowest price everat $124.99. Perhaps the overall best discount here, however, is on the Kindle Colorsoft. Amazon's full color e-reader has dropped to a new low price of $169.99, which is a full $80 off its usual price. The standard Amazon Kindle has also dropped to its lowest price ever at just $79.99, which is getting into dangerously affordable territory.

With multiple models discounted, it's worth considering the advantages and disadvantages of each before you buy. If all you need is a regular e-ink reading tablet that can function as a replacement for physical books, then it mostly comes down to a choice between the Kindle Paperwhite and the standard Kindle. I've used both myself and the only real difference is in the size of the screen itself. The Kindle Paperwhite has a 7-inch screen while the regular Kindle is only 6-inches. I personally like the additional reading room, but since you can change the font size easily it isn't necessarily worth the extra $45 in this case. Both options also include the adjustable backlight, so reading at night is super easy either way.

The Kindle Colorsoft is what I'd recommend for anyone planning onreading digital comicsandmanga. The standard Kindlescanload comics and graphic novels, but only in black and white. The Colorsoft will allow for full color, making it the best overall option for anything with pictures. An iPad is probably a better choice for comics, but it's a lot more expensive and doesn't feature the same soft e-ink display as a Kindle does.

Lastly, there's the Kindle Scribe, which is essentially ane-ink digital notebook. It can function as a normal Kindle, but with the added benefit of allowing you to write and take notes on it as well. It's great for anyone who is looking to quickly jump between reading a book and being productive in an instant, though it is the most expensive option here.

If you're a new subscriber, it's also worth noting that Amazon is running a promotion forKindle Unlimitedduring Black Friday as well. During the sale period, you can get the service for just $0.99 per month for the first three months. I took advantage of this promotion last year and have been paying full price for it ever since. I'd only recommend trying out Kindle Unlimited if you're someone that reads a lot ofbooksevery month though. It works out great for me because I read a ton ofLitRPG booksand almost all of them are included with Unlimited, but if you're primarily reading new releases or a series thatisn'tincluded, then it's definitely not worth the price.

TheIGN Deals Teamhas over 30 years of combined experience finding the best discounts and preorders available online. If you want the latest updates from our trusted team, here’s how to followour Black Friday coverage:","Thu, 20 Nov 2025 05:02:50 +0000",2025-11-20T06:47:49.491704,"{""source_name"": ""IGN"", ""via"": ""rss""}"
https://www.ign.com/articles/ign-deals-team-black-friday-2025,www.ign.com,Meet the IGN Deals Team Covering Black Friday Sales in 2025,"The IGN Deals team has more than 30 years of combined deal-hunting experience. We've been finding discounts long before it was even our job to do so and will continue to do so long after we retire. The art of saving money is something anyone can learn to do, but only a select few have the dedication and drive to truly master it.

Thankfully, our team of experts will be doing most of thedeal-hunting for you during Black Fridayseason this year. We'll be using various tricks of the trade to seek out the best deals each day to help guide you toward discounts on the things you actually want to buy this holiday season.

Eric started his professional deal hunting career at Techbargains back in 2007, later taking on additional managerial roles at LogicBuy and ExtremeTech. In 2016, he assumed his current position as IGN commerce manager in charge of finding the best gaming and tech deals every day. When Eric isn't hunting for deals for other people at work, he's hunting for deals for himself during his free time. The best deal he's recently found was a LEGO Star Wars Millennium Falcon 751982 kit for about $200 (normally $800) thanks to a Target price error. When he's not racking up freemogems in Genshin Impact or attempting to lose weight with Beat Saber, Eric's out in the Pacific ocean on his kayak fishing for salmon and halibut.

Eric's Deal Expertise:

Robert has been with IGN for almost seven years, first starting his career writing about broadband and mobile phone contracts in the UK. He's since gone on to be IGN's resident gaming deals expert, and has lent his bargain hunting skills to a handful of IGN's sister sites like Eurogamer, RockPaperShotgun, VG247, PCMag, and Mashable. Alongside his knack for gaming deals, he loves a dive deep to find elusive discounts on TCGs like Pokémon or Magic, 4K UHD Blu-rays, comics, and a plenty more. When he's not writing for IGN, you'll find him playing Darkest Dungeon on his Steam Deck with a piping hot cup of tea. Cheers!

Chris has been writing professionally for 15 years. It all started when he got an iPod Touch and started looking for games and thought, “I could review these things.” In short order, he got a job as a mobile gaming editor before moving on to cover console and PC games at sites like The Cheat Sheet and GameSpot. He’s always had an eye out for a good deal, so joining IGN as a commerce editor was an easy fit. He’s covered Black Friday and Cyber Monday for seven years and counting, digging up all the best deals available at any given moment.

Seth has been writing about video games professionally since 2009, starting at1UP.comand moving to IGN as a news freelancer in 2014. He was hired on full-time in 2018 as Tech & Commerce editor before moving to Executive Editor, IGN Commerce and now Sr. Social Producer, Commerce. Since the start of 2025 he's grown the IGN Deals social commerce accounts by 38,000 followers, an almost 11% increase YoY. A mixture of up to the minute deals, clever graphics, and timely postings have pushed this growth. He also shows up in a lot of IGN's video content, due to his boyish charm.

Jacob has been writing professionally for a little over eight years now, but he's been clipping coupons his entire adult life. He first got his start working at Digital Trends where he naturally fell into commerce coverage around tech deals and discounts. There, he led the team's Black Friday and Cyber Monday coverage for two years before moving into a broader role. Since he's been at IGN, he has continued to work on larger content projects, but still helps assist with sales event coverage throughout the year. Jacob's role on the IGN Deals Team during Black Friday this year will be covering broad sales trends at major retailers like Amazon, Walmart, Best Buy, and Target.

Blythe is the newest member on the IGN Deals team. After two years at a digital marketing agency, she arrived at IGN in 2024 to support general coverage strategy while pitching in during major sales events. She largely handles streaming coverage because she suffers from extreme FOMO any time she misses a discount. Over Black Friday, she’ll be keeping an eye on Disney+, HBO Max, Hulu, and Crunchyroll in particular. As a collector herself, Blythe’s also always looking for physical media deals from major retailers like Amazon and Barnes & Noble. Her major points of interest are books, DVDs, and TCGs like Magic: The Gathering.

Lindsey (she/her) has a background in digital marketing, SEO and audience development, spanning over 10 years. She has worn many hats in her career, but has most recently been overseeing the affiliate business at IGN, ensuring IGN's audience gets the best shopping guidance on all of the cool tech, gadgets, toys and games every day. She will be very hands on during Black Friday, supporting the team any way she can to optimize and promote IGN experts' deals during the craziness that is Black Friday week. On a personal level, Lindsey grew up thrift shopping with her mom, so bargain hunting is in her blood. (She even had a fashion blog at one point.) That said, she's a big fan of resale sites like Depop and eBay.","Thu, 20 Nov 2025 02:45:00 +0000",2025-11-20T06:47:51.086417,"{""source_name"": ""IGN"", ""via"": ""rss""}"
https://www.ign.com/articles/early-black-friday-savings-up-to-33-on-speediance-smart-gyms,www.ign.com,Early Black Friday Savings Up to 33% on Speediance Smart Gyms,"Get a jump start on your 2026 New Year's resolution to get fit or build muscle with Speediance. Speediance is a revolutionary fitness brand offering AI-powered gym systems designed to keep you on top of your goals, all from the comfort of your own home. From weight training to cardio, these unique, smart workout machines deliver results—and help ease some of the guilt from all the yuletide delights you’ll be enjoying in the coming months.

Now’s the time to buy one of these awesome home gym systems, asSpeediance’s Black Friday saleis live. You can score up to $1,200 off its machines, including the all-in-one Gym Monster and Gym Monster 2. That’s up to 33% savings. IGN also scored an exclusive code: MEDIA120, which can be stacked on top of the current deal, knocking off an additional $120. However, supply is limited, so once the product is gone, it’s really gone.

Save up to 33% for Black Friday

Speediance

2

Plus, take an extra $120 off the all-in-one workout system, the Gym Monster, with code MEDIA120.

Chances are good you won’t see sales this great again this year, but there is a 60-day price match guarantee if a Speediance machine happens to become cheaper (excluding flash sales). And to sweeten the deal even further, the Gym Monster and Gym Monster 2 include exclusive free accessories with purchase to elevate your workout, such as hooks, straps, docks, and handles.

The Gym Monster and Gym Monster 2 are Speediance’s flagship gym equipment. These systems keep relatively compact dimensions while delivering up to 220 pounds of resistance, adjustable by one-pound increments. The versatility is unmatched, allowing it to be transformed into a squat rack, pulley machine, dumbbell, rower, and beyond. However, the standout feature is the 32-inch monitor, which is packed with training sessions, curated workouts, real-time feedback, and more. Using AI enhancements via Speediance’s Wellness+, you can even enjoy extremely personalized insights into your fitness.

The all-in-one Gym Monster and its accessories aren’t the only equipment Speediance offers. If you like the sound of the Gym Monster, but are pressed for space, there’s a more compact option, Gym Pal, which delivers up to 200 pounds of resistance and offers ample training opportunities.

Speediance also has the VeloNix, an indoor bike equipped with AI insights, ample adjustability for the perfect fit, and excellent simulation to bring the outdoor riding feel inside. Best of all, the Black Friday discounts also apply to the VeloNix and it comes with a few free accessories.

Anyone who’s been looking to grab new fitness equipment should act now. Deals this good won’t last long. Be sure to check out some other greatBlack Friday salesthat have already dropped and big deals to anticipate.

Danielle is a Tech freelance writer based in Los Angeles who spends her free time creating videos and geeking out over music history.","Thu, 20 Nov 2025 00:35:00 +0000",2025-11-20T06:47:52.916990,"{""source_name"": ""IGN"", ""via"": ""rss""}"
https://www.ign.com/articles/lenovo-legion-pro-7-gaming-laptop-deal-with-amd-x3d-cpu-and-rtx-5080-gpu-for-black-friday,www.ign.com,Lowest Price Ever on the Legion Pro 7 Gaming Laptop with AMD Ryzen 9 X3D CPU and RTX 5080 GPU,"Ahead of Black Friday, Lenovo is offering a really, really good deal on one of its highest end laptops. For a limited time (and maybe not until Black Friday), you can pick up aLenovo Legion Pro 7 Gen 10gaming laptop, equipped with a 16"" OLED display, AMD Ryzen 9 X3D CPU, and RTX 5080 GPU, for just $2,301.69 with free shipping when you apply two stackable coupon codes ""LEGIONRMN6"" and""EARLYHOLIDEAL"". The Ryzen 9 X3D is the most powerful mobile gaming CPU on the market, easily besting anything that Intel has in its repertoire, and the GeForce RTX 5080 GPU is no slouch either.

After codes ""LEGIONRMN6"" and ""EARLYHOLIDEAL""

Lenovo Legion Pro 7 Gen 10 16"" OLED AMD Ryzen 9 9955HX3D RTX 5080 Gaming Laptop (32GB/1TB)

0

Also use coupon code ""EARLYHOLIDEAL""

The Legion Pro 7 is Lenovo's highest end 16"" gaming laptop and a pretty hefty upgrade from its more mainstream Legion Pro 5 laptop. It features a more premium build thanks to a full metal chassis (both lid and body), gorgeous OLED display with 2.5K 189ppi resolution, 240Hz refresh rate, HDR 1000 True Black certification, and 100% DCI-P3 color range, and a more robust vapor-chamber cooling system.

This particular configuration is equipped with a 16"" OLED display, AMD Ryzen 9 9955HX3D CPU, Nvidia GeForce RTX 5080 GPU, 32GB of DDR5-5600MHz RAM, and a 1TB SSD. This 2025 model has been updated with Wi-Fi 7. Connectivity options include a Thunderbolt 4 port with DisplayPort 2.1, a USB Type-C port with up to 100W of Power Delivery, three USB Type-A ports, an RJ45 ethernet port, and an HDMI 2.1 port. The 99Whr battery can charge to 70% in just 30 minutes.

The AMD Ryzen 9 9955HX3D processor is a recently released cutting-edge Zen 5 CPU with 16 cores, 32 threads, and a max boost clock of 5.4GHz. This is an X3D processor with AMD's 3D-V-Cache technology specially tailored for gamers. It easily outperforms any other mobile CPU in gaming, especially at lower resolutions and CPU-bound games. There is no better processor to pair with a powerful GPU like the 5080.

The RTX 5080 is roughly 15%-20% more powerful than the RTX 4080 GPU that it replaces. In fact, it's slightly more powerful than the RTX 4090, which was the previous generation's flagship card. It will run even the newest demanding games like Ghost of Yotei, Battlefield 6, and Borderlands 4 at frame rates of 60fps or higher on the 1600p display. You could even enable ray tracing and still get playable frames, something that was unheard of in laptops just a few years ago.

The IGN Deals team has over 30 years of combined experience finding the best discounts and preorders available online. If you want the latest updates from our trusted team, here’s how to follow our coverage:

Eric Song is the IGN commerce manager in charge of finding the best gaming and tech deals every day. When Eric isn't hunting for deals for other people at work, he's hunting for deals for himself during his free time.","Wed, 19 Nov 2025 23:45:00 +0000",2025-11-20T06:47:54.878999,"{""source_name"": ""IGN"", ""via"": ""rss""}"
https://www.ign.com/articles/aliexpress-early-black-friday-sale-2025-starts-now,www.ign.com,"The AliExpress Early Black Friday Sale Starts Now, Up to $100 Off Coupons and 15% Cash Back at Retailmenot","The holiday season is here andAliExpressis kicking off isearly Black Friday Salewith some incredible deals on hundreds of its locally shipped products, including best sellers like electric bikes and scooters, gaming handhelds, imported Switch 2 and PlayStation 5 consoles, brand name 3D printers, and more. These deals are roughly 10%-20% cheaper than previous lows thanks to a combination of coupon codes and aRetailmenot cash back offer.  All the products listed below ship from a local US warehouse, which means you don't need to worry about tariffs or obnoxiously long shipping times.

Most of these deals are made better by using one of these tiered coupons:

15% Cash Back Sitewide on AliExpress Purchases

3

Cash back is earned on the qualifying purchase total after any discounts and before any fees, taxes, or shipping and handling are applied. Purchases of gift cards are excluded. Rewards not to exceed $50.

Portable Gaming Handhelds

AliExpress is widely regarded as the best online store to pick up a portable gaming handheld at an outrageously low price. These portable gaming handhelds feature small 3.5"" displays, 32-bit or 64-bit processors, and usually run off Android or Linux. Despite the low price, these gaming handhelds are well built and feel like a professionally engineered product.

1,000W Electric Bikes Starting at $276

Luckeep X1 Lite 750W Foldable Electric Bike

2

Urlife E20 Lite 750W Electric Bike

1

Not long you you wouldn't be able to find an electric bike for under $1,000. Although there are still plenty of ""premium"" brands that still sell ebikes for well above this threshold, it's no longer an accurate blanket statement. As we enter the Black Friday and holiday season, you can pick up an entry level ebike for as low as $319. The three deals below stand out for the following reasons: (1) they're a lot less expensive than buying the exact same bike off Amazon, (2) they're all shipped from a local US warehouse so you don't need to worry about tariffs or shipping delays, and (3) they're sold by reputable vendors with plenty of reviews and sales to back them up.

350W Electric Scooters Starting at $109

LADPED LP60 350W Folding Electric Scooter

1

Scooters have some major advantages over bikes. They're lighter, more compact, and usually less expensive. Electric assisted scooters give you more range and speed for less effort, and the brushless motor is pretty quiet. You'd think upgrading to one would cost you a lot of money, but that doesn't have to be the case. You can pick up aLADPED LP80350W electric scooter for just $127.14 with coupon code ""AEUS26"". Alternatively, theLADPED LP60350W electric scooter, which has a smaller battery, is $109.53 after code ""AEUS20"". Both feature a 350W brushless motor that can push the scooter at speeds of up to 19mph.

Arzopa Portable USB Monitors Starting at $50

A portable USB monitor has many practical uses, such as a secondary display for your laptop or a travel-friendly screen for your Nintendo Switch or Steam Deck handheld gaming PC. Ahead ofBlack Friday, Arzopa is hosting some big markdowns on its popular lineup of portable USB monitors via its official AliExpress storefront. Combined with some general AliExpress coupon codes, these deals are the lowest prices I've seen all year long. All of the portable monitors listed ship free from the United States, which means you don't have to worry about tariffs or long shipping times.

3D Printers Starting at $163

AliExpress is known for being one of the best online shops to pick up a3D printerat the lowest possible price. I'm not talking about obscure, unvetted models. Some of the most popular 3D printer brands, includingCreality(arguably themostwell-known),Anycubic, andFlashforge,have official storefronts that carry some or all of their product lineup. With coupons applied, you can pick up a fully-assembled 3D printer foras low as $170.

Power Stations Starting at $88

With the winter season approaching, you should seriously consider picking up a power station in case of emergencies. Fortunately for you, the best time to score a great deal on a power station is during Black Friday.AliExpresshas already come out of the gate early with the lowest prices I've seen all year on several power stations from trusted brand names like Allpowers and Bluetti. The deals I've listed below are sold by the manufacturers' official seller accounts, so you're sure to receive a genuine product with full warranty. These power stations also ship free from a local US warehouse, which means you don't need to worry about tariffs or obnoxiously long shipping times.

Imported Nintendo Switch 2 Consoles, Controllers, and Games

If you still haven't yet picked up a Nintendo Switch 2 because it's too expensive, there is an opportunity to get one at a discounted price. AliExpress is offering a Nintendo Switch 2 Mario Kart World console bundle for as low as $4100 (normally $500). It ships free locally from the United States (which means no tariffs and no obnoxiously long wait times).

Note that the console is a Hong Kong import. All international Switch consoles areregion unlocked, meaning they can be used in the US without any problems and without any modification. Likewise, all Switch 2 hardware (like controllers) and physical games are also region unlocked.

Sofirn SP36 Pro 8,000-Lumen EDC LED Flashlight

Check anypopular flashlight forumsand you'll see that Sofirn is a very well known brand that carries a wide range of flashlights at extremely affordable prices. They're one of the best selling flashlight brands on Amazon, but you can get the exact same models for a much lower price at AliExpress. In fact, Sofirn even has its own official seller account there. The SP36 Pro is a popular 5"" EDC model that currently sells for over$60 on Amazon. The emitter uses four SST40 LEDs that can deliver up to 8,000 lumens. It takes three 18650 batteries which are included.

Licensed JoyToy Warhammer 40K Figures

Officially Licensed JoyToy Warhammer 40K Figures at AliExpress

1

JoyToy is well known for its huge collection of pre-painted Warhammer 40K figures. In my opinion they are better detailed than the ones from McFarlane and Bandai, with the exception of limited edition figures that cost hundreds of dollars apiece. JoyToy figures are also (justifiably) more expensive and building out an extensive Warhammer collection of figures can easily add up in price. Lucky for us, JoyToy happens to host its own official storefront on AliExpress. It also licenses its toys out to several other resellers on AliExpress. These are all genuine models shipped in retail packaging and best of all, much cheaper than getting it anywhere else.

AliExpress, an offshoot of Alibaba (one of the world's largest online retailers), is a one-stop shop for everything under the sun, from video games, consoles, and electronics to home decor, apparel, toys, and sporting goods. It operates as an online marketplace for Chinese-based sellers looking to sell their products to international customers. This is a great resource for US-based shoppers because prices on AliExpress are more often than not lower than the exact same product at a US retailer, including Amazon marketplace. These include officially licensed products from Nintendo, Sony, Microsoft, and more. If you're willing to overlook some caveats (for example, imported models without a US warranty) and exercise basic internet common sense, then AliExpress offers a great opportunity to save tons of money.

The IGN Deals team has over 30 years of combined experience finding the best discounts and preorders available online. If you want the latest updates from our trusted team, here’s how to follow our coverage:

Eric Song is the IGN commerce manager in charge of finding the best gaming and tech deals every day. When Eric isn't hunting for deals for other people at work, he's hunting for deals for himself during his free time.","Wed, 19 Nov 2025 22:55:00 +0000",2025-11-20T06:47:57.243586,"{""source_name"": ""IGN"", ""via"": ""rss""}"
https://www.ign.com/articles/amazon-audible-black-friday-deal-2025,www.ign.com,"The Audible Black Friday Deal Is Live - Get 3 Months of Premium Plus for $0.99/mo, Plus $20 in Audible Credit","Audible's Black Friday dealhas already kicked off, and it's one of the best I've seen in quite a while. Starting now and running through December 1 (Cyber Monday), new and returning Audible subscribers can sign up for three months of Audible Premium Plus for just$0.99 per month. Even better, you also get abonus $20 in Audible creditthat you can use on any audibook of your choice. Finally, as part of the Premium Plus subscription, you also get a free audiobook of your choice every month, and you get to keep it indefinitely even after your subscription expires.

Since this is an Amazon Prime exclusive deal, you'll need to be logged into your Prime account to see this promotion. As long as you're not a current subscriber, you should be eligible. After the three months is up, your subscription will convert to the standard $14.95/mo, so make sure to cancel beforehand if you don't want to continue with the service. I haven't confirmed this, but you could potentially use your bonus Audible credit to get one more free month of Premium Plus.

Non-Current Subscribers Only

3 Months of Audible Premium Plus for $0.99/mo

71

Anyone who doesn't currently have an active Audible membership should be eligible. That includes new subscribers as well as existing members whose subscriptions have since expired. There's always a small your-mileage-may-vary disclaimer with these types of promotions, but fortunately it's easy to check if you qualify: log into your account, and if you see the free 3-month trial banner right onAmazon's Audible pagethen you're good.

Audible is a subscription service that gives you access to hundreds of thousands of thebest audiobookswithout ever having to purchase them. There aretwo paid membership plans: the lower tier Audible Plus ($7.95/mo) and the higher tier Audible Premium Plus ($14.95/mo). The biggest difference between the two is the size of the audiobook library. Whereas Audible Plus only lets you listen to a selection of about 10,000 audiobooks, the Audible Premium Plus plan gives you access to a whopping 500,000 audiobooks.

Premium Plus includes other perks as well. Every month Premium Plus members get to pick one audiobook to keep in their library indefinitely, even after the membership expires. Also, Premium Plus members can get 30% off any additional audiobooks they wish to purchase in addition to exclusive limited-time discounts.

If you were already planning to purchase a couple of audiobooks, then it makes more sense to pay less than $3 to get three audiobooks you get to keep indefinitely and enjoy all the benefits of Audible Premium Plus for three months. This deal only pops up a few times per year, so don't waste your ""first-time subscriber"" eligibility status on a short 30-day trial.

Sunrise on the Reaping: A Hunger Games Novel

2

Wind and Truth: Book Five of the Stormlight Archive

3

Several best-selling new and recent releases are available in an audiobook format and part of Audible's Premium Plus subscription plan.Sunrise on the Reaping,the latest Hunger Games novel, is narrated by Jefferson White, who you may already know from Yellowstone where he played Jimmy Hudstrom. The audiobook has a listening time of about 12 hours and 48 minutes. Stephen King released hisNever Flinchcrime novel in May 27 and it's also available as a nearly 15-hour long audiobook narrated by veteran Jessie Mueller. If you're a fan of Brandon Sanderson, check outWind and Truth, book five of the popular The Stormlight Archive series. It was released in December of 2024 and runs an epic 63 hours long.

Looking for more free trials? Check out thebest streaming services with free trials.

The IGN Deals team has over 30 years of combined experience finding the best discounts and preorders available online. If you want the latest updates from our trusted team, here’s how to follow our coverage:

Eric Song is the IGN commerce manager in charge of finding the best gaming and tech deals every day. When Eric isn't hunting for deals for other people at work, he's hunting for deals for himself during his free time.","Wed, 19 Nov 2025 22:45:00 +0000",2025-11-20T06:47:59.240861,"{""source_name"": ""IGN"", ""via"": ""rss""}"
https://www.ign.com/articles/fortnite-chapter-6-finale-event-trailer-teases-godzilla-and-kill-bill-appearances-as-chapter-seven-looms,www.ign.com,Fortnite Chapter 6 Finale Event Trailer Teases Godzilla and Kill Bill Appearances as Chapter Seven Looms,"Epic Games is teasing an explosive return toFortnitestory content with a Chapter 6 Zero Hour Finale Live Event teaser trailer that packs in heavy-hitter cameos ahead of the inevitable launch of Chapter Seven.

The description for the new Fortnite story video teases that some familiar faces will “assemble in the final endgame to save reality,” and the footage proves it. In just 30 seconds, we see Jonesy dodging giant tentacle monster attacks as Godzilla, King Kong, and Star Wars X-Wings battle overhead. Naturally, a giant, half-naked Homer Simpson then shows up before Uma Thurman’s Kill Bill character, The Bride, swoops in, with the trailer then finally telling players to expect the Fortnite Chapter 6 Zero Hour Finale event to take place November 29 at 11 a.m. PT / 2 p.m. ET.

There’s a lot to unpack here, but the reveal most will pick up off the bat is that Kill Bill appearance. Fans have spent weeks speculating about howQuentin Tarantino’s legendary action series may soon find representation in Fortnite, with today’s teaser finally revealing a first look.

It’s an unveiling that will also surely reinforce rumors that Tarantino himself is involved in some of Epic’s upcoming festivities, with some believing the filmmaker directed its new cinematic. There’s been no official word on what exactly the big finale has in store, but with someeagle-eyed fans already spotting a Fortnite-related premiereat Tarantino’s The Vista Theatre in Los Angeles, the evidence is only getting harder to deny.

As everyone from Godzilla to Homer stomps in for what is poised to be one of the biggest Fortnite events ever, fans can’t help but look forward to how Chapter Seven may shake up the long-running live-service experience’s formula. Some believe Epic is dropping hints that The Seven, a star-studded group that has largely been MIA from Fortnite story content for years, could somehow make a comeback for the Seven-themed Chapter, for example.

Should The Seven return to Epic’s grand video game multiverse, it would likely mean the stars who play them, including Dwayne “The Rock” Johnson and Brie Larson, would be back, too. We should find out more about the Fortnite Chapter 6 Zero Hour Finale and Chapter Seven in the coming weeks

In the meantime, players have spent November gallivanting around none other than The Simpsons’ Springfield, as the long-running animated series made its debut with themed skins,Easter Eggs, and more. It’s a crossover that’s beenparticularly successful for Epic, with players also enjoyingthe new Sidekicks featureand the return of theOmniverse.

Michael Cripe is a freelance writer with IGN. He's best known for his work at sites like The Pitch, The Escapist, and OnlySP. Be sure to give him a follow on Bluesky (@mikecripe.bsky.social) and Twitter (@MikeCripe).","Wed, 19 Nov 2025 22:10:11 +0000",2025-11-20T06:48:01.123624,"{""source_name"": ""IGN"", ""via"": ""rss""}"
https://www.ign.com/articles/hp-omen-max-16-rtx-5080-gaming-laptop-black-friday-deal,www.ign.com,"The HP OMEN MAX 16 RTX 5080 Gaming Laptop Drops to Just $2,310 for Black Friday","HP just unloaded an excellent deal on one of the most powerful gaming laptops currently available. TheOMEN MAX 16 RTX 5080 gaming laptopstarts at just $2,309.99 with free shipping after applying 30% off coupon ""OMENMAX30"". The RTX 5080 is an absolute monster of a mobile GPU that surpasses the previous generation's top performer, the RTX 4090.

New for 2025, the OMEN MAX 16 is an upgrade to the OMEN 16 both in terms of build quality and cooling potential. Unlike the OMEN 16, the OMEN MAX 16 is almost entirely constructed of aluminum, including both the top lid and chassis. The exception is the palm rest, which is still plastic so that it doesn't get too toasty for your hands. The OMEN MAX 16 also features a new OMEN Tempest Cooling Pro design that combines vapor chamber cooling, redesigned fan configuration, and an improved thermal interface material to maximize heat transfer. Not only does this keep the OMEN MAX 16 cooler during gaming marathons, it also allows for the current-generation graphics cards to perform optimally without throttling.

This particular configuration features a 16"" 2560x1600 display, Intel Core Ultra 9 275HX CPU, GeForce RTX 5080 mobile GPU, 32GB of RAM, and a 1TB SSD. Both the memory and storage can be user-upgraded.

The Intel Core Ultra 9 275HX processor has 24 cores and a max turbo frequency of 5.4GHz. This is the second most powerful Intel mobile CPU currently available (the Ultra 9 285HX has a slightly higher clock speed) and goes toe to toe with AMD's flagship Ryzen 9 9955HX processor. This is an excellent CPU to pair with a powerful GPU like the 5080.

The OMEN MAX 16 can accommodate an RTX 5080 mobile GPU without throttling it. The RTX 5080 is roughly 15%-20% more powerful than the RTX 4080 GPU that it replaces. In fact, it's slightly more powerful than the RTX 4090, which was the previous generation's flagship card. It will run even the newest demanding games like Ghost of Yotei, Battlefield 6, and Borderlands 4 at frame rates of 60fps or higher on the 1600p display. You could even enable ray tracing and still get playable frames, something that was unheard of in laptops just a few years ago.

From 11/16 - 11/26 IGN users can use custom discount codeOMENMAX30at checkout to receive a 30% discount price on OMEN MAX 16 laptops. See below for coupon terms and conditions definitions.

Non-stackable 30% off select OMEN Max 16 gaming laptops for IGN only, GS only - Coupon Definition

OMENMAX30 30% off coupon valid onHP.cominternet, mobile, and call center purchases only. Coupon code is limited to one (1) redemption up to one (1) product in cart by a single customer email, per customer account, per coupon code, per checkout. Coupon is not combinable with other promotional offers. Coupon valid from November 16 to 26, 2025, or while supplies last. Coupon vaild onHP.comGeneral Store only. Coupon valid on OMEN Max 16 gaming laptops only: A4NQ6AV_1, A4SL1AV_1, B64BNUA#ABA, B86WQAV_1, B96R7UA#ABA, B96S7UA#ABA, CG6Y7UA#ABA.

Coupon not valid on HP Employee Purchase Program, Corporate Employee Purchase Program, Business Platinum, Gold, Silver, Bronze Clubs, select consumer and business private stores. Coupon not valid on all printers and all supplies as defined by HP, refurbish products, third party products offered by HP, bundle products, select consumer and commercial laptops, desktops, All-In-Ones, mobile and desktops workstations, monitors, peripherals, and accessories.

Any unused portion will be forfeited. Offer void where prohibited, taxed, or restricted by law. Non-transferable. Not retroactively valid on previously purchased items. Not valid for any resale activity as defined byHP.com. Coupons may not be used to purchase gift cards. May not be permitted with certain bundle offers. Products and support acquired by customer under these terms are solely for customer's personal use and not for immediate resale or sublicensing. Contract and volume customers not eligible. These exclusions and terms and conditions are subject to change without notice.

The IGN Deals team has over 30 years of combined experience finding the best discounts and preorders available online. If you want the latest updates from our trusted team, here’s how to follow our coverage:","Wed, 19 Nov 2025 21:45:00 +0000",2025-11-20T06:48:03.031713,"{""source_name"": ""IGN"", ""via"": ""rss""}"
https://www.ign.com/articles/forestrike-review,www.ign.com,Forestrike Review,"As a fighting game fan, I’ve grown to enjoythe process. Spending extended amounts of time in training mode learning the timing of memorized button presses in the hopes that, when it really counts, that practice will pay off. This might be why I found Forestrike, a 2D martial arts inspired roguelite that lets you plan out your approach to solving a gauntlet of combat encounters before executing upon them for real, so uniquely appealing. It successfully evokes the feeling of classic kung fu fight choreography by mixing straight up hand-to-hand combat with clever moments of using the environment to your advantage, or turning an enemy’s own weapon against them, or causing friendly fire simply with an effortless step to the side, all on a 2D plane with minimalist spite art. The precision and memorization needed to accomplish these impressive looking feats can be brutal, especially considering how easy it is for one mistake to cascade into many more, eventually cratering a run, but this clever concept still manages to pack a heck of a punch.

Forestrike puts you in control of Yu, a young martial artist who is part of the Order of the Foresight, a faction dutifully devoted to serving their Emperor, and one that becomes dedicated to the mission of saving said emperor from the manipulation of a being known as The Admiral. There’s a surprising amount of dialogue in Forestrike as we learn more about The Order  and the various masters that guide Yu along his journey in between each run. In that way, it’s a lot like the intermissions between runs of Hades, but instead of always looking forward to the new things characters had to say, I generally found myself eager to get on with it so I could get back to fighting. A complete lack of voice acting certainly contributed to this, but the writing and characters themselves also just weren’t strong enough to keep my interest for very long.

Once you’re in an actual run, Forestrike flexes its muscles. It’s structured like a gauntlet of combat encounters against increasingly difficult foes, but before the actual fighting starts you’re able use your foresight technique to essentially do a practice run. That lets you find the right combination of attacks, dodges, and techniques to defeat all of the enemies in the most efficient way possible. Defensive resources like blocks and dodges areextremelylimited, and it’s rare that you’ll go into an encounter with more than one of either. At first it felt rather frustrating as I just continuously found myself being forced to burn my dodge or block against the first tough enemy, which meant I wouldn’t be able to avoid the attacks of the last one. Eventually, though, a visual language started to develop as I learned how enemies would react to my actions and how I could use those predictable tendencies to my advantage.

My favorite roguelites and roguelikes from Spelunky to Dead Cells.

If one enemy was charging me from the right, I could use my dodge resource to move an enemy on my left to the other side, putting him right in the way of that attack. If I was up against an enemy with spikes on the front of their body, I could look for a type of puppet enemy that drops its head when killed, which could then be picked up and thrown to kill the spiked foe from a distance. Figuring out this visual language organically was super satisfying, and I felt like I was getting further and further in my runs not because my character was becoming more powerful, but because I was simply getting better, which is always a great feeling in a roguelite.

I was getting further because I was simply getting better, which is always a great feeling in a roguelite.

What really makes the gameplay sing are the different martial masters that you take along with you in each run, which dictate what techniques you’re able to use. There’s Talgun, who is the master of the Leaf style, which focuses primarily on redirecting enemy attacks so that your foes take each other out; Nodai of the Cold Eye style, which focuses primarily on blocking, restoring health, and brute force; and my favorite, Monkey, who utilizes a wild fighting style that relies on surprising foes with dropkicks, bananas, and resting on the floor so that enemy attacks go right over and slam into the foe behind you.

Each style requires a completely different approach to solving the puzzles of combat, and I loved jumping between them and seeing the many different techniques that unlock the further you get in a run. Each time you beat the boss of one of the four regions, you unlock more techniques that get added to the pool of randomly selected rewards, which essentially acts as the permanent progression that helps give you the extra edge you’ll need to conquer each of the four regions of the campaign.

The one big issue with this formula is that the amount of precision required in some of the later stages can get pretty out of control, especially considering how quickly things can go off the rails with just one error. I’ve had multiple combat encounters where all of my practice runs went flawlessly, but on the actual attempt I was just a hair off on the timing of a single strike, which would essentially cause my whole plan to break down and force me to improvise the rest of the way, which usually leads to either death or near death. That’s just part of the design, but it doesn’t stop it from being extremely frustrating to lose an otherwise great run to what ultimately amounts to being off by just milliseconds one time.

The sprite based art style is intentionally minimalist – much like Skeleton Crew Studio’s previous game, Olija – and for the most part is very charming. The sprites themselves are surprisingly expressive despite their lack of detail, the 2D art is fantastic, and the actual combat animations are great – but for whatever reason the same attention was not given to the walk and run animations, which are some of the most awkward I’ve seen in 2D pixel art. It’s not a huge deal since Yu only really walks and runs in between runs at the monastery, but it’s still a very strange quirk in a game that otherwise looks great.","Wed, 19 Nov 2025 21:09:10 +0000",2025-11-20T06:48:06.543869,"{""source_name"": ""IGN"", ""via"": ""rss""}"
https://www.ign.com/articles/the-hobbit-there-and-back-again-board-game-review,www.ign.com,The Hobbit: There And Back Again Board Game Review,"Not only isReiner Kniziacertainly the most prolific designer in hobby board games, but The Hobbit: There And Back Again isn’t even his first (or second, or third) game based on Tolkien's book for children. First was a2010 gamewhere players were the hobbit’s dwarf companions, helping on his adventure and trying to escape with as much gold as possible. Then came two 2013 cooperative games. None were particularly well-received, especially when you consider how many Knizia titles could count among the best games of all time. So now he’s back for a fourth bite at the hobbit’s ample table, with an all-new design.

What’s in the Box

The Hobbit: There and Back Again

0

The actual box contents are very straightforward. There are four big flip-books of dry-wipe pages and an accompanying marker, one for each player. The books are a fantastic idea, sturdily bound and much more convenient than the mess of loose playsheets that dominate in dry-wipe games. You also get a standard 12-sided die and five custom printed six-sided dice bearing a variety of shapes and symbols. Finally there’s a sheet of punch out tokens representing various resources you can collect on your adventures: bread, swords and, in a wholly unnecessary nod to a famous scene from the book, pine-cones.

What’s more interesting to discuss is the art style. Interpretations of Tolkien tend toward the meticulous and lavishly detailed, as befits the rich setting he created. But The Hobbit was originally conceived as a children’s book, separate from the legendarium he was creating in his spare time: its incorporation into those invented myths came later. And this seems to be the inspiration behind the illustrations here, which are chunky, cartoonish, and occasionally silly. This is likely to be divisive – it increases thefamily-weightappeal of the title, but might annoy fans who take their Tolkien lore more seriously.

Rules and How It Plays

The Hobbit: There and Back Again is fundamentally a path-drawingroll and write game. However many players are competing, someone rolls the five dice, three of which will come up with path symbols that draw a line, often with turns and branches, across one, two or three squares. The other two roll resources, like bread and swords. There are eight scenarios in the game, each with its own page in the included flip-book, and in most of them the goal is to use path symbols to draw a line from a starting point to an end goal, ideally hitting certain squares and avoiding others along the way.

The art is likely to be divisive – it increases the family-weight appeal of the title, but might annoy fans who take their Tolkien lore more seriously.

This being a Reiner Knizia game, however, there is a great deal more to this than first meets the eye. For starters, most games of this kind see all the players sharing the results of the roll, marking them up on their own sheets. But this involves dice-drafting so, on your turn, you pick one and remove it from the pool. Instantly this makes the decision more interesting as you’re not only picking to optimize your own route but potentially deny it to other players. For this reason the game works best as a2-player board game, as it’s easier to keep a close eye on what others are doing. It’s still fun with more, but loses a bit of that interactive edge.

Every scenario also has its own specific requirements to explore. A couple of them are too similar, but for the most part they’re impressively diverse, given the relatively simple core rules. In the first, for example, you have to link 12 starting squares, containing the dwarfs heading to Bilbo’s unexpected party, to his hobbit-hole at Bag End. The second sees you trekking a single route across a dangerous, troll-filled wilderness on your way to the elves at Rivendell. Following adventures involve picking shapes determined by a die roll to surround specific squares, filling in flight routes for eagles to rescue stranded dwarfs, and using paths to rescue burning houses while shooting arrows at the marauding dragon, Smaug.

Further tricksiness is baked into the scoring that determines the winner. In the first adventure you’ll score points for each dwarf that you successfully link to Bilbo’s home, but get a bonus if you have a bread resource ready to feed them first. Except if you look at the available scores closely, you’ll note that might not always be the best idea. You can also get extra points if you connect and feed Thorin, the dwarf leader, and the wizard Gandalf except, crucially, the scenario ends for all players as soon as one of them collects the other 12 dwarfs. There’s also extra score available for collecting sword icons, even though they’re useless in completing the scenario. So there’s a constant temptation to cede ground in the race, fishing for those tasty bonuses.

As you can probably imagine, this setup turns every scenario into a race, with the catch being that you don’t always want to finish first, if falling behind gets you enough extra points to take the win. There are mini-races, too, with a pot of glory points available for the first player to reach particular sub-objectives, like surrounding each riddle symbol in the Gollum chapter. Between the various chases, the random dice rolls, and the uncertainty of who’s going to pull what in the draft, The Hobbit: There and Back thrums with excitement and uncertainty right down until the points are totted up at the end.

Where the game begins to get into stickier territory is replay value. Once you’re played through a scenario and worked out the best way to approach it, the appeal of going through it again begins to drop. But the game has yet another smart twist to try and maintain your interest: unlike most path-making games you can partially draw over previous paths, using your selected shapes to add new bends and junctions, allowing you to reach new areas of the map.

This enriches the spatial puzzle of each scenario tremendously, because there’s no one best route, and you have enormous scope to change up your path each time. When connecting the dwarfs to Bilbo's hole, for instance, you can draw individual paths but you can also link several dwarfs together and then connect them to the hole as a group. Most maps also have squares that give you bonus resources or points, and other squares that you’re discouraged or outright banned from entering. So even when you’ve figured out the scoring, the way the dice fall creates a novel challenge, and there’s always the thrill of the race to anticipate.

What you definitely don’t get is anything other than path-drawing. You can collect wizard hat symbols to unlock one-off extra paths or resource rewards, and if there’s really nothing to do with a die you can assign it to Bilbo the burglar for a wild extra, but this isn’t deep decision-making. And the game is pretty minimal in its evocation of the Hobbit’s narrative. Each scenario tips its hat to Tolkien in visual and spatial terms, but it’s pretty hard to imagine surrounding a troll icon as watching it turn to stone with the break of dawn, especially when the same mechanic is used later to answer riddles.

Where to Buy","Wed, 19 Nov 2025 20:54:59 +0000",2025-11-20T06:48:10.175751,"{""source_name"": ""IGN"", ""via"": ""rss""}"
https://www.pcgamer.com/games/third-person-shooter/i-became-a-full-time-paramedic-for-strangers-in-arc-raiders-and-ended-up-showered-with-more-rare-loot-than-i-could-carry/,www.pcgamer.com,"I became a full-time paramedic for strangers in Arc Raiders, and ended up showered with more rare loot than I could carry","MORGAN PARK, STAFF WRITER

Last week:Beat Halo: CE, Halo 2, and almost Halo 3. November is Halo month.

OK, I'll admit it: Arc Raiders can get a little boring when you're a pacifist. Casually waving hello to solo raiders as they loot the locker you were hoping to have to yourself is not as novel or fun the hundredth time it happens, especially after you've gotten so good enough at eluding Arc patrols that even they're only rarely a threat. Last week, I went on three raids in a row without firing a shot.

It's at this point that solo players looking to zest up their routine might turn to the dark side: picking fights out in the open, setting traps at extraction points, or the least forgivable 2012-ass DayZ behavior of all, shooting randos in the back after establishing a ""Don't shoot!"" truce. Banditry did cross my mind. PvP is pretty fun in Arc Raiders, after all, andafter 43 hours I still haven't gotten to do very much of it. But I've come to value Arc Raiders' gentle culture so much (and judge every hostile player so harshly) that I can't become the hypocrite now. I'd sooner uninstall.

To treat my boredom without blackening my soul, I decided to try something else: Inspired by a Reddit clip of a self-proclaimed ""rescue raider,"" I began deploying on solo raids with a full stack of defibrillators. The goal? Run toward downed raider flares, find the patient, and revive them.

Park Ambulance Dispatch (PAD) is here to help.

The first hurdle to becoming an effective Arc Raiders paramedic was cardio. I'd run and run and run straight toward every flare, but most players I responded to had died by the time I got there. Not too surprising: Solo players tend to give up as soon as they're downed, assuming that even if a friendly face passes by, they won't be holding a defib that's only good for reviving others. After that first night, I'd saved a whopping two people.

Good, but not good enough. So I switched up the gameplan:

Above: The only time I've gotten the coveted ""My hero!"" chant from a grateful patient.

Keep up to date with the most important stories and the best deals, as picked by the PC Gamer team.

I raced across the rooftops, landed risky jumps, and deployed ziplines to fly across maps like Spider-Man with a backpack full of drugs. That's when I started finding some real success. I'd revive at least one raider per run, sometimes two or three, and sometimes I'd have to save the same person twice.

At the risk of sounding like I'm fishing for good samaritan praise, what I'm actually saying is that this is way more thrilling than peacefully looting the Rust Belt or turning every match into a warzone. Honestly, I've never had as much fun in Arc Raiders. The pressure of reaching people in time to save them completely recontextualized the game. Routes I'd taken hundreds of times became race courses, and the Arc were a scarier presence because I didn't have time to just hide in a bush until they passed. I could still complete quests and loot stuff for my base upgrades, but I also had a main quest that superseded everything.

What I didn't expect were all the gifts. Most patients just said thank you, often in a confused ""Is he really just gonna let me go?"" sorta way, but occasionally they'd just start dropping valuables. I'm sitting on a pile of rare parts from Arc I've never even fought—Bastion Cores, Leaper Pulse Units, Bombardier Cells—plus loads of random trinkets.

Most of which I plan to sell because, um, it turns out being a paramedic is anexpensivehobby.

Defibrillators are not a standard recipe of the medicine bench, and I've yet to find the blueprint to craft them myself, so I've just been buying loads of them from the Clinic at 3,000 coins a pop. In fact, I just ran the numbers for the first time and, at 9,000 coins for a full stack of three, I've been going through approximately 50k worth of defibs per night. That's by way of sometimes using all defibs in one run, other times having leftovers, and sometimes getting murdered myself.

Yea so, I've danced around it so far, but there are also plenty of reasons why the paramedic playstyle is a terrible idea. For one, I'm dying way more than I used to, and you can probably imagine how. A good half of raider flares I've responded to were folks downed by another player. I've lost full packs of medical supplies because I sprinted straight at a flare yelling ""I'm a medic, don't give up!"" and immediately got shot in the face by my patient's killer.

Eventually, this too called for an updated plan:

This really comes down to mitigating risk, but accepting a regular state of peril. The one big tip I can give here is to not just take note of distant gunshots, but listen to them. Before the flare popped, what did I hear? Were there rockets, bombs, or machineguns typical of Arc, or did it sound like two Ferros trading shots from opposite rooftops? I'd take my best guess and let that calibrate how much caution I should use, which has worked well enough so far.

Now I mosey up to some flares quietly, assessing the crime scene before I initiate voice chat. If I'm quick enough, I can catch the killer before they finish the job. If I'm too late, well, I can at least dispense justice with some PvP that won't weigh on my conscience.

The most interesting cases unfold when I arrive late enough that I can't quite tell what just happened: One player is dead, another is looting them, but were they the aggressor? The only way to find out without risking my hide, I decided, is to light 'em up until they're down and then question them. If I believe their story, they get a defib. If my lie detector goes off, their raid is over.

I know that I've probably revived a few murders by accident along the way, but letting some folks live eases the conscience and produces its own unique social interactions. Just the other day, I downed a guy who'd just killed someone in the Buried City hospital. I asked if he killed the guy upstairs, he insisted it was self defense. I asked why he didn't respond to my ""Don't shoot"" calls, he said he didn't hear me. He had basic guns, the default outfit, and could've just been a brand new player, so I decided to take the chance and used my last defib.

He seemed legitimately shocked, thanked me a bunch, and slowly backed away. Later that night, I got a friend request. Perhaps it's time for the Park Ambulance Dispatch to grow?","Thu, 20 Nov 2025 00:34:11 +0000",2025-11-20T06:48:16.368281,"{""source_name"": ""PCGamer"", ""via"": ""rss""}"
https://www.pcgamer.com/software/ai/marathon-cinematic-director-alberto-mielgo-says-the-8-minute-reveal-video-was-not-made-with-ai-and-frankly-he-cant-believe-he-even-has-to-say-that/,www.pcgamer.com,Marathon cinematic director Alberto Mielgo says the 8-minute reveal video was not made with AI and frankly he can't believe he even has to say that,"Marathonis in a flat spin right now, but half a year ago—and despite some bumpiness at Bungie—Sony had high hopes: So high that it hired Oscar-winning directorAlberto Mielgoto head up the creation of aneight-minute cinematic shortthat lays the foundation for the game's setting and story. It's very sharp and stylish, and Mielgo wants you (as in,everyone) to know that it was not made using generative AI.

""I can’t believe we’ve reached a point where I have to clarify this, but here it goes: this is not AI. HELLO,"" Mielgo wrote onInstagram(viaKotaku).

""Everything you see in this film: paintings, animations, 2D and 3D work, compositing, and renders done with [a] huge team—155 incredible people and hell of hours, days, months… Yes, our Achilles’ heel: time.""

I don't know where the AI allegations are coming from, to be honest: There's nothing in the comments on YouTube (or at least nothing that isn't buried so deeply as to be irrelevant), nor have I run across anything on Reddit. There are conversations about the role AI might play in Marathon's narrative, but those are in reference to the AIs that appear in the game, in particularDurandal, and what role they might play in the reboot. So, a misunderstanding, maybe?

Whatever the case, Mielgo went on to say that he hasn't nailed down his own opinions on AI, but vows that ""AI will never take away my (your) urge or joy for making art and painting. That part will never be replaced.""

Ironically, he then concludes, ""This text was kindly edited with ChatGPT,"" leading me to think that he hasn't put a whole lot of thought into any of this, really.

In comments that have since been deleted but were captured byThe Game Post, Mielgo was also dismissive of concerns about Bungie's use ofstolen art assets in Marathon. When asked about that, the director said what's even worse is ""working our asses off for years to create something cool, only for it to get eclipsed by sphincter smelly press and headline readers."" In a subsequent message he said Bungie ""accidentally"" used a texture in Marathon without permission, which was then ""blown out of proportion by people like you and hungry sphincter press.""

Keep up to date with the most important stories and the best deals, as picked by the PC Gamer team.

I can only assume that Mielgo, who is Spanish, means to describe us as ""assholes."" In any event, he did eventually clarify that ""none of the [stolen] text/fonts ever reached our team.""

Sony said last week that Marathon will come outby March 2026, come hell or high water, and that it will ""make corrections"" as needed. We shall see.","Wed, 19 Nov 2025 23:02:39 +0000",2025-11-20T06:48:19.109466,"{""source_name"": ""PCGamer"", ""via"": ""rss""}"
https://www.pcgamer.com/software/platforms/after-downdetector-itself-went-down-someone-made-a-downdetector-downdetector-and-then-someone-made-a-downdetector-downdetector-downdetector-and-then/,www.pcgamer.com,"After Downdetector itself went down, someone made a Downdetector Downdetector, and then someone made a Downdetector Downdetector Downdetector, and then…","Downdetectoris a simple website that tells you whether or not online services like Discord are functioning so that you can determine whether problems accessing them are on their end or on yours. A funny thing happened this week, though: During a big Cloudflare outage on Tuesday, Downdetector itself went down.

What do you do then? Gus Owen, creator of web gameTimeGuessr(it's like GeoGuessr, but you're guessing both the location and year a photo was taken), had an idea: Make a Downdetector for Downdetector.

Downdetector's Downdetector, as Owen called it, tells you whether or not Downdetector is down. Its functionality has beencalled into question, but the satirical website was nevertheless a hit on Y Combinator'sHacker News forum, leading to some good old fashioned internet goofing off.

Someone quickly followed up Downdetector's Downdetector withDowndetector's Downdetector's Downdetector(downdetectorsdowndetectorsdowndetector.com), which tells you whether or not Downdetector's Downdetector is down. That of course prompted someone else to post a link toDowndetector's Downdetector's Downdetector's Downdetector(downdetectorsdowndetectorsdowndetectorsdowndetector.com), which tells you whether Downdetector's Downdetector's Downdetector is up or down.

I'm happy to report that, at the time of writing, Downdetector, Downdetector's Downdetector, Downdetector's Downdetector's Downdetector, and Downdetector's Downdetector's Downdetector's Downdetector are all operating normally—though I can't be entirely sure about the last one, since there's no Downdetector's Downdetector's Downdetector's Downdetector's Downdetector telling me whether it's accessible across the world.

As one Hacker News posterpointed out, the maximum length of the part of a domain name between the dots (www.thispart.com) is 63 characters, so www.downdetectorsdowndetectorsdowndetectorsdowndetectorsdowndetector.com cannot be registered because it exceeds the limit by exactly one character. Shame, but you could get rid of an 's' and make it work, or use a subdomain (downdetectors.downdetectors...).

According to Cloudflare, the outage that triggered this recursive gag wasn't caused by a malicious cyberattack, but was an accident caused by a mere change to a ""database systems' permissions."" You can read more about what happenedon the Cloudflare blog—just try not to think too hard about how much our society's continued functioning relies on the internet not falling apart, despite its many possible points of failure. (At least we'll have many Downdetectors to detect when things are down.)

Keep up to date with the most important stories and the best deals, as picked by the PC Gamer team.

Best gaming rigs 2025","Wed, 19 Nov 2025 22:51:50 +0000",2025-11-20T06:48:22.311752,"{""source_name"": ""PCGamer"", ""via"": ""rss""}"
https://www.pcgamer.com/games/do-you-recognize-what-game-titles-these-letters-are-from-lets-get-alphabetical-in-our-latest-quiz/,www.pcgamer.com,Do you recognize what game titles these letters are from? Let's get alphabetical in our latest quiz!,"More quizzes!

Want to keep testing your knowledge of gaming trivia? We've got loads morePC Gamer quizzes, on everything from healthbars to weird currencies to absurd patch notes.

If I were to show you a tiny sliver of a screenshot from a game like Counter-Strike or Minecraft or The Witcher 3: Wild Hunt, you could probably identify it easily, even without context. The art style and scenery and even the color palate of the games we play eventually get burned into our brains.

But how about if I snipped a letter out of a game's stylized title? Think you could identify them, too? If I showed you just an X or a B or a Q, could you tell me what game title it was from?

That's today's quiz, and we're going through the entire alphabet, A-Z. I'll show you 26 letters I painstaking cut out of game logos, and you type in the game name. (Feel free to use hints if you get stuck.) Remember, not every letter I show you is the first letter of the game name! And B sure to let us know how U scored in the comments, K?

Keep up to date with the most important stories and the best deals, as picked by the PC Gamer team.","Wed, 19 Nov 2025 22:37:51 +0000",2025-11-20T06:48:25.520356,"{""source_name"": ""PCGamer"", ""via"": ""rss""}"
https://www.pcgamer.com/games/mmo/keep-dying-to-goose-pls-help-where-winds-meet-players-are-being-chased-around-by-demonic-geese/,www.pcgamer.com,'Keep dying to goose pls help': Where Winds Meet players are being chased around by demonic geese,"There are a lot of tough bosses in the recently released wuxia MMO Where Winds Meet, but none of them can match the sheer power of the goose.

Check the subreddit or the Steam forums and you'll see threads of befuddled players with titles like""Goose??""and""please be careful around geese""and""throw every goose you see.""Where Winds Meet isn't really a game about killing wildlife, but like the chickens in Zelda games, these geese pack a punch.

Most players run into a quest early on where you need to heal a goose, but failing it causes the goose to transform into a demon known as Maniacal Goose. Not to excuse the goose or anything, but itdoesturn red, gain a boss health bar, and start chasing you, so you'd think people would realize what they're getting into. But there's an achievement involved for killing it and we all know that's gamer kryptonite.

As players of the new game wrestled with the demon goose and the other geese you can find hanging out in the open world, a strategy formed:throw theminto the water and let nature take care of it. For whatever reason, geese can drown in the world of Where Winds Meet. They won't even attempt to escape as they slowly take damage and fade away.

Where Winds Meet had over10 million pre-registrationson the leadup to its release and is now hovering around160,000 concurrent playerson Steam every day. It appears that knowledge of this special goose-slaying tactic hasn't spread fast enough to save all the new players who keep running into them.

""I was just exploring the map when all of a sudden I get jumped by a random white goose who does some roundhouse kick and immediately kills me,"" Reddit userFinal-Trifle1765says. ""Is this normal?""

SebaElite1975on Steam also seems like they missed the memo and went to the forums to demand some answers. ""MAKE A VIDEO HOW TO KILL A GOOSE,"" they write. ""I DONT WANT LETTERS I WANT A VIDEO. IT'S IMPOSSIBLE TO KILL HIM.""

Keep up to date with the most important stories and the best deals, as picked by the PC Gamer team.

""It's red and attacks me,"" is all Steam userTarobunsays in their ""keep dying to goose pls help"" thread. Everyone in the replies urges them to simply pick it up and throw it into the water, or, alternatively, stun the goose and run away. Tarobun posted on Monday and never responded, so I can only assume we lost another good soldier in this brutal war.

Untitled Goose Gamewas a warning and Where Winds Meet is the punishment for not heeding it. Geese are far more powerful than they look and can't be defeated through normal means. If you're planning on logging into the MMO soon, watch out. In the wise words of Reddit userVeryZok: ""He's a god, not a goose, respect him.""","Wed, 19 Nov 2025 21:36:23 +0000",2025-11-20T06:48:28.507019,"{""source_name"": ""PCGamer"", ""via"": ""rss""}"
https://www.pcgamer.com/games/after-krafton-denied-its-ceo-consulted-with-chatgpt-on-the-subnautica-2-mess-krafton-ceo-says-he-consulted-with-chatgpt-on-the-subnautica-2-mess/,www.pcgamer.com,"After Krafton denied its CEO consulted with ChatGPT on the Subnautica 2 mess, Krafton CEO says he consulted with ChatGPT on the Subnautica 2 mess","The legal dispute between Krafton and the former top dogs atSubnautica 2developer Unknown Worlds is now at the point where the lawyers are fully in control, sifting through the sands of everything everyone's said and done over the past decade or so in search of the Ace Attorney bomb that will blow things wide open. It's something of a drag, to be honest—a lot of he said/she said—but one interestingly odd bit did emerge from the smoke. Krafton CEO Changham Kim reportedlyasked ChatGPT to help him figure out how to avoid paying the Subnautica 2 earnouthe'd agreed to when acquiring Unknown Worlds.

When asked yesterday whether that claim was accurate, Krafton denied it and described the allegation as a ""distraction from [the former Unknown Worlds heads] own efforts to destroy evidence."" Court transcripts released today reveal something of a different story, however.

""I started discussing this matter with various teams within the company to find—to figure out what we could do,"" Kim testified in his deposition (via translator) when asked what he did when he discovered that Subnautica designer and director Charlie Cleveland and Unknown Worlds co-founder Max McGuire weren't directly involved in the development of Subnautica 2.

""So I talked to the legal team, the finance team, and the corporate team and the PR, all these various teams, and I also actually searched on ChatGPT to get faster answers to figure out what kind of rights we have.""

When asked why he would consult with ChatGPT on a matter like this, Kim said, ""I think, just like everyone else, I am using ChatGPT to get faster answers or responses, just like Google search.""

During cross-examination, lawyers for the former Unknown Worlds principals also point out that in a June 2 message sent to Krafton head of corporate development Maria Park, Kim included a ChatGPT link, and subsequently referenced the chatbot's advice directly: ""Now, ChatGPT [is] start[ing] to answer that it is difficult to cancel the earn-out,"" Kim told Park in June. ""If so, this is a contract under which we can only be dragged around.""

The lawyers also point out that while that particular ChatGPT conversation was subsequently deleted, as was one about a ""no-deal scenario"" with the studio, others from around the same time still exist. On redirect, Kim said he deleted those queries because ""what I learned is that—from OpenAI, is that if you use certain important information concerning your company, then that type of information can be used by OpenAI for learning purposes.""

Keep up to date with the most important stories and the best deals, as picked by the PC Gamer team.

It's all rather messy: Kim, who acknowledged making ""dozens"" of ChatGPT inquiries every day regarding general business at Krafton, said he was merely using it to research his options, as he would with any other search engine. And that's maybe to be expected, given Krafton's embrace of AI: In October, the company announced an ""AI-first strategy,"" which Kim said at the time will help it ""lead AI innovation across the gaming industry."" The company also plans to spend $70 million on a GPU cluster to ""support multi-stage tasks requiring sophisticated reasoning and iterative planning [and] serve as the foundation for accelerating the implementation of agentic AI.""

But with hundreds of millions of dollars at stake, not to mention the future of one of Krafton's potentially most lucrative games, I would think that shareholders would expect more from their CEO than just kickin' it around with a chatbot. The deletion of inquiries related to Unknown Worlds also casts a pall on things: Kim said he simply ""deleted those things that included [the] company's confidential information,"" but coupled with yesterday's flat-out denial of any ChatGPT usage regarding the matter, it all starts to look rather shaky.

I've reached out to Krafton for comment and will update if I receive a reply.","Wed, 19 Nov 2025 21:32:47 +0000",2025-11-20T06:48:30.974523,"{""source_name"": ""PCGamer"", ""via"": ""rss""}"
https://www.pcgamer.com/games/roguelike/a-year-after-gearbox-released-risk-of-rain-2-dlc-so-broken-the-developer-admitted-it-put-the-game-in-a-really-bad-place-its-finally-got-a-win-the-new-dlcs-96-percent-positive-reviews-have-blasted-it-up-steams-top-sellers-chart/,www.pcgamer.com,"A year after Gearbox released Risk of Rain 2 DLC so broken the developer admitted it put the game 'in a really bad place,' it's finally got a win: the new DLC's 96% positive reviews have blasted it up Steam's top sellers chart","Risk of Rain 2: Alloyed Collective, a new DLC for the ultimate numbers-go-up roguelike, launched on Steam yesterday to something new for Gearbox since it took over the game: Player acclaim.

After taking over development duties from original indie developer Hopoo Games last year, Gearboxstepped in it pretty hard, releasing DLC so bad that it broke the game even for players who hadn't purchased it. The fact that it cost $15 didn't help, and most players at the time were mourning Hopoo's exit and what they saw as a naked attempt to cash in. Things are going a bit better this time.

While also costing $15—nearly two-thirds the price of the base game—Alloyed Collectiveadds a whole lot to the game, including two new characters, seven stages with new music tracks, and a new final boss. More importantly, it doesn't seem to be breaking fundamental game systems like physics and how damage is calculated. The reviews are overwhelmingly positive, at least among folks who've bought the DLC.

The Risk of Rain 2 Steam forums have not been so generous, with reactions like ""Gearbox slop"" and complaints that the DLC isn't free all over the place. That's apparently hater central, while the subreddit, surprisingly,is loving it.

If there's any whisper of controversy with Alloyed Collective, it's a change to Risk of Rain 2's drones, which are little repairable bots you can find scattered around stages that will follow you and lend some firepower. The DLC adds seven new drone types, while a patch to the base game is simultaneously reworking drone AI to make them smarter while nerfing an item that once made drones far more powerful.

""Spare Drone Parts (SDP) was initially balanced around the fact that drones used to be pretty ineffective combat allies—even so SDP was considered to be one of the strongest items in the game,"" Gearbox says in the patch notes. ""With the new drones, increased drone acquisition and new drone AI in DLC3, SDP would essentially play the game for you and almost always guarantee a (pretty boring) win, so we have decided to reduce its effectiveness by 50%.""

It sounds like a pretty reasonable change, but it's a bit awkward that players who don't buy the DLC will experience the rebalancing without access to those seven new (and presumably more powerful than the base game's) drone variants. Gearbox knows the tweak might be a bit controversial, though, noting that it will ""keep a close eye on community feedback and sentiment regarding this change.""

Keep up to date with the most important stories and the best deals, as picked by the PC Gamer team.

One other tweak to drones sounds quite cool for everyone, though: a new ""remote operation"" feature that allows any player who's died in a multiplayer session to take control of a drone until their friends have finished the level. I love to feel like I'm helping, even when I'm not!

As the Steam forums' sourest pusses have pointed out, there's no launch discount for Alloyed Collective, but it's an easy add to my wishlist for a future Steam sale. I just hope myRisk of Rain 2 Goku modgets updated to support the latest build.","Wed, 19 Nov 2025 21:29:50 +0000",2025-11-20T06:48:33.587386,"{""source_name"": ""PCGamer"", ""via"": ""rss""}"
https://www.pcgamer.com/games/action/peter-jacksons-king-kong-the-official-game-of-the-movie-modder-just-released-a-fan-patch-for-peter-jacksons-king-kong-the-official-game-of-the-movie-to-celebrate-the-20th-anniversary-of-peter-jacksons-king-kong-the-official-game-of-the-movie/,www.pcgamer.com,Peter Jackson's King Kong: The Official Game of the Movie modder just released a fan patch for Peter Jackson's King Kong: The Official Game of the Movie to celebrate the 20th anniversary of Peter Jackson's King Kong: The Official Game of the Movie,"On January 17, 2025, Update v33.20 brought King Kong to Fortnite as an Epic outfit that players could purchase for 1,500 V-Bucks. But while the dizzying pace of our contemporary culture might make it hard to remember, King Kong existed in media long before he could hit the Griddy or kill Sabrina Carpenter for sport. That big, beautiful ape has graced decades of treasured art—art like Peter Jackson's King Kong: The Official Game of the Movie, which just received a fan patch to celebrate the 20th anniversary of its 2005 launch.

The 2000s were a time of social, political, and cultural transfiguration: The global paradigm was reeling beneath the impact of 9/11 and the United States' ensuing War on Terror, the internet was ascending as the universal medium of informational and commercial exchange, and everywhere people wondered: How would director Peter Jackson follow his success on The Lord of the Rings?

The answer, of course, was ""with a very large gorilla."" Jackson's three hour and seven minutes-long King Kong remake released in December 2005, and eventually grossed $556 million worldwide. Its true achievement, however, was in paving the way forUbisoftMontpelier's videogame adaptation, Peter Jackson's King Kong: The Official Game of the Movie—a game that, despite its very silly name, was actually pretty good!

While Peter Jackson's King Kong: The Official Game of the Movie's lasting reputation has been sullied by the miserable DS port, the version that launched on PC and consoles was surprisingly fun in an era of middling movie-licensed releases, shifting perspective between shooting and throwing spears at raptors in first person and Kong's third person kaiju combat action sequences. Sadly, as with many aging PC games, Peter Jackson's King Kong: The Official Game of the Movie didn't receive the years of ongoing official support necessary to keep it playable on current hardware.

But Peter Jackson's King Kong: The Official Game of the Movie hasn't been entirely abandoned. Earlier this week, modder Sergey P. released a new version of hisWidescreen Fixmod, which celebrates the 20th anniversary of Peter Jackson's King Kong: The Official Game of the Movie by fixing display issues, crashes, and input implementations that would otherwise rob us of our Kong quality time.

Getting Peter Jackson's King Kong: The Official Game of the Movie on your PC in the first place, however, isn't exactly straightforward. It's not on Steam or Ubisoft's own store, and acquiring it throughalternate methodsmeans either navigating around the Signature Edition's outdated, machine-melting StarForce DRM protection or doingsome additional workto get the Gamer's Edition running.

But if you're willing to put in the effort for Peter Jackson's King Kong: The Official Game of the Movie, Sergey P.'s modding work will let you enjoy Peter Jackson's King Kong: The Official Game of the Movie like Peter Jackson's King Kong: The Official Game of the Movie deserves.

Keep up to date with the most important stories and the best deals, as picked by the PC Gamer team.","Wed, 19 Nov 2025 21:23:13 +0000",2025-11-20T06:48:36.049914,"{""source_name"": ""PCGamer"", ""via"": ""rss""}"
https://www.pcgamer.com/games/life-sim/like-going-to-the-office-in-animal-crossing-my-most-productive-work-from-home-experience-this-year-was-spending-all-day-online-in-this-virtual-co-working-game/,www.pcgamer.com,Like going to the office in Animal Crossing: my most productive work-from-home experience this year was spending all day online in this virtual co-working game,"Some people have a great fondness for working in an office. I am not one of them; I consider normalizing work from home the only silver lining of Covid-19. When the pandemic initially sent entire corporate industries home, there was a flurry of experimentation in using games not just as hangout spaces, but online meeting rooms too. Some people even had meetings in Red Dead Online.

That energy for makeshift avatar office culture didn't really last, and I've felt a lingering loneliness in working from home even though I prefer it to a commute. Trends likebody-doublinghaven't caught my interest, but what has grabbed me by the throat and not let go is an adorable ""cozy multiplayer productivity game"" calledOn-Togetherthat's made my work week 100% more socialandmore productive.

Imagine turning Animal Crossing into a coworking space—that's basically On-Together. It's unabashedly cozy game-core with chibi avatars, a pastel color palette, and little minigames like fishing and basketball. You can host or join a session with up to 16 players on its open world island map stuffed with cute study spots to share with friends and coworkers. Snag a table in the open-air library or a picnic table or a corner of a cafe and go into ""focus mode"" to make your character write, draw, read, game, listen to music; there are all sorts of cute little animations that may reflect what you're working on at your real-life desk for the day.

On-Together also has a suite of productivity tools: a to-do list, task-planner, journal with a mood tracker, and aPomodoro Techniquetimer—a time management method of 25 minute task sprints broken up by short breaks—that more grindset-minded work-from-home champs than me are already well-versed in. I've never been a Pomodoro person but On-Together makes it so dang catchy to get into.

Everyone's avatar shows their current timer countdown over their head, indicating whether they're on break time or focus time. The overlay automatically flows through focus and break sessions with customizable audio cues telling you when to switch modes. Every day for a week I've logged on to sit at a digital desk with my pals, syncing up our Pomodoro timers so we can take little breaks to fish and shoot hoops before getting back to work. Somehow being in an online chat room with my friends is the least distracted I've been during my workday in months.

The catchiest part of On-Together is its different display modes. You can snap a reduced view to the side or bottom of your screen or minimize the game so that all you can see is you and your table of friends working together in the corner of your monitor. In a year whendesktop pets are so back, I'm now obsessed with turning my friends into my little taskbar companions instead of hanging out withBongo Cat.

Anyone working corporate probably already has enterprise task-management tools they're required to use (Jira, Asana, Trello, etc) which On-Together can't replace, but no amount of Slack messaging, Google Meet-ing, or Microsoft Teaming can flip the switch in my little monkey brain that says I'm actually near another person the way that On-Together has. There's something about the accountability of knowing my pals are there with me that keeps me on task better than Pomodoro-ing solo ever could.

Keep up to date with the most important stories and the best deals, as picked by the PC Gamer team.

""On-Together was our reaction to the culture we grew up with,"" co-developer and character artist Ilgın Saçan tells me. She describes growing up with online chatrooms as a kid of the early 2000s, socializing with people around the world in online playgrounds. It does feel like On-Together is the 'grownup with a job' equivalent of logging on to Guild Wars every night as a teen just to hang around in the hub cities chatting with my friends.

""At the time, I didn’t think of it as intentional, but I was definitely doing a kind of online body-doubling,"" Saçan says of managing her own work-from-home productivity prior to developing On-Together. ""I’d open The Sims not for the gameplay, but for the atmosphere. I’d build a peaceful backyard or a bright little office, then leave my Sim swimming or typing while I worked on my own tasks. Watching my avatar move around gave me this quiet sense of company, like someone else was sharing the space with me.""

Saçan doesn't seem to miss office life any more than I do, lamenting the mental and logistical demands of going and sitting at your assigned desk. ""Being aligned in mindset and intention can exist anywhere without physical boundaries,"" she says. ""Not every work-from-home situation has to feel like a battle against loneliness.""

I'm pretty well suited mentally for the work-from-home life, but even I've found a lot of extra joy in the socializing that On-Together has given me. I'd never have poked a coworker in their Slack DMs just to natter before. On-Together has given me that little online watercooler space to trade bants and ask about everyone's day in our quick little break sessions while also keeping my mind away from all the other little online distractions that normally chip into my workday. A 5 minute TikTok break easily turns into 10, but a little hoops with my colleagues between Pomodoros means we all get back to work (mostly) on time.

On-Together is available asa free demo on Steamright now and its full release will have a bunch of new character customization to unlock and more cute little group areas around the island to work in. The developers GigaPuff have just announced the release date for January 19, which is perfect timing for all my 2026 productivity goals.","Wed, 19 Nov 2025 20:22:50 +0000",2025-11-20T06:48:38.138946,"{""source_name"": ""PCGamer"", ""via"": ""rss""}"
https://www.pcgamer.com/movies-tv/sure-why-not-the-next-videogame-movie-will-adapt-friendship-ending-indie-chained-together/,www.pcgamer.com,"Sure, why not: The next videogame movie will adapt friendship-ending indie Chained Together","I have a feeling that someone, somewhere is trying to get every ounce of value they can out of a prop rental for a set of four comically oversized manacles. That's the only explanation I've landed on for whyChained Together, an ultra-hard co-op platformer about four characters being, well, chained together, is getting a film adaptation. Yet, here we are.

The film, as reported byDeadline, is being developed by Anton, the production group behind the 2020 filmGreenland, and writers Cory Todd Hughes and Adrian Speckert. Hughes and Speckert don't have any screenplays about being chained together a la Chained Together on their resumes yet, but they have worked on another videogame adaptation: the upcomingFinding Frankiefilm, the source material for which looks to be one of those not-quite-Five Nights at Freddy's-type games littered about Steam.

It's an odd choice for an adaptation. Chained Together doesn't strike me as a narratively inclined game, but then again, neither doMinecraft,Outrun, orRampage. It has felt for a while now that being based on videogames is the entire point of these films, and whether a given game lends itself to film as a medium is tertiary. It seems to be an effective strategy, as some of these films have certainlyproven lucrativein recent years.

A joint statement from Speckert and Hughes reads: ""We believe there’s an endless amount of fun to be had with the premise. The game’s collaborative nature, the dependency between players chained together, creates a unique foundation for cinematic storytelling.""

It's refreshing to see a quirky indie cut one of these deals instead of a decades-old behemoth like The Legend of Zelda or Sonic the Hedgehog. Maybe this all ends with Dwayne Johnson and Kevin Hart quipping about each other's height as they dodge globs of CGI lava, but inan industry as hellish as this one, I'm not going to begrudge anyone their movie deal as long as it doesn't inspirebouts of mob violence. After all, Chained Together was alwaysa spectacleat heart.

Keep up to date with the most important stories and the best deals, as picked by the PC Gamer team.","Wed, 19 Nov 2025 20:13:26 +0000",2025-11-20T06:48:39.964114,"{""source_name"": ""PCGamer"", ""via"": ""rss""}"
https://www.polygon.com/kirby-air-riders-unlock-all-machines-vehicles-legendary/,www.polygon.com,How to unlock all machines in Kirby Air Riders,"Kirby Air Ridershas a bunch of differentmachinesfor the characters to ride, all with their own quirks and strengths. You'll only start with a few at the beginning, but you can unlock more just by playing the game.

There are three machines available at default: Warp Star, Wagon Star, and Winged Star. There are also two machines that are unlocked, but not usable in normal game modes: Flight Warp Star and Compact Star, the former limited to just free run and the latter being your starting vehicle in City Trial.

There are two ways to unlock machines. You can buy most of them from the Miles Shop and you can also earn them from the checklist achievement list. You only need to use one method to unlock the machine for use, but if you want to customize your vehicles, you'll want to grab multiple of them.

Below we explainhow to unlock all the machines inKirby Air Riders, including the legendary air ride machines.

Below, we list the cost in miles that you can buy each machine for, as well as the checklist unlock methods you can use to get these vehicles. Note that some of the checkboxes require you to complete specific courses or Stadiums, which we've also listed in the respective box.

If you're looking to find details about the legendary air ride machines, we've broken them into a separate section, not only because they work differently, but because there are some major story spoilers. Scroll down below the following table for more information about them.

Machine

Miles cost

Unlock requirement #1

Unlock requirement #2

Unlock requirement #3

Battle Chariot

9,700 m

(Top Ride) Hit 2 riders at once with a Sensor Bomb

-

-

Bulk Star

5,200 m

(Air Ride - Steamgust Forge) Break 3 pieces of cargo on the conveyor belts in a single race

(City Trial) Use 8 attack items in a single race

-

Bull Tank

10,800 m

(City Trial - Dustup Derby) Win without being defeated at all

-

-

Chariot

4,500 m

(Air Ride - Airtopia Ruins, Laps) Finish within 3:00.00

(Top Ride - Flow) Finish within 1:00.00

-

Formula Star

14,400 m

(Air Ride - Galactic Nova, Laps) Finish without touching the energy columns around Nova's core

(Top Ride) Finish without crashing into walls

-

Hop Star

6,900 m

(Air Ride - Checker Knights) Fly over the wall to the road that leads to the castle

(Road Trip) Jump 10 times during Top Ride challenges

-

Jet Star

6,600 m

(City Trial) Stray too far from Skyah's edges and get struck by lightning

(Road Trip) Ride a total of 5,469 yd during Stadium challenges

-

Paper Star

5,700 m

(Air Ride - Crystalline Fissure) Glide continuously for 3 sec. without landing

(City Trial - Air Glider) Fly a distance of 547 yd

-

Rex Wheelie

8,800 m

(Air Ride - Waveflow Waters) Defeat 20 enemies in a single race

(Road Trip) Defeat 3 enemies with star-shaped projectiles in a single challenge

-

Rocket Star

10,500 m

(City Trial) Swap to vacant machines 30 times

(Road Trip) Ride for 180 sec. during a Top Ride challenge

-

Shadow Star

4,150 m

(Top Ride - Flower) Copy enemy abilities 2 times in a single race

(City Trial) Ride grind rails around the entire island once in a single match

-

Slick Star

6,000 m

(Air Ride) Defeat 3 enemies by spitting out stars in a single race

(City Trial - Drag Race 1) Finish within 0:35.00

(Road Trip) Clear a Race challenge 10 times

Swerve Star

7,770 m

(Top Ride - Cyber) Win with at least 3 sec. between you and 2nd place

(Road Trip) Clear a Race challenge 10 times

-

Tank Star

6,250 m

(Top Ride - Steam) Go through the hidden passage and finish within 0:55.00

(Road Trip) Perform perfect landings 2 times in an Air Ride challenge

-

Transform Star

7,250 m

(Air Ride - Cyberion Highway) Use a switch to make a platform appear 2 times in a single race

(Top Ride - Crystal) Complete a lap after going through all crystal dash zones

-

Turbo Star

12,500 m

(City Trial) Soar 110 yd up into the air and fly above the garden in the sky

(Road Trip) Clear Stadium challenges 3 times

-

Vampire Star

8,400 m

(Road Trip) Defeat 15 kinds of enemies

-

-

Wagon Star

3,600 m

(Air Ride - Cavernous Corners, Time) Complete a lap within 1:50.00

(Road Trip) Enter the shop 15 times

-

Warp Star

3,200 m

(Air Ride - Nebula Belt, Laps) Finish in 1st place

(Top Ride) Finish after getting 10 different kinds of items

-

Wheelie Bike

3,050 m

(City Trial) Swap to 3 different kinds of machines in a single match

(Road Trip) Clear City Trial challenges 3 times

-

Wheelie Scooter

2,800 m

(Air Ride - Floria Fields, Laps) Finish in 1st place

(Top Ride - Flow) Finish a lap without crashing into walls more than 3 times

-

Winged Star

3,800 m

(City Trial) Touch the underside of the garden in the sky

(Road Trip) Swap machines a total of 30 times

-

So, legendary air ride machines have some quirks. You can't race with them in the regular modes, only in the ""free run"" versions of the maps where you can time your laps. Youcanget them in City Trial, though you'll need to find all three pieces of the respective machine to actually use it in that round.

There aretwo new legendary machinesinKirby Air Riders:GigantesandLeo. Dragoon and Hydra (the machines that were in the original game) are available right away, but if you want the two new ones, you'll need to play the Road Trip game mode:

Once you meet each of those requirements, the pieces for those legendary machines will start appearing in your City Trial runs.

Gigantes, given how huge the machine is, can't be ridden in free run modes (at least we didn't find a way to), but the rest of them can be unlocked for free run by completing the following checkboxes in City Trial:

Machine

Unlock #1

Unlock #2

Unlock #3

Dragoon

Collect a total of 20 legendary-machine parts

Swap to vacant machines 100 times

Play 16 different kinds of Stadium contests

Hydra

Experience all field events

Power up all your machine's stats to at least 12 in a single match

Touch down on all of the floating isles that appear around Skyah

Leo

Ride on Leo's back

-

-","Thu, 20 Nov 2025 05:01:15 GMT",2025-11-20T06:48:45.541737,"{""source_name"": ""Polygon"", ""via"": ""rss""}"
https://www.polygon.com/kirby-air-riders-character-list-unlock-all-colors-requirements/,www.polygon.com,How to unlock every character in Kirby Air Riders,"Yes, yes, you need to unlock Rick immediately

Kirby Air Ridershas21 playable characters, with most of them also havingalternate colorsthat you'll unlock as you complete goals off of the game's massive checklists. You'll need to check the boxes from the four main game modes (Air Ride, Top Ride, City Trial, and Road Trip) in order to unlock every character and color.

There are four default characters: Kirby, Waddle Dee, King Dedede, and Meta Knight. You'll notice their silhouette in the checklists even though they're default, as these will actually unlockalternate colorsfor the characters. The other unlockable riders function the same way. The first time you unlock one of their squares, you'll get the character, and whichever square you unlock after will be alternate colors. Once you unlock the character or color, they'll be playable in every game mode, not just the one you completed the checkbox in.

The riders have specific tasks you'll have to do to unlock them or their alternate colors, so pay attention to the checklist board (or our list below) to see exactly what you have to do to unlock your coveted character.

Below you can see thelist of all unlock requirements for each characterinKirby Air Riders.

[Ed. note:There are minor spoilers (the name of a character that was not revealed pre-launch) below.]

Note that some characters can only be unlocked in specific race courses with certain settings or in specific stadiums. We've detailed that below. Note that some characters don't have as many alternate colors as others.

Character

Unlock requirement #1

Unlock requirement #2

Unlock requirement #3

Bandana Waddle Dee

(City Trial) Destroy 2 boxes within 30 sec. of the start of the match

(Road Trip) Clear Top Ride challenges a total of 3 times

-

Cappy

(Top Ride - Flower) Complete a lap within 0:30.00 with Warp Star

(City Trial) Clear without getting any power-down items

-

Chef Kawasaki

(Air Ride - Mount Amberfalls) Eat the onigiri from the teahouse

(Road Trip) Clear Air Ride challenges a total of 3 times

-

Daroach

(Air Ride) Find and defeat the special enemy, Gemaine

(Top Ride) Win after lapping 1 other rider

-

Gooey

(Top Ride - Air) Win after getting swept up in the tornado 3 times

(City Trial - Skydive 1) Get 2,000 points in a single match

-

King Dedede

(Air Ride) Win with course, rider, and machine selections set to random.

(City Trial - Gourmet Race) Get 80 points in a single match

-

Kirby

(Air Ride) Finish without crashing into any walls

(Top Ride - Flower) Win without getting any Copy Abilities in a single race

(City Trial - Big Battle 2) Defeat a rider while shrunken

Knuckle Joe

(City Trial) Steal a machine that another rider is actively riding

(Road Trip) Power up all stats to 1 or higher

-

Lololo & Lalala

(Air Ride - Crystalline Fissure, Laps) Finish within 3:30.00

(Road Trip) Defeat 10 riders that are riding on star-type machines

-

Magolor

(Top Ride) Send the same rider flying 2 times with the Drill Driver.

(City Trial) Enter all secret rooms

-

Marx

(Air Ride - Free Run) Complete an entire lap without dropping below 19 mph

(Road Trip) Spend 300,000 Road Miles

-

Meta Knight

(Air Ride - Nova Belt, Laps) Finish a lap without crashing into walls more than 2 times.

(Top Ride - Nova) Complete a lap without attacking another rider

-

Noir Dedede

(Road Trip) Defeat the true boss in Road Trip and watch the ending

-

-

Rick

(Top Ride - Mountain) Win with at least 5 sec. between you and 2nd place

(Road Trip) Enter the shop 3 times

-

Rocky

(Top Ride) Use a total of 30 items

(Road Trip) Open a treasure chest on the road

-

Scarfy

(Air Ride - Waveflow Waters) Defeat an enemy Scarfy without making it mad

(City Trial) Destroy a rider's machine within the first 60 sec.

-

Starman

(Top Ride - Crystal) Complete 4 laps in the lead position

(City Trial) Fall for 6 sec. after only Boosting once

-

Susie

(Air Ride) Perform a perfect landing 5 times in a single race

(Road Trip) Hit 3 enemies with a single attack.

-

Taranza

(Air Ride - Beanstalk Park, Time) Ride for a total of 5,489 yd

(City Trial) Win a Short Race

-

Waddle Dee

(City Trial) Defeat 30 riders during City Trial challenges

-

-

Waddle Doo

(Air Ride - Floria Fields, Laps) Finish without crashing into any enemies

(Top Ride) Hit a rider with a Course Quaker

-","Thu, 20 Nov 2025 05:01:15 GMT",2025-11-20T06:48:48.143322,"{""source_name"": ""Polygon"", ""via"": ""rss""}"
https://www.polygon.com/kirby-air-riders-beginners-tips-tricks-city-trial-road-trip/,www.polygon.com,12 Kirby Air Riders beginner's tips to help you get started,"Kirby Air Ridersis an extremely unique racing game, as the meat of the game isn't its actual racing game mode, but the City Trial mode that shoves you onto a huge island to collect buffs and items before you have to complete a minigame challenge. This game is chaotic, as your vehicles (called ""machines"") can get fast and out of control very quickly — but that's part of the charm.

For those who haven't played the original GameCube title, the wild controls and chaos may come as a shock, but don't worry, we're here to help. Below, we list some beginner's tips forKirby Air Ridersthat should be useful to both new players and veterans who played the original game.

If you come across a machine in the new story-based Road Trip mode, grab it. You'll need the full set of 22 in order to unlock a ton of different features, and if you pass on a vehicle, you'll be able to grab it in the new game plus. However, you may have to replay Road Trip afew timesif you don't pick them up as you see them, since some machines only appear in certain branched paths.

Everything is different from the original game. The trusty ol' Shadow Star isn't the best machine anymore, so you should definitely try giving each vehicle a spin before you decide on your favorite. As expected, some are better than others when it comes to racing, gliding, or beating up your enemies, so you'll want to be an expert on what's the best to pick.

With the above being said, this gamehandles and playsa little bit differently than the originalKirby Air Ride, so it's worth playing through some lessons and getting a feel for the gameplay. The Road Trip mode is also great for learning some basics, since you'll be tasked with completing such a variation of stadiums and tracks.

There are so many settings to fiddle around with in this game to make your experience more comfortable. If you have trouble with motion sickness, then you can add a reticle or a frame around the screen to help with that. You can remap your buttons (all two of them!). You can turn on motion controls! You can customize what shows up on your HUD. It's very customizable and worth fiddling around with.

For reference, I usually get motion sick from games, though the originalKirby Air Ridedidn't make me feel queasy. This game started to alittlebit, but once I turned on the reticle in the center of the screen, all that queasiness went away. Nice!

See a bomb in Road Trip? Run into it. Got a field full of trees in City Trial? Smash into all of them. There are typically checklist achievements behind all of these types of interactions, so you'll definitely want to do every wacky thing you can.

Sometimes some ominous text will show up on the screen during your City Trial run, giving you a hint to what the Stadium at the end could be, but sometimes... it's a scam! Keep your eye out for typos or trickster-y text here, as those types of announcements will belies.

If you can feel an opponent riding your star trail about to pass you, spin on them to dish out damage and push them away. Dealing damage will give you a little boost, too.

In City Trial, you'll want to specifically keep your eye out for these regal rare boxes, which will get pointed out to you by a golden box marker on your map. They often have a ton of buffing items and even a legendary air ride piece, too, if you're lucky.

Various characters (and alternate colors) are locked behind checklists for the various game modes. Almost every character has at least two unlock methods, so you can ignore some of the game modes, if you're not a stickler for completion. For example, if you want to unlock Star Man, you'll need to complete a specific checkbox in either Top Ride or City Trial. Completing the second of the two achievements will unlock Star Man's alternate color scheme.

There's also specific City Trial Stadiums locked behind checkboxes for Road Trip, so make sure to complete that story multiple times, too.

If you're trying to go for a specific checkbox, like beating a specific City Trial Stadium with a specific vehicle or racing on a specific map, press the Plus button while on the respective checkbox. This will automatically take you to the game mode you need to be in, with the required settings (if there are any) set up.

Notably, for checkboxes that require a specific Stadium to be played, youcanjust play the Stadium itself and skip the city portion of the City Trial. However, you will have to do the Stadium with no buffs, so some challenges may be too hard to do this with just the unbuffed vehicle.

You might be tempted to make an ultimate race machine, loading your vehicle up with speed-based stats, but being the fastest isn't always the best. A lot of the Stadium challenges get a bit harder if your vehicle is too fast, especially if you have to aim at specific targets, whether it's pushing down buttons in an area, or flying through hoops.

After your special ability gauge fills up, it'll sit for a second, and then begin to deplete, whether you choose to use it or not. If you're in a good place to blast past some enemies or release a powerful attack, you should definitely use it before it's too late. There are times when it may not be ideal to speed off, so consider carefully before you press Y.","Thu, 20 Nov 2025 05:01:15 GMT",2025-11-20T06:48:50.832777,"{""source_name"": ""Polygon"", ""via"": ""rss""}"
https://www.polygon.com/map/call-of-duty-black-ops-7-blops-multiplayer-interactive-maps/,www.polygon.com,Black Ops 7 interactive maps for multiplayer,"Struggling to learn your way around all theBlack Ops 7multiplayer maps? Even though the game has gone back to athree-lane map design philosophy, and as outlined in ourBlack Ops 7multiplayer review, the maps this time around are actually very good. Learning new maps can be a pain — especially when you consider where various objectives will be in any given mode, such as bomb sites in Search & Destroy or flags in Domination.

So we're here to help, withinteractive maps for everyBlack Ops 7multiplayer map, showing everything you could possibly need, including all objective locations. Scroll through to see all of the maps in the game, and if you're looking for either ourZombies maporEndgame map, we have those covered too.","Wed, 19 Nov 2025 22:27:42 GMT",2025-11-20T06:48:53.592763,"{""source_name"": ""Polygon"", ""via"": ""rss""}"
https://www.polygon.com/video/chloe-kim-pokemon-team/,www.polygon.com,Champion snowboarder Chloe Kim reveals the Pokémon she'd put on every team,"At a recent Nintendo event, Kim said she grew up playing Nintendo games on her DS.","Wed, 19 Nov 2025 21:30:14 GMT",2025-11-20T06:48:56.370875,"{""source_name"": ""Polygon"", ""via"": ""rss""}"
https://www.polygon.com/the-mighty-nein-canon-prime-video-campaign-2-critical-role/,www.polygon.com,Does The Mighty Nein have a Star Wars problem?,"The first three episodes ofCritical Role’s newest animated fantasy adventureThe Mighty Nein, are finally here, and with it comes a new spin on the 100+ hours of the multimedia corporation’s second actual playDungeons & Dragonscampaign. After watching the entire first season, it quickly became obvious to me that its creators weren’t kidding when they said that they would be making someserious changesfrom the original campaign. These changes, however, do raise some startling comparisons to another franchise dear to my heart:Star Wars.

[Ed note.Spoilers ahead forThe Mighty Neinepisodes 1-3 and Critical Role’s Campaign 2.]

For the most part, the changes toThe Mighty Neinhave been for the better. Critical Role is well-loved for its actual play campaigns, but each episode ranges from 3-to-5 hours long — hardly the sort of thing that’seasy to adapt into an animated TV show format. To give you the neatly packed sausage version of the story, Critical Role has made some changes to the characters’ backgrounds and relationships at the start.

Beauregard Lionett (Marisha Ray) no longer starts her journey alongside Fjord Stone (Travis Willingham) and Jester Lavorre (Laura Bailey), but by herself as a Cobalt Soul monk on a quest to help Daeron (Ming Na-Wen) root out corruption in the Dwendalian Empire. Caleb Widogast (Liam O’Brien) and Nott the Brave (Sam Riegel) also no longer meet in prison, but during a robbery gone wrong. Last but not least is Mollymauk Tealeaf (Taliesin Jaffe), who seems to no longer know Yasha Nyoorin (Ashley Johnson), as established in the first episode of Campaign 2.

The result is a far more cohesive and coherent experience. You get to see these characters’ backgrounds and further appreciate the relationships they build with one another as they overcome initial distrust and differences to form a true found family. However, it does raise the question of what, going forward, is canon for fans ofThe Mighty Neincharacters. Is it the animated show, or does the actual play still reign supreme?

What throws a spanner in the works is that it’s not unusual for Critical Role to do spin-offs and one-shots with returning characters. Both Vox Machina andThe Mighty Neincharacters have appeared several times in Campaign 3 alone, and just recently, Jester and Fjord got married in a live one-shot at Radio City Music Hall. Sometimes, the cast members even play two characters at once,swapping halfway into an episode, or mix a combination of characters from different Campaigns into one party. Point is, it’s clear that these characters are far from being left behind, and will more than likely appear again in the future. It’s a tricky situation, and one that reminds me far too much of the ongoing argument between Star Wars Legends and Star Wars Canon fans.

For the uninitiated, Star Wars Legends is a collection of stories from the Star Wars Expanded Universe (EU) published between 1976 and 2012. Besides the original and the prequel Star Wars movie trilogies, this included video games, novels, comics, and TV shows. In many ways, the years between 1976 and 2012 were very much like the Wild West, with a variety of authors spinning tales with characters across multiple eras. The quality, like modern Star Wars, varied over time, but that didn’t stop fans of the era from enjoying it. In 2012, however, Star Wars creator George Lucas sold the franchise to Disney, and by 2014, the acquisition led to the rebranding of Star Wars EU stories as Legends.

These stories — outside of the original and prequel films, as well as the animatedClone Warsshow — would be separate from Star Wars Canon, which encompasses every comic, novel, TV show, video game, and film published under Disney. Despite the Star Wars reboot aiming to ensure everything was nice and consistent,severalretconshave occurred throughout this era. When you have a whole slew of creatives coming together under a corporation, the difficulty of wrangling all of it together under one consistent canon is tough. You’re bound to get some inconsistencies.

In 2025, Critical Role fans are experiencing a similar issue, but on a much smaller scale. Now, events and stories fromThe Mighty Neinworld have two different versions.

Understandably, Yasha's character seems to be the biggest change overall. Ashley Johnson couldn’t be around a lot of the time for Campaign 2 due to other commitments, which made it hard to fit Yasha in the overall narrative of the campaign. When Johnson did join full-time in episode 86, there was plenty more time to expand on her character. InThe Mighty Nein, Yasha has her own story arc that initially runs in parallel with the other characters' rather than connecting straight away. If you’re a big fan of Beau and Yasha’s romance in the campaign — we personally felt it washeartfelt, but clunky— and how it started, it’s clear thatThe Mighty Neinare taking a different approach to it. Let’s hope it pays off.

A change in character backgrounds and relationships isn’t exactly the same as rebooting a franchise, of course, and as a company that so clearly loves tabletop actual play, I doubt that Critical Role will look at their past one-shots and campaigns and consider them lesser in comparison to their animated shows. Most likely, the actual play and the TV shows will remain two separate versions of the same story, each with their own canon. That said, for fans who care deeply about the canonical lore, characters, and their relationship, things are about to get more confusing.","Wed, 19 Nov 2025 21:00:14 GMT",2025-11-20T06:48:59.148199,"{""source_name"": ""Polygon"", ""via"": ""rss""}"
https://www.polygon.com/roblox-age-verification-id-check-user-issues-child-safety/,www.polygon.com,Roblox's selfie verification is a preview of our internet future,"Roblox is in a tight spot. After years ofreports involving child predatorsonRoblox, the company faces pressure from the publicand governmentto clean up its platform. The company's solution, announced on Nov. 18, is a cumbersome age verification system that might give us a preview of what's to come — everywhere.

As detailed in a blog post, the safety initiative is bundled into two processes: a voluntary Facial Age Estimation system, and ID checks. Users can opt out of doing either, but basic features like basic text chat won't be usable until a player submits their information. Once in the system, Roblox will limit how the user can interact with other people based on their age range. Roblox fans will be limited to communication with people within their own age range, which are categorized as: under 9, 9-12, 13-15, 16-17, 18-20, or 21+. Players are able to interact with people outside their age range only if they use something Roblox calls Trusted Connections, which requires an existing real-world relationship. From here, things get a little fuzzy: Roblox says that it will enforce Trusted Connections via QR codes, but that it is still exploring more ways to ensure fans can continue interacting with people they know and trust.

The Facial Estimation system is done through the Roblox app via the user's camera, and is processed by a company called Persona. Persona's website notes that user information is deleted immediately and is not sold. Persona also handles ID checks, but the Roblox blog announcement says that the ID verification process will vary depending on local laws. Systems like ID.me typically require users to submit a picture of a government-issued ID.

Early next year, Roblox will also monitor all chat through its platform, prevent users from sharing social media links, and promises to provide more tools to block and report users. All of these precautions are well-meaning, and done to protect young users. But they are also undeniably a nuisance, especially when the systems do not work as advertised. Already, there are reports of the selfie system incorrectly assigning the wrong age to clients. Roblox users can correct such mistakes via ID verification, but having to jump through so many hoops just to use text chat is proving unpopular with the userbase at large.Some fans say they are unwilling to share sensitive information like a personal IDwith a platform like Roblox, even if the company assures its users the process is secure.

""I AM A GROWN WOMAN, AND APPARENTLY I'M 12,"" one Reddit user exclaims, after apparently using the Roblox selfie verification.

""My friend's brother, who is 14, got passed as 18+,"" another user says, ""which just shows that the platform is ruined because minors can still be in contact with adults [no] matter what they do.""

""Whoever has a baby face, plz be aware that Roblox might estimate your age lower than your real age & you have to use your ID as extra proof,"" warns X user @Stargenix19, a 20-year-old who says the system mistook them for being 13.

Roblox faces a difficult problem here. Incidents involving child predators haveincurred legal action from the government, as well as widespread criticism from users and concerned parents who feel that the platform does not adequately protect its young users. The selfie check and the various incoming measures are meant to solve that problem — but also create entirely new ones.

Roblox, however, believes systems like age verification are ""establishing what we believe will become a new industry standard."" The company believes it is paving the way forward when it comes to internet security and is encouraging others to do the same.

""We invite others in the industry to join us and follow our comprehensive approach to help make the entire online world safer for children and teens,"" the blog post reads.

Roblox has a vested interest in framing itself as a leader in online safety, given the negative reputation surrounding the platform. Regardless of the PR spin, however, Roblox is right. The wider internet is moving toward a future where our online identities are tied to our real-world bodies more than ever. This much is evident in the world of gaming and well beyond. Earlier this year,Discord implemented a similar age-verification check for some regions— which users proceeded to bypass in silly ways. In places like Australia, tech companies like Googlewill soon be required to age check their users. Apple recentlyannounced its Digital ID, which allows users to legally verify their identity through the iPhone's Wallet app. States like Illinois are rolling out digital ID initiatives. Really, it's been a long time coming. Companies like Blizzard sometimes ask usersto submit ID for various account-related actions, like password recovery.

Even putting aside the annoyance factor, users have valid reasons to be concerned if companies pushing for ID-based interaction over the internet. Even if companies like Persona promise to delete information and not sell it, that doesn't mean they can't be vulnerable to attack. For Discord, it tookless than a year for a breach of sensitive user information. Apple might tout that it cares deeply about user security, but that doesn't prevent government officials frompressuring people to open their iPhone for inspection. Airports claim that photos taken at point of entryhelp with identification and are not used for surveillance, yet theDepartment of Homeland Security also notesthat government agencies do share biometric data with each other. Biometric data has been a key tool used by law enforcement inthe nationwide ICE raids against immigrants. And there'sincreasing concern around gaming storefronts and porn sitesrequiring age verification amid a political environment that sometimes feels vindictive toward anyone who falls outside the norm.

It's difficult to predict how all of these different age-verification initiatives might go awry when they clash with the messiness of the IRL world and bad faith actors. The lack of legislation surrounding many of these technologies also prevents people from feeling secure when handing over information. It's an especially tall ask when the activity involved iswanting to play a Brainrot gamewith your friend and not, for example, hoping to get through airport security in a speedy way.

For now, Roblox users might complain and vow to take a stand against imposing measures like ID verification. But what's happening on Roblox — and Steam, Google, and elsewhere — is coming to everyone.","Wed, 19 Nov 2025 20:57:19 GMT",2025-11-20T06:49:02.070712,"{""source_name"": ""Polygon"", ""via"": ""rss""}"
https://www.polygon.com/deborah-ann-woll-tales-from-woodcreek-interview/,www.polygon.com,Deborah Ann Woll talks Tales From Woodcreek's DIY-heavy approach to D&D props,"One of the most jaw-dropping moments inTales From Woodcreek— Deborah Ann Woll’s new Dungeons & Dragons actual-play series — comes at the end of episode 2. It’s a cliffhanger that immediately cements Woll’s reputation as one of the strongest celebrity DMs working today, especially when it comes to designing physical puzzles that blur the line between tabletop role-playing and escape-room spectacle.

To learn how Woodcreek became such a tactile and terrifying D&D experience, Polygon caught up with Woll and co-creator Ed Gass-Donnelly on a group phone call to talk props, puzzles, and practical magic.

[Ed. note: Spoilers ahead for episodes 1–3 ofTales From Woodcreek.]

In the world of the show, generations ago, a witch cursed the four founding families of Woodcreek. Today, three of their descendants — played by Dungeon Dudes’ Monty Martin and Kelly McLaughlin, alongside actress Anjali Bhimani — return to unravel the curse once and for all. Woll and co-creator Ed Gass-Donnelly built the campaign around physical spaces and tactile puzzles, filming the entire eight-episode season in just four days at the historic Black Creek Pioneer Village in Toronto, Canada.

After a brief intro on the outskirts of town, the adventure begins inside a Victorian schoolhouse, where the party is tasked with recovering the witch’s spellbook. After defeating a ghastly schoolteacher and venturing through a portal into space, they finally recover the tome.

That’s when Woll pulls out a book made of what looks like gnarled bark from behind a desk. She removes a panel on the cover. Then its eye opens and begins to swivel. Jaws dropped, and at least two of the players screamed.

The reveal, one of the season’s early highlights, is the most prominent example of the show’s commitment to practical props the players can touch, lift, open, and react to in real time — or, in the case of the spellbook, talk to.

“Part of what inspired the idea for this show is that I particularly love physical props and immersive storytelling,” Woll told Polygon on a group call.

Her preference for practical puzzles isn’t about following the same trends of other big actual-play productions. It’s about building something personal that makes players move, search, investigate, and discover.

“DMs should never feel like they need to imitate someone else's style or someone else's strength,” she said. “If you play to your style and bring the things that excite you personally to your table, your players will love it.”

In addition to traditional D&D gameplay with skill checks and combat, each two-episode leg of the campaign involves exploring a new physical space and engaging in some kind of mini-game. Each location in Woodcreek is also full of physical “Secrets,” small hidden burlap bags with various handmade clues, scrolls, and artifacts that lead to the next puzzle or encounter.

After recovering the spellbook in the schoolhouse, the party investigates the Stong residence in episode 3 for artifacts that can help break the curse. There, the group is joined by Jessica Henwick (Iron Fist), who plays the long-dead ghost of River Stong.

In one of the series’ most frightening sequences yet, the party explores an upstairs bedroom in the dead of night where the undead remains of River’s “Meemaw and Peepaw” sleep (described by Woll earlier in the session as “kind of nasty”). Actual bodies appear to be in the two beds, and the scene is lit only by sparse strands of moonlight and a single lantern as the party creeps around the room, checking cupboards and under beds looking for Secrets.

This level of interactivity inTales From Woodcreekdidn’t come easily. With only three days of pre-production and four days of shooting, Woll and Gass-Donnelly had to build or revise props constantly, often into the early morning hours before they were needed on set.

“We were like a rubber band stretching to the limits that threatened to break at any given moment,” Gass-Donnelly said. “All of these props and innovations, because they were so handmade and done by such a small scrappy crew, we didn't always have time to test things out.”

Because the team didn’t have the time or resources to rehearse or stress-test every prop, they often discovered issues on the fly.

One of the series’ best behind-the-scenes stories involves a blacklight puzzle in the second episode that refused to work under actual filming conditions. The production had purchased specialty blacklight ink — expensive, finicky, temperamental — and none of it behaved the way it was supposed to.

“We bought all this fancy blacklight ink, and it didn’t work,” Gass-Donnelly said. “The thing that did work was a $1 highlighter from the dollar store.”

A $20 Amazon blacklight lantern billed as a “Lantern of Revealing” in-game picked it up perfectly. Problem solved — at 3 a.m. in the morning.

That emphasis on crafts runs throughout the show. A pseudo-Ouija board communicates for a ghost early in the adventure, which like the spellbook, was crafted by Propshop NYC.

Inspiration for props came largely from the setting, but Gass-Donnelly said once pre-production began, things evolved rapidly.

“Some fun discoveries were so last-minute,” Gass-Donnelly said. “I've got two daughters, and we'd be crafting in my kitchen just surrounded by dollar-store stuff and things I'd ordered on Amazon. And we would sort of just get inspired by something that we had in the fridge.” It was one of those nights that resulted in one of his daughters’ origami foxes appearing in an upcoming episode.

Actress Anjali Bhimani, who plays a Warlock named Vix, described how each new setting in the campaign introduced a new type of physical challenge.

“Every day felt like, ‘What fun toys do we get to play with today?’” she said. “The immersive factor of being in these old, creepy buildings, knowing that everything was practical…you wanted to lean into the fear.”

Woll calls the series “a fairy tale for adults,” and the show’s propwork leans fully into that ethos — tactile, spooky, whimsical, and just a little uncanny.

“This idea of ‘Tales From Woodcreek’ — what is that?” Woll said. “Are tales always true? Stories are things that we tell each other, that we tell ourselves. They’re the things that are passed down through generations. So what’s a reliable story and what’s not?”

The dubious nature of tales is already abundantly clear in season 1, where the animatronic spellbook has revealed the nature of the curse afflicting Woodcreek isn’t quite what the characters, or their players, expected. In other words, like in any good D&D campaign, there’s a difference between what the players have been told and the in-universe truth about Woodcreek.

For Woll and Gass-Donnelly, emphasizing the “Tales” in “Tales From Woodcreek” allows them to pursue even more stories set in the village in the future. Which is to say that a second season is already in early development, though the pair said they’ll need additional partners to make it sustainable. What won’t change? The show’s identity. “Scrappy” and “handmade” are at the core ofWoodcreek, they said, and will remain that way.

And honestly? It works. The charm ofTales From Woodcreekcomes from the unpredictability of the wobbly props and clever hacks that genuinely scare the players. It’s a D&D show built not in a studio, but in a workshop, a kitchen, and a haunted village.

Exactly where a witch’s curse belongs.

New episodes ofTales From Woodcreekdrop weekly on theDungeon Dudes YouTube channelon Fridays at 6 p.m. Eastern.","Wed, 19 Nov 2025 19:40:20 GMT",2025-11-20T06:49:04.697080,"{""source_name"": ""Polygon"", ""via"": ""rss""}"
https://www.polygon.com/arc-raiders-game-awards-snub/,www.polygon.com,"No, Arc Raiders wasn't robbed from a Game Awards' GOTY nomination","There’s no question that 2025 has been the year of multiplayer.Split Fictionwas an instant addition to the co-op canon.Battlefield 6reinvigorated interest in a once-great first-person shooter.Arc Raidershas come in hot, with the same momentum thatHelldivers 2had last year. Games likePeakandR.E.P.O.have helped popularize an emerging breed of small-scale co-op hits. Hell, even FromSoftware made apretty solid multiplayer game! All of those examples come together to formthedefining trend in video games this year.

But you wouldn’t glean that when looking through this year’s Game Awards nominees. Despite a glut of breakout hits, none of the games I’ve listed above will compete in a very competitive game of the year field. EvenSplit Fictionis out of the running despite developer Hazelight’s last co-op hit,It Takes Two, winning the grand prize just a few years ago. The lack of multiplayer representation has stirred up some hurt feelings among fans, with content creator Shroud going as far as to say the show is“rigged” due toArc Raidersfailing to receive top honors.

Does this year’s nominee listreallyreveal a jury bias against multiplayer games? Not really, but it does suggest that the bar is particularly high for ones with Game of the Year ambitions.

The idea that The Game Awards is rigged against multiplayer games is a flawed argument from the outset. It’s immediately busted by the fact thatOverwatch, a team-based shooter with no single-player content, won Game of the Year in 2016, while the co-op onlyIt Takes Twowon the same award in 2021. Those aren’t exactly outliers either.Hearthstone, Titanfall 2,PlayerUnknown’s Battlegrounds, andSuper Smash Bros. Ultimateall competed in the category throughout the 2010s.

What is true, though, is that a proper multiplayer game hasn’t been up for the award so far this decade aside fromIt Takes Two. Games with multiplayercomponentshave been included, likeAnimal Crossing: New HorizonsandDoom: Eternal, but we haven’t seen anything likePUBGcompete in a very long time. Story-driven, single-player games are undeniably in fashionamong the jury.

You could read that as proof of bias if you’re looking for dots to connect. Nominees have become narrower in recent years, with fewer games getting a shot in top categories as several obvious contenders are shuffled into every eligible field. (Compare this year’s repetitive list with 2017’s, whereNier: Automata,What Remains of Edith Finch,andCupheadlanded nominations in major categories despite missing Game of the Year.) Genre games have suffered as a result of that narrowing, with something likeStreet Fighter 6orForza Horizon 5never standing a chance, even in technical categories. It’s perhaps a symptom of how mass appeal inevitably flattens consensus once your jury is large enough.

But the reality is that multiplayer games are particularly complicated contenders. A single-player game's strengths are easier to assess; your thoughts and interpretations may change over time, but you can beat a game over a week and walk away with a firm feel for what it does well. Multiplayer games are shaped by experience and time, and those factors can wildly change what players think of a game from week to week.

Consider a moving target likeArc Raiders. If you’ve been following the buzz around the extraction shooter, you know that a lot of players are walking away from it with memorable community experiences. Tales of “friendly” players who are eager to share loot with one another rather than hoard it paints a picture of a utopian shooter that would be easy to fall in love with. But what if youdidn’texperience that? Say that your play sessions have found you logging in, trying to play the role of a friendly player, and only coming up against ultra-competitive jerks who will kill you the second they see you? You might walk away with an entirely different view ofArc Raiders.

That’s always going to make it difficult to find consensus on a multiplayer game. Sometimes, they’re only as fun as the people you’re playing them with. Would I have enjoyedAmong Usso much if I hadn’t played with close friends at a very specific moment in time? Would I still likePeakif I was consistently matched with someone who was just terrible at it and stopped me from making any progress? Any jury assessing these games needs to be able to see through moment-to-moment highs and determine whether or not those experiences are a testament to the underlying game or the strength of their friendships.

The bigger obstacle is the time factor. In our modern live-service age, multiplayer games are meant to evolve. The thing you play on day one is rarely going to be the same thing you’re playing on day 100. Sure,Arc Raidersis great out the gate, but players have only had a few weeks with it. What will its first major update look like? Will it get a controversial change that ruins the game in players’ eyes? You can’t truly know how strong a multiplayer game’s foundation is until it’s had time to marinate. Just look atElden Ring: Nightreign, which underwhelmed at launch but has since gotten robust updates that have proven FromSoftware had along-term vision.

From that perspective, it makes sense that bothOverwatchandPUBGwere once major Game of the Year contenders.Overwatchlaunchedin May 2016 andPUBGentered early access in March 2017. The Game Awards jury got significant time with each game, watching how each evolved and getting a variety of experiences to understand the depth of each. These weren’t knee-jerk nominations based on a few fun weeks of play; both of those games stood the test of time in their respective years and earned their spots.

Even then, one could argue that the jurystilldidn’t have enough time to evaluate them.Overwatchsuffered some major reputational losses down the line as Blizzard shifted resources to a sequel, slowing the pace of updates to a crawl. Its Game of the Year win has become a butt of the joke for some since 2016 who only see the win divorced from the context of the time.PUBG’s nomination has aged more questionably, as the battle royale game fell off a cliff come 2018 asFortniteproved to be the more significant variation on the formula in the long run. It doesn’t have a Game of the Year nomination to show for it, but its continued dominance in Best Ongoing Game proves that multiplayer games are slippery beasts.

So, what does it take for a multiplayer game to break through? Previous nominees tell us that it takes a generational effort whose long-term influence is immediately apparent. Even a few months into its life, players had a sense thatOverwatchwas going to usher in a new age of hero shooters.Hearthstone,a March 2014 release, felt like a groundbreaking deckbuilder on day one.PUBGinvented an entire genre that had companies racing to make quick copycats. It’s a ridiculously high bar that story-driven, single-player games don’t always have to reach. You don’t see anyone clamoring to apeDeathloop, nor do you hear its name mentioned much at all these days.

Is that a little unfair? Perhaps, but we have plenty of historical flash-in-the-pan examples that remind us why it’s important to assess multiplayer games with patience. Remember whenThe Finalswas the hot new shooter for a week? Or whenHalo Infinitewas hailed as a series-redefining return to greatness in the wake of its release? Or justFall Guys: Ultimate Knockoutin general? Had any of those games rode their breakout moments to the Game Awards hall of fame, they would have become running jokes that viewers would never let go of.

The Game Awards jury could certainly stand todiversify its choices, but it’s far from a “rigged” process. We don’t yet know if something likeArc Raidersis going to redefine shooters or fade out in a month, no matter what a hyped-up content creator says after streaming it for a few days.","Wed, 19 Nov 2025 19:30:14 GMT",2025-11-20T06:49:07.315503,"{""source_name"": ""Polygon"", ""via"": ""rss""}"
https://www.polygon.com/steam-machine-gaming-pc-shopping/,www.polygon.com,Valve's Steam Machine could remove the hassle from PC gaming,"I'm very much a console girl. Sure, I play plenty of games on PC, but I largely prefer the console experience. When a new game comes out, I don't have to worry about upgrading my PlayStation 5 or Xbox Series X. I just hit ""new game,"" and away we go.

That's part of why Valve'srecently announced PC-console hybrid, The Steam Machine, is so appealing to me. My current PC struggles to play modern games, and I'm long overdue for an upgrade. But I'm also not a huge hardware person. Steam's pre-built, all-in-one Steam Machine is a dream come true, and it's also the least-ugly gaming box on the market right now. Valve's cube is less boring than the Xbox Series X, and far more practical than the PS5's weirdly curvy can't-fit-it-anywhere design. There's even aCompanion Cube version!

The Steam Machine could also make things easier on non-tech-savvy individuals who want to buy someone a PC but don't know where to start. Little Timmy wants a gaming PC with a VR headset for his birthday? Grandma can pick up a Steam Machine and Valve's new VR headset, the Steam Frame, without worrying about which games can be accessed, or struggling to compare headset specs that read like gibberish.

There are two caveats here: We don't know how much Valve's Steam Machine, Steam Frame, or new Steam Controller will cost. We also don't know how long the Steam Machine's projected lifespan is.

Historically, consoles can't really be future-proofed — you stick with the one you have until a game you want launches exclusively on a next-gen console, then you upgrade. The Steam Machine'sSSD can be upgraded, but its GPU can't, which may frustrate some users who want a more customizable experience. Conversely, SteamOS software engineer Pierre-Loup Griffais saysthird-party Steam Machine-style hybrids may become available from other vendors, featuring different hardware that will allow consumers to choose the right SteamOS product for their needs. That opens the door to more future-proofing possibilities, but these alternative Steam Machines are still hypothetical at this point.

Cost is another factor. Would I buy a Steam Machine if it were similar to the cost of a PS5 Pro? Sure, I'd absolutely buy one for $700 to $800. Would I buy a Steam Machine if it retailed at a ""gaming PC price""? Maybe, but I'm certainly not dropping $1,200 to $2,000 on hardware that's difficult (or downright impossible) to upgrade without thinking long and hard about it first. Valve says it wants to keep the Steam Machine's price""as approachable [and] as affordable as possible,"" but we still have no idea how much it will cost.

Ultimately, Valve's new PC-console hybrid could be the best of both worlds — or the worst. Until we know more about the Steam Machine's upgradability, its price point, and whether or notHalf-Life 3will debut as a launch title, it's hard to know for sure.","Wed, 19 Nov 2025 19:00:14 GMT",2025-11-20T06:49:10.182692,"{""source_name"": ""Polygon"", ""via"": ""rss""}"
https://www.gamespot.com/articles/evercade-exp-r-tomb-raider-cartridge-bundle-retro-gaming-amazon-black-friday-deals/1100-6534530/?ftag=CAD-01-10abi2f,www.gamespot.com,Evercade Retro Handhelds & Cartridges Get Rare Price Cuts In Amazon's Black Friday Sale,"If you love retro games and physical media, you'll want to check Amazon's Black Friday deals on Blaze Entertainment'sEvercade hardware and game collections. For a limited time, theEvercade EXP-R handheldandVS-R home consoleare discounted to $105 (was $130) each. Both systems are bundled withTomb Raider I-III Collectionon cartridge.

These are the first Evercade hardware deals in the US all year. Both systems had been sold out for much of the year until Amazon replenished its inventory in September. Since Amazon is Evercade's only US retail partner, we wouldn't expect theseBlack Friday dealsto remain in stock for long. Blaze Entertainment recently launched$120 editions of the Evercade EXP-RandVS-Rthat aren't bundled with Tomb Raider, so it wouldn't be surprising if the bundles are gone for good after this sale.

Amazon also has deals onHyperMegaTech Super Pockets. A spin-off handheld series under the Blaze Entertainment umbrella, Super Pockets are themed around specific retro publishers and have a lineup of preloaded games while also supporting the Evercade cartridge library. Four of these Game Boy-esque portables are on sale for $55 (was $70) each, including the popularCapcom Super Pocketwith 12 preloaded games and theNeo Geo Super Pocketwith 14 games.

Newcomers and current Evercade/Super Pocket owners alike will also want to browse the catalog of discounted Evercade collections. We found20 Evercade cartridges on sale for $24 (was $30), but keep in mind supply for games is even more limited. The catalog of cartridge deals features some of Evercade's biggest releases, includingLegacy of Kain Collection(Blood Omen, Soul Reaver),Tomb Raider Collection 2(The Last Revelation, Chronicles),Duke Nukem Collection 1 and 2, andRoguecraft DX, an enhanced version of the incredible turn-based roguelike released on Amiga earlier this year.Duke Nukem Collection 1includes exclusive remastered versions of the first two games and Duke Nukem 3D: Total Meltdown.Duke Nukem Collection 2comes with Time to Kill, Land of the Babes, and Duke Nukem Advance. Check out the discounted Evercade cartridge collections below:

More than 75 Evercade cartridges have been released since 2020, including roughly 50console game collections,20 arcade game collections, and10 home computer carts. The table above features a nice variety of 8-bit, 16-bit, and 32-bit games across the three Evercade series.

You can take a closer look at the Evercade EXP-R handheld, VS-R home console, and the budget-friendly Super Pockets below.

TheEvercade EXP-Rhas a 4.3-inch high-resolution IPS display with an 800 x 480 aspect ratio. The 8-way D-pad on the EXP is superb, as are the face face buttons, triggers, and shoulder buttons. The ergonomics and build quality are great, but keep in mind it may not necessarily be pocketable--unless you have large pockets. The EXP-R measures 7.76 x 3.1 x 0.8 inches. For audio, it has a fairly loud stereo speaker and a 3.5mm auxiliary port for wired headphones. It comes with a USB-C cable and runs for 4-5 hours between charges. Firmware updates can be downloaded over Wi-Fi.

Two of the six face buttons are located below the D-pad for TATE mode, an alternate play style for arcade games with vertically oriented aspect ratios. There is adedicated grip for TATE modethat can be purchased separately, but it's rarely in stock at Amazon.

Though primarily a cartridge-based handheld, the Evercade EXP-R has a library of more than 10 digital games that can be unlocked via the Secret menu in settings or by pressing specific button combinations on the home screen.Evercade Info Centralhas a list of hidden games and how to unlock them.

For the most part, theEvercade VS-Ris the same system, just as a home console with multiplayer support. It connects to your TV or monitor via HDMI and displays in 1080p resolution. The VS-R has two cartridge slots and four USB controller ports.

The bundle includes one wired controller, and additionalVS-R controllersfor multiplayer are sold separately. That said, you probably already have a compatible wired controller. For wireless controller support, we'd highly recommend the8BitDo Wireless USB Adapter 2, as it unlocks wireless support for8BitDo's Bluetooth controllersas well as controllers made by Nintendo, Microsoft, Sony, and other manufacturers.

Similar to the NES, the VS-R has a front hatch that flips open to reveal the cartridge slots. The VS-R has even more hidden games than the EXP-R, but these extra titles--13 and counting--are tied to loading two specific Evercade carts at the same time.

Along with the console, controller, and Tomb Raider Collection, the bundle includes a USB power cord and an HDMI cable.

Each game in Evercade's sprawling library of classics and retro-inspired games supports save states and full button mapping. You can remap inputs on a hardware level in home menu settings or on a per-game basis. You can switch between three aspect ratios: Original, Full Screen, and Pixel Perfect. You can add scanlines to imitate the look of a CRT TV, and there are a handful of bezel options for games that don't fill the screen.

For a pocketable version of the Evercade, Blaze Entertainment's spin-off hardware brand HyperMegaTech has releasedsix different Super Pocket handheldsso far. releaseda series of handhelds called Super Pocket. These are vertically oriented handhelds with a Game Boy Pocket-inspired form factor. The Super Pocket has a 2.8-inch IPS display with a 320 x 240 aspect ratio. Each model is preloaded with games from a specific publisher and supports the Evercade cartridge library. The latest additions to the lineup,Neo GeoandData East, launched in July. The Neo Geo Super Pocket has 14 games, including classics like Fatal Fury Special and Metal Slug X. Unsurprisingly, theCapcom Editionhas been the most popular in the US. It has preloaded games, including Mega Man, Street Fighter II: Hyper Fighting, Strider, Final Fight, and 1942. The Taito Edition is also worth checking out if you love Space Invaders, Bubble Bobble, Puzzle Bobble, Space Invaders '91, and more great pick-up-and-play arcade titles.

Super Pockets by Hyper Mega Tech:

Super Pocket Handhelds at Amazon

Blaze Entertainment is launching its third miniature arcade cabinet in the US on November 28. The first two cabinets--Street FighterandMega Man--haven't been available to purchase in the US practically since launch last year. If you're interested in a cartridge-based arcade machine, it'd be wise to preorder.

The Evercade Alpha Bartop Arcade has an 8-inch display, two cartridge slots, an excellent arcade stick, and six buttons. Like the VS-R, it supports wired and wireless controllers--the8BitDo USB Adapter 2is compatible--but you're limited to two players instead of four. If you want a home arcade cabinet that doesn't take up much space, I'd highly recommend the Evercade Alpha. It's my favorite home arcade machine I own due to its premium build and versatility offered by the cartridge library. The upcomingTaito Bartop Arcadeis themed around Bubble Bobble and has 10 preloaded games.

For more gaming and tech deals, check outGameSpot's Black Friday hub.

Includes 10 preloaded games:

Sign up for GameSpot's Weekly Deals Newsletter:","Wed, 19 Nov 2025 21:20:00 -0800",2025-11-20T06:49:12.414100,"{""source_name"": ""GameSpot"", ""via"": ""rss""}"
https://www.gamespot.com/articles/meta-quest-3s-vr-headset-best-black-friday-deals/1100-6532962/?ftag=CAD-01-10abi2f,www.gamespot.com,Meta Quest 3S Black Friday Deal - Save Up To $70 And Get $50 Amazon Credit,"Amazon'sBlack Friday gaming dealsinclude the return of thebest Meta Quest 3S dealsto date. Theentry-level 128GB headset is on sale for $250and is bundled with $50 Amazon Credit. This particular Quest 3S 128GB edition is exclusive to Amazon and comes with in-game content for the popular multiplayer game Gorilla Tag. Alternatively, you can upgrade to theMeta Quest 3S 256GB Batman Bundle for $329 (was $400). This bundle includes Batman: Arkham Shadow ($50 value) and $49 Amazon Credit to use on a future purchase.

Amazon is once again price-matchingBest Buywith this deals--though Best Buy's 128GB bundle comes with The Walking Dead: Saints & Sinners ($20 value). Amazon first offered the free gift card deal last weekend in response to a Doorbuster deal at Best Buy. Those deals expired on Sunday, and while Amazon kept the price points the same, the gift card freebie was removed from the deal. If you happened to buy the Quest 3S from Amazon on November 17-18, you may want to cancel/return your order and repurchase to get the extra $50.

The Amazon-exclusive Quest 3 Cardboard Hero Bundle comes with $45 worth of in-game content for Gorilla Tag, a popular free-to-play online game starring gorillas without legs who love playing variations of tag. The content bundle comes with 1,000 Shiny Rocks (in-game currency) as well as the Handiwork Helmet and Armor.

The $50 Amazon Credit will be added to your account 30 days after your order ships, and you have until March 20, 2026 to use it.

New Quest headsets also come with a three-month free trial to Meta Horizon+. The subscription service typically costs $8/month and features a rotating library of games to play--similar to Game Pass--as well as two games to claim each month. The freebies remain in your library even if you cancel your subscription, so new Quest users are getting seven free games over the next three months. The promotional trial is only available to new subscribers.

Batman: Arkham Shadow is an impressive action-adventure game that faithfully recreates the experience of being the Caped Crusader in VR. It's exclusive to Quest 3 and 3S headsets and is one of the showpiece games on the platform.

As mentioned, the $329 price matches the all-time low. If you're wondering why the free Amazon Credit is $49--technically $49.01--it's likely due to the fact Amazon shaved an additional 99 cents off the headset's price. It would be $50 if the headset was selling for $330.

The Quest 3S is a lightweight, standalone VR headset that comes with two wireless Touch Plus controllers. It's strong enough to play a wide range of impressive VR games directly on the headset's internal hardware, including showpiece titles like Batman: Arkham Shadow, Asgard's Wrath 2, and Assassin's Creed Nexus. For VR games like Half Life: Alyx that are beyond its built-in capabilities, the Quest 3S can be synced to wirelessly to a gaming PC or with a compatible link cable. You can also cloud stream games and use the headset as a wearable projector to watch movies and TV shows.

Meta's entry-level VR headset is a modified version of the more powerful and expensiveQuest 3. Both models have 8GB RAM and use the Qualcomm Snapdragon XR2 chipset, which is a noticeable leap forward from the Quest 2. Outside of storage differences--the Quest 3 has 512GB--the internals are the same. Both versions come bundled with the wireless Touch Plus controllers, too. The Quest 3 has more advanced lenses, which results in a larger, clearer image. That said, the Quest 3S still looks great and can play the same games, and it even has slightly better battery life (2.5 hours).

For more gaming deals, check outGameSpot's Black Friday 2025 hub.

Got a news tip or want to contact us directly? Emailnews@gamespot.com","Wed, 19 Nov 2025 17:20:00 -0800",2025-11-20T06:49:14.368398,"{""source_name"": ""GameSpot"", ""via"": ""rss""}"
https://www.gamespot.com/articles/arcane-season-2-4k-blu-ray-steelbook-edition-steeply-discounted-for-black-friday/1100-6525146/?ftag=CAD-01-10abi2f,www.gamespot.com,Arcane Season 2 4K Steelbook Edition Steeply Discounted For Black Friday,"Arcane fans can complete their Blu-ray collection for less thanks to an earlyBlack Friday dealon Season 2, whichjust arrived on 4K and 1080p Blu-rayOctober 28.Season 2's 4K Limited Edition Steelbookis up for grabs for $37.14 (was $60) for a limited time. The1080p Blu-ray Steelbook Editionis also on sale, but it's only two bucks less than the 4K Blu-ray. Thestandard edition Blu-raywith a slipcover has dropped to $31.49 (was $45).

Season 2's Steelbook Editions were designed tomatch last year's versions for Season 1. The 4K Steelbook for both seasons features Jinx on the cover, and the Blu-ray Steelbooks have Vi on the cover. Where the designs differ--beyond color schemes--are with the back covers. For Season 2, GKIDS added a second character on the back, essentially making these reversible display cases featuring Jinx/Ekko (4K) and Vi/Caitlyn (1080p).

If you don't own the first season of Netflix's League of Legends-inspired animated series, you can pick upSeason 1's 4K Blu-ray Limited Edition Steelbookfor $31.49 (was $60) at Amazon. The 4K Steelbook is actually cheaper than the1080p Blu-ray Steelbook, and it's only $1 more than thestandard edition. With Amazon's current deals on the 4K Steelbooks, fans can get the full two-season run on 4K with collectible steelbook cases for $68.63; meanwhile, buying both Blu-ray Steelbooks will cost you just under $71.

Fans should also check outThe Art and Making of Arcaneand the best-selling tie-in novelChosen of the Wolf, both of which are on sale for great prices. The art book is eligible forAmazon's new Buy One, Get One 50% off Book Sale, too.

You can take a closer look at the Steelbook Editions for Arcane Season 1-2 below.

Like Season 1, Arcane Season 2's 4K Steelbook features Jinx on the front cover and Ekko on the back. The four-disc set includes three 4K Blu-rays and one 1080p Blu-ray. All nine episodes are presented in upscaled 4K resolution with support for Dolby Vision and HDR10. On the audio side, Season 2 has Dolby TrueHD 5.1 surround sound as well as Dolby Digital 5.1.

The 1080p Blu-ray disc is where you'll find the three-plus hours of bonus content, including featurettes, animatics, and music videos. Here's the full list of special features included with all three Season 2 physical editions.

Arcane Season 2 Special Features

The 1080p Steelbook Edition of Season 2 has Vi on the front cover and Caitlyn on the back. The three-disc set has all of the same on-disc content as the 4K Steelbook, just rendered in 1080p and without HDR10 or Dolby Vision. Audio options are the same across all editions: Dolby TrueHD 5.1 and Dolby Digital 5.1.

Season 2's standard edition Blu-ray has key art featuring eight prominent characters on the cover and cardboard sleeve. Outside of the less-fancy packaging and presentation, this edition mirrors the 1080p Steelbook Edition with Vi on the cover.

Arcane Season 1's 4K Steelbook has a cool Jinx-themed cover design. Inside the case, you'll find three 4K Blu-ray discs and a standard 1080p Blu-ray with special features. It's rendered in upscaled 4K resolution (2160p) and supports Dolby Vision and HDR10. For sound, it supports Dolby TrueHD 5.1 Surround.

Arcane Season 1's physical editions include the full nine-episode arc and three hours of special features. Fans can go behind the scenes of Arcane with exclusive conversations involving key creative talent and writers, numerous scene breakdowns from the animation staff at studio Fortiche, making-of videos, and more.

Arcane Season 1 Special Features

The 1080p Steelbook Edition of Arcane Season 1 is nearly the same price as the 4K Steelbook right now. The three-disc Blu-ray set has Vi-themed case artwork and includes all of the same bonus features.

Like the standard edition for Season 2, the regular Blu-ray version has key art showcasing a bunch of characters who play important roles in Season 1. The artwork is the same on the case and the included cardboard sleeve.

This 224-page art book provides a behind-the-scenes look at the production of Season 1. Along with a wide assortment of never-before-seen concept art, the book contains over 20 interviews with key team members who created the show.

The hardcover book comes with an acetate dust jacket with exclusive artwork shown above. The cover itself inverses the illustration's color scheme. The fancy dust jacket isn't the only premium feature here.

Inside the book, you'll find fold-out spreads focused on Seasons 1 and 2, a poster featuring Jinx, a full-color, removable Piltover map, a replica in-world blueprint, and a recreation of the Vander Letter.

Set in the League of Legends universe--the massively popular video game franchise developed by Riot Games--Arcane follows iconic League champions Vi and Jinx as they get caught up in the power struggles between the utopian city of Piltover and the oppressed underground city of Zaun. The show debuted back in 2021 to critical acclaim for its storytelling, incredible animation, and getting that one Imagine Dragons song stuck in your head for several months.

Got a news tip or want to contact us directly? Emailnews@gamespot.com","Wed, 19 Nov 2025 15:49:00 -0800",2025-11-20T06:49:16.074763,"{""source_name"": ""GameSpot"", ""via"": ""rss""}"
https://www.gamespot.com/articles/just-cause-dev-avalanche-closes-liverpool-studio-and-lays-off-workers/1100-6536364/?ftag=CAD-01-10abi2f,www.gamespot.com,Just Cause Dev Avalanche Closes Liverpool Studio And Lays Off Workers,"In August, reports emerged that Microsoft had paused development onContraband, a co-op smuggler game from Just Cause developer Avalanche. At the time, some sources noted that Microsoftput a ""hold"" on productionrather than a full cancellation. But now, Contraband's fate appears to be sealed as mass layoffs at Avalanche have resulted in the closure of its Liverpool studio.

Avalanche announced the newson its official site, and disclosed that it means 31 developers are losing their jobs. Per United Kingdom labor laws, Avalanche initiated ""a collective consultation process"" in September before moving ahead with the layoffs and closing the studio. However, the rest of the company remains intact.

""The exceptional talent, passion, and commitment from everyone leaving have impacted every project,"" reads the message from Avalanche. ""We are truly grateful for the dedication and invaluable contributions to Avalanche Studios Group. Our focus remains on supporting the [staff] through this transition and to carry on making great games for our player communities.""

Contraband was initiallyannounced during an Xbox E3 presentationin 2021. At the time, it was touted as a AAA game set in the 1970s in the fictional country of Bayan. It wasn't the only long-term game that was shuttered by Microsoft this year. Rare'sEverwild, thePerfect Darkreboot, anda new MMO from ZeniMax Online Studioswere all casualties of a purge of9,000 people, including Xbox employees.

A recent report suggested that Microsoft's struggles to find its footing may be due tosky-high profit goalsthat have resulted in multiple waves of layoffs at the company.

Got a news tip or want to contact us directly? Emailnews@gamespot.com","Wed, 19 Nov 2025 13:19:00 -0800",2025-11-20T06:49:17.750765,"{""source_name"": ""GameSpot"", ""via"": ""rss""}"
https://www.gamespot.com/articles/lego-star-wars-3-in-1-clone-wars-mandalorian-adventure-gift-set-walmart-2025/1100-6533571/?ftag=CAD-01-10abi2f,www.gamespot.com,Get Free Walmart Cash With The $45 Lego Star Wars 3-In-1 Gift Set Bundle,"TheLego Star Wars 3-in-1 Adventure Gift Setincludes $9 Walmart Cash until November 20. Walmart Cash is essentially a gift card/store credit that can be used the next time you shop on Walmart's online storefront. You're essentially saving 20% on the $45 Star Wars Lego bundle. Exclusive to Walmart, this Star Wars 3-in-1 Gift Set comes with two playsets based on The Clone Wars and one from The Mandalorian.

The 423-piece bundle will be of particular interest to minifigure collectors and kids who love staging battles with their Lego Star Wars creations. You'll get nine minifigures, five droids, three vehicles, and several interactive weapons and structures that are ideal add-ons for larger Lego Star Wars builds.

Walmart has three otherexclusive Lego Gift Sets, each of which is eligible for the Walmart Cash bonus. TheLego Minecraft 5-in-1 Gift Set is the same priceand also includes $9 Walmart Cash. Two $25 bundles come with $5 Walmart Cash:Lego City 4-in-1 Gift SetandLego Friends 2-in-1 Gift Set.

Official Lego Gift Sets have exclusive packaging, and if past Walmart-exclusive Star Wars bundles are any indication, this new one will be priced well-above MSRP after the holiday season.Lego Star Wars 3-in-1 Jedi Masters Gift Setsold out before the holiday season ended. That bundle retailed for $50 and is going for $80 from a reseller right now (shipped by Walmart). That's a big jump in price, but it's actually nottoobad considering the three builds are valued at $50 and one of them, Yoda's Jedi Starfighter, is retired and no longer available at major retailers.

Includes:

The new Lego Star Wars 3-in-1 Adventure Gift Set features two playsets based on The Clone Wars and one set from The Mandalorian. Across the three builds, you're getting nine minifigures, five buildable droids, and three vehicles. Each of the nine minifigures comes with a blaster, and Captain Rex has dual blasters.

Here's the breakdown of the minifigures and droids, vehicles, and other key components:

9 Minifigures:

5 Droid Figures:

3 Vehicles:

Environments & Artillery Posts:

Official Lego Gift Sets have exclusive packaging, and if past Walmart-exclusive Star Wars bundles are any indication, this new one will be priced well-above MSRP after the holiday season.Lego Star Wars 3-in-1 Jedi Masters Gift Setsold out before the holiday season ended. That bundle retailed for $50 and is going for $80 from a reseller right now (shipped by Walmart). That's a big jump in price, but it's actually nottoobad considering the three builds are valued at $50 and one of them, Yoda's Jedi Starfighter, is retired and no longer available at major retailers.

Got a news tip or want to contact us directly? Emailnews@gamespot.com","Wed, 19 Nov 2025 12:10:00 -0800",2025-11-20T06:49:19.443991,"{""source_name"": ""GameSpot"", ""via"": ""rss""}"
https://www.gamespot.com/articles/why-half-life-3-rumors-are-intensifying-again/1100-6536360/?ftag=CAD-01-10abi2f,www.gamespot.com,Why Half-Life 3 Rumors Are Intensifying Again,"Over two decades have passed since Half-Life 2 was released, but its developer, Valve, has never gotten around to making Half-Life 3. Instead, Valve has been busy turning Steam into the top marketplace for PC game sales (and making a VR spin-off that won our GOTY award). But every once in a while, rumors about Half-Life 3 flare up, and it's happening again right now.

As noted byKotaku, Valve'sSteam storefrontsays that it has two upcoming games, but onlyDeadlockis listed, and that title is still in early access. The Game Awards are also coming soon, and there almost always seems to be speculation that Half-Life 3 will debut there. Some fans have also read a little too much into The Game Awards' post celebrating today's 27th anniversary of the original Half-Life.

For the record, The Game Awards makes that same post on this date every year. But that's never stopped the speculation before. Dataminers have also been snooping around in Valve projects, and claim to have found evidence ofan unannounced shooter codenamed HLX. More recently, Valve unveiledSteam Machine and Steam Frame, and fans have noted that Half-Life 3 would probably help the company sell a lot of hardware.

Near the beginning of 2025, Mike Shapiro--who voices G-Man in the Half-Life games--shared a cryptic New Year's messagethat was also taken as a sign that Half-Life 3 was near. But nothing came of that either.

The most excitement Half-Life 2 fans had this year wasthe demo for the RTX modthat significantly upgraded the game's graphics. Maybe one day, Valve will finally resolve that last Half-Life 2 Episode 2 cliffhanger. For now, the most recent game in the franchise was the VR gameHalf-Life: Alyxin 2020.

Got a news tip or want to contact us directly? Emailnews@gamespot.com","Wed, 19 Nov 2025 12:09:00 -0800",2025-11-20T06:49:21.091631,"{""source_name"": ""GameSpot"", ""via"": ""rss""}"
https://www.gamespot.com/articles/this-apartment-building-is-mario-kart-inspired-if-you-squint-hard-enough/1100-6536361/?ftag=CAD-01-10abi2f,www.gamespot.com,This Apartment Building Is Mario Kart-Inspired--If You Squint Hard Enough,"From a distance, the new twelve-sided tower rising in Phoenix’s Arts District looks like it belongs in a futuristic cityscape--or maybe in the middle of a very enthusiastic geometry lesson. However, ask the designers and they'll tell you there's a wink and a nod to a certain beloved racing game:Mario Kart.

""To build buildings that are unique that people stop and say, 'Hey, what is that?' I think is important to any downtown,"" said Zac Cohen, creative director at Räkkhaus, the architectural firm behind the project, toFox 10 in Phoenix. In other words: If you think this building looks quirky now, just wait until you learn what inspired it.

The complex takes its name from a famously chaotic, candy-colored racetrack known for sending players plummeting into the void, Rainbow Road. Obviously, you won't see any characters or trademarked symbols on the exterior--a strategic choice, given a certain company's well-known legal enthusiasm--but the references are there if you know where to look and if you look hard enough.

""One of them is that it's a 12-sided building, which represents the twists and turns of the track,"" he explained. ""As you progress up, you level up with each floor."" Even the window insets flash a spectrum of colors, a subtle nod to the kaleidoscopic visuals of the legendary course.

""The windows are obviously very dramatic; they are angled in different ways to provide sort of a twisting motion,"" Cohen said. ""When you're looking at the building from downstairs, it almost appears to move."" That sense of motion extends to the ground level, where public art elements like bike racks and benches trace the flowing geometry of Rainbow Road. A patterned sidewalk wrap will continue the motif around the block, creating a walkable ribbon of color that locals could recognize even without any game logos.

Inside, the mixed-use complex offers a public fitness area, an indoor-outdoor restaurant, and 36 apartment units, with rents starting at just over $1,900 per month. After 16 months of construction, the project opens on December 1, and Cohen hopes it will energize the neighborhood.

""We were hoping to design something fun and playful and representative of the arts in the arts district,"" he said. ""There's a surprising lack of art-focused business here, so we wanted to be the catalyst for higher design.""

If you don't live in Phoenix and/or aren't looking to move, you can still enjoy Rainbow Road like the rest of us: by playing Mario Kart World. The game was nominated for a few categories atThe Game Awards, and we'll find out if it wins in just a few weeks.","Wed, 19 Nov 2025 11:50:00 -0800",2025-11-20T06:49:23.620487,"{""source_name"": ""GameSpot"", ""via"": ""rss""}"
https://www.gamespot.com/articles/black-ops-7s-endgame-will-soon-be-playable-for-everyone-right-away/1100-6536359/?ftag=CAD-01-10abi2f,www.gamespot.com,Black Ops 7's Endgame Will Soon Be Playable For Everyone Right Away,"Treyarch has announced thatCall of Duty: Black Ops 7's Endgame mode, which players can unlock after completing the campaign, will soon be available to everyone.

Beginning Friday, November 21, everyone can jump right into Endgame. Technically you could already do this, as only one player in a group needed to beat the campaign to get into Endgame, but soon everyone can play it.

For anyone just catching up, Endgame takes place on the Avalon map where 1-32 players in squads of up to four fight through zones of increasing difficulty. Players enter Avalon in a wingsuit and can then get through the map on foot or in a number of different vehicles as they complete missions.

For anyone who has completed the campaign, Treyarch is giving them a variety of bonuses, including double XP tokens and Perkaholic Gobblegums. You can see a rundown of all the bonuses below.

In other Call of Duty news,Treyarch is launching the Nuketown 2025 map on November 20. The game is currently in pre-season, withSeason 1 set to begin in early December.

For more, check outGameSpot's Black Ops 7 review. You can also catch up on whyone US lawmaker is calling for AI regulationsafter it came to light that Black Ops 7 developers used AI.

Got a news tip or want to contact us directly? Emailnews@gamespot.com","Wed, 19 Nov 2025 11:37:00 -0800",2025-11-20T06:49:26.299782,"{""source_name"": ""GameSpot"", ""via"": ""rss""}"
https://www.gamespot.com/articles/lego-minecraft-5-in-1-gift-set-comes-with-free-walmart-cash-for-a-limited-time/1100-6533572/?ftag=CAD-01-10abi2f,www.gamespot.com,Lego Minecraft 5-In-1 Gift Set Comes With Free Walmart Cash For A Limited Time,"There's A New Free Minecraft Game, But You Probably Can't Play It","Wed, 19 Nov 2025 11:33:00 -0800",2025-11-20T06:49:28.277737,"{""source_name"": ""GameSpot"", ""via"": ""rss""}"
https://www.gamespot.com/articles/the-shredder-has-knocked-out-over-2-million-arc-raiders-players-and-we-dont-mean-the-tmnt-villain/1100-6536358/?ftag=CAD-01-10abi2f,www.gamespot.com,"The Shredder Has Knocked Out Over 2 Million Arc Raiders Players, And We Don't Mean The TMNT Villain","The first major Arc Raiders update arrived last week, with the introduction of the Stella Montis map as one of the main highlights. Now, days later, developer Embark Studios has revealedon Xsome statistics about how players have fared in the abandoned facility. To start, the Shredder enemy is living up to its namesake, knocking out more than 2.2 million players.

The Shredder is just one of the new additions withthe North Line update for Arc Raiders. The Matriarch isanother fresh ARC foeterrorizing players, and it's much larger than the Shredder. However, Embark notes 26,923 Matriachs have been dismantled so far, so players have found success against them. Overall, there have been 25 million visits to Stella Montis. Of those, somehow 117 players discovered a way to down themselves with volcanic rock, which seemingly baffles even Embark.

Arc Raiders players had todonate resources to initially unlock access to Stella Montis, which they did faster than anticipated. In fact, Embark highlighted that one particular person offered up over 26,000 resources during the community event. Over the past week,Arc Raiders hit a peak of over 480,000 concurrent players on Steam alone--the extraction shooter is also available on the Epic Games Store as well as PS5 and Xbox Series X|S.

For more, check out GameSpot'sArc Raiders review. We also have aguides hubfull of useful tips, quest info, and skills suggestions.

Got a news tip or want to contact us directly? Emailnews@gamespot.com","Wed, 19 Nov 2025 11:31:00 -0800",2025-11-20T06:49:30.035380,"{""source_name"": ""GameSpot"", ""via"": ""rss""}"
https://www.eurogamer.net/ark-2-scene-setter-and-anime-crossover-expansion-comes-to-ark-survival-ascended-this-december,www.eurogamer.net,Ark 2 scene-setter and anime crossover expansion comes to Ark: Survival Ascended this December,"It's been so long since dino-survival sequelArk 2was unveiled, itspreposterous Vin Diesel-starring CGI traileralmost feels like a dream. But developer Studio Wildcard remains adamant it's still happening, and it's paving the way for its arrival with a brand-newArk: Survival Ascendedexpansion, Ark: Lost Colony, launching on 16th December.

Officially, Lost Colony serves as a link between Ark's 2018 expansion Extinction and its 2019 follow-up Genesis, while also laying the groundwork for Ark 2. But it doesn't stop there. Lost Colonyalsoties into Ark's (still only 50 percent aired)animated TV series, bringing some of the show's star-studded cast over to the game. As such, you can expect to hear the likes of Oscar winner Michelle Yeo, David Tenant, Battlestar Galactic's Katie Sackhoff, and more - all appearing in ""cinematic anime sequences"" by Japanese studio MAPPA - when Lost Colony comes to Xbox Series X/S, PS5, and PC in December.

Lost Colony is described as Survival Ascended's ""first canonical expansion"", and deposits player in the snowy wastes of Arat Prime - birthplace of the ARKs - where they'll follow Mei Yin's footsteps through an ""intense journey into the heart of darkness"". There's talk of ""lost"" character ability trees to unlock, ""cursed"" gear tiers and new building systems to craft, plus new creatures to tame - including the Ossidon, a ""hulking, engineered apex winter-predator"".

Players eager to check out the Ossidon ahead of Lost Colony's December arrival can do so right now, but only by purchasing Ark: Survival Ascended's £29.99/$29.99 USD Lost Colony Expansion Pass. Cough up and the Ossidon can be experienced as ""preview gameplay content"" on existing maps, as it temporarily roams the cold biomes of Ragnarok, Valguero, and The Center.

Lost Colony arrives some six months after itsoriginally announced June launch window, but there's still no indication of when therepeatedly delayed Ark 2might show up. It was originally announced in 2020 (with that silly Vin Diesel trailer) but didn't feature in the Ark content roadmap released earlier this year, leaving many to speculate it won't arrive until sometime after December 2026. Studio Wildcard is, of course, no stranger to delays; even the second half of the Ark animated television show - originally promised for 2024 - couldn't escape the curse, and isnow due sometime next year.","Wed, 19 Nov 2025 17:03:40 +0000",2025-11-20T06:49:34.035375,"{""source_name"": ""Eurogamer"", ""via"": ""rss""}"
https://www.eurogamer.net/elden-ring-lore-expert-vaatividya-is-releasing-a-book-following-years-of-authoritative-videos,www.eurogamer.net,Elden Ring lore expert VaatiVidya is releasing a book following years of authoritative videos,"Elden Ringlore expert VaatiVidya is releasing a book, following over a decade's worth of YouTube videos covering the work of FromSoftware.

The forthcoming book, titled Lore Bound, will focus on Elden Ring, theShadow of the ErdtreeDLC, and itsNightreignspin-off.

""It's my channel in physical form,"" the creator said in a video. Of course, it's not officially endorsed, but includes VaatiVidya's own interpretation of the ambiguous lore set forth by FromSoftware's writers.

There are other lore experts included, too, as each chapter will include boxouts with extra information and alternate takes from other fans. It also includes illustrations from John Devlin and Sebastián Franchini.

""Every Elden Ring video I've created first began as a script - lore written to be as concise and entertaining as possible for you all,"" said VaatiVidya. ""So really it feels natural to transform these scripts into a book.""

In collaboration with publisher Tune & Fairweather, the book will come in a softcover edition for £32 (or with a sleeve for £50), as well as a deluxe edition for £72 with hard binding.

Lore Bound is set to be released in Q3 of 2026, but can bepre-ordered now.

It's also not VaatiVidya's first book. His previous book, Soul Arts, features fan art inspired by FromSoftware's games and is still available from the same publisher.

Though there are plenty of Elden Ring lore videos on YouTube, VaatiVidya is generally considered the pre-eminent lore expert, providing in-depth analysis full of detail. Hisvideos feel definitive, if not official.

Lore Bound is testament not only to VaatiVidya's own work, but the work of FromSoftware and Game of Thrones author George RR Martin, who created a rich world ripe for interpretation.

Earlier this year,Martin hinted there was ""some talk"" of an Elden Ring film, but his involvement will be limited as he's behind on his latest book. Thefilm was then officially announcedback in May.","Wed, 19 Nov 2025 15:52:22 +0000",2025-11-20T06:49:36.608426,"{""source_name"": ""Eurogamer"", ""via"": ""rss""}"
https://www.eurogamer.net/this-is-not-ai-oscar-winning-marathon-cinematic-short-director-hits-back-at-online-accusations,www.eurogamer.net,"""This is not AI"" - Oscar-winning Marathon cinematic short director hits back at online accusations","Oscar-winning animator and director Alberto Mielgo has hit back at accusations his cinematic short for Bungie's Marathon is AI-generated, insisting the production is ""not AI"", and was in fact the result of ""155 incredible people and hell of hours, days, [and] months"" of time.

Mielgo - who won an Oscar for his animated short The Windshield Wiper in 2021, and has created two short features for Netflix's Love Death and Robots - served as director on Marathon's eight-minute-long reveal cinematic. The short, narrated by Ben Starr, was released in April as part ofdeveloper Bungie's big news blowout for the extraction shooter.

Marathon's reveal was, of course, a chance for the increasingly embattled Bungie - which has faced ongoing reports oftumbling staff moraleandsenior management toxicityover the last 18 months - to shift the narrative to something more positive. However, the studio instead found itselfembroiled in a plagiarism scandal, which appears to have led to unfavourable discourse around Mielgo's trailer - and the director has now clearly had enough.

""I can't believe we've reached a point where I have to clarify this, but here it goes,"" aclearly exasperated Mielgo wrote on Instagram, ""this is not AI. HELLO. Everything you see in this film:  paintings, animations, 2D and 3D work, compositing, and renders done with huge team - 155 incredible people and hell of hours, days, months... Yes, our Achilles' heel: time.""

""Many of you ask me what my opinion on AI is,"" he continued. ""Honestly, I have no idea. But one thing is certain: AI will never take away my (your) urge or joy for making art and painting. That part will never be replaced.""

To see this content please enable targeting cookies.Manage cookie settings

According toThe Game Post, Mielgo also addressed Marathon's plagiarism scandal in now-deleted follow-up comments, saying none of the assets Bungie admitting to using without the original artist's permission ""ever reached [his] team]"" and did not feature in the trailer. He reportedly also said he believed the incident was ""genuinely a mistake, blown out of proportion"".

As for Marathon, Bungiedelayed the game indefinitely in Junefollowing ""passionate"" alpha playtest feedback. However, comments by Sony CFO Lin Tao this month appeared to confirm it'llstill launch by March next year.","Wed, 19 Nov 2025 14:51:25 +0000",2025-11-20T06:49:38.480738,"{""source_name"": ""Eurogamer"", ""via"": ""rss""}"
https://www.eurogamer.net/pokemon-legends-z-as-mega-dimension-dlc-adds-another-mega-evolution-confirming-datamined-leaks,www.eurogamer.net,"Pokémon Legends: Z-A's Mega Dimension DLC adds another Mega Evolution, confirming datamined leaks","The Mega Dimension DLC forPokémon Legends: Z-Awill include even more Mega Evolutions, with Mega Zeraora now officially unveiled in a new trailer.

This confirms the validity of a leak on thePokeleaks subreddit, as the game has been datamined to see what's to come in the DLC.

Mega Zeraora joins Mega Raichu X and Y, and Mega Chimecho as officially revealed Mega Evolutions coming in the DLC, while Mega Baxcalibur will soon be added to the online Ranked Battles in some form.

The trailer above shows Mega Zeraora facing off against Zubat, Golbat, and Crobat, confirming those three Pokémon will also be added to the Pokédex in the DLC.

The paid DLC is available to pre-order now ahead of its release on 10th December.

It's set to expand on the story of the base game, as spatial distortions appear throughout Lumiose City for Team MZ to investigate.

It will alsoallow Pokémon to grow beyond level 100for the first time in series history.

What other Pokemon could be on the way? Leaks suggest the likes of Staraptor, Tatsugiri, and Meowstic may be getting Mega Evolutions, along with Heatran and Darkrai.

Fans are also speculating Mega Mewtwo could be added as part of aMystery Gift eventin the game.

For more on Pokémon Legends: Z-A, check out ourguide on all Mega Evolutions, as well as ourcomplete walkthroughandeverything we know about the Mega Dimension DLC.","Wed, 19 Nov 2025 14:45:47 +0000",2025-11-20T06:49:40.331870,"{""source_name"": ""Eurogamer"", ""via"": ""rss""}"
https://www.eurogamer.net/i-was-brought-in-to-start-throwing-punches-veteran-exec-peter-moore-reflects-on-the-particular-set-of-talents-microsoft-needed-to-make-xbox-360-challenge-playstation-3,www.eurogamer.net,"""I was brought in to start throwing punches"" - veteran exec Peter Moore reflects on the particular set of talents Microsoft needed to make Xbox 360 challenge PlayStation 3","Former Xbox boss Peter Moore has recalled why Microsoft poached him from Sega to head-up the company's Xbox 360 charge. He had experience launching the Dreamcast, yes, but more alluring seemed to be his experience of being part of Sega's battle in a console war. Microsoft needed someone to take the fight to Sony and PlayStation.

""Look, I'm not a self-described nerd,""Peter Moore told me as part of a larger interview, part-one of which you can read now. ""And Microsoft was very much a company that was seen as guys with pocket protectors and thick glasses.

""We needed to bring in different people that could stand on stage and throw punches at Sony and be a little bit more aggressive in a different way, and had experience of taking on the PlayStation, which I did, obviously, during my Sega days. So I was not the stereotypical quintessential Microsoft employee. I was brought in to create strategy, lead on stage from the front, be a little irreverent, maybe get a tattoo or two... I was brought in to be part of a very talented team and, like I say, to start throwing punches.""

Remember, Moore was well trained in this aspect. He'd spent years heading up Reebok and battling sports giant Nike before he moved to Sega, so he knew how to scrap for market share. As he explained to me: ""There's only 100 percent market share, and so the fight you have is to win hearts and minds. And it's a battlefield. There's no two ways about it.""

This console war we feel the echoes of now, then, between PlayStation and Xbox - it was in some way deliberately stoked and perpetuated by Peter Moore and Microsoft. ""This became the console wars,"" he said, ""where we, Microsoft, were coming from a position of newcomer and nerdy and not an entertainment brand, and we needed to build a separate brand called Xbox that would not only make hardware but software and services.""

Xbox being separate from Microsoft was a key distinction they needed to make. It's why any mention of Microsoft's name tends to be nowhere near anything related to Xbox. ""Not be ashamed of being part of Microsoft,"" Moore said, ""but if you look at the packaging, and you look at our marketing and everything we were doing during that time: sure, if you looked hard, 'Microsoft' was there, but it was really building a brand that would be sustainable for decades to come. And as we sit here today, in 2025, we did.""

To see this content please enable targeting cookies.Manage cookie settings

During Moore's four-year tenure, Xbox gained significant ground on PlayStation, and inked historical deals such as securing Grand Theft Auto 4 for simultaneous Xbox 360 release - a deal Moore announced by revealing a GTA 4 tattoo on his arm during a press conference. Xbox also launched powerful brands that it's still milking today, such as Gears of War and Forza, as well as a host of iconic third-party games.

But this aggression and rivalry doesn't seem to be a part of Microsoft's strategy today, which has famously adapted to includepublishing games on PlayStation hardware, including Xbox's flagship brand Halo. It's partially a concession to PlayStation 5's dominance, and a move that would have been unheard of during Moore's tenure, I'm sure.

""Does there need to be a winner?"" he responded when I asked what he thought of Xbox's position today. ""If there's somebody ahead, is the other guy a loser? We're a $200 billion industry this year. If you define somebody as leading and somebody second, that company in second place is probably doing billions of dollars worth of business.

""And in the case of Microsoft, is having a place in gaming and a brand like Xbox and delivering entertainment experiences: does that somehow put - no pun intended - a halo around the broader Xbox? Go look at Microsoft's stock price. Go look at what Microsoft has done since I left, and Bill left. I'd like to think Xbox was a little piece of the success that you now have with Microsoft.""","Wed, 19 Nov 2025 13:26:54 +0000",2025-11-20T06:49:42.017153,"{""source_name"": ""Eurogamer"", ""via"": ""rss""}"
https://www.eurogamer.net/next-years-f1-world-championships-wont-get-a-new-game-but-a-paid-expansion-to-this-years-game-instead-says-ea,www.eurogamer.net,"Next year's F1 World Championships won't get a new game, but a paid expansion to this year's game instead, says EA","F1 25 will receive a paid expansion to cover next year's F1 season, EA has said, instead of receiving a new standalone game as expected.

As with many EA Sports games, the F1 series has received a new game each year to represent the sport's new season, sinceEA acquired Codemasters in 2021. But that won't be the case next year.

This decision is ""part of a strategic reset for the F1 Franchise,"" said Lee Mather, senior creative director at Codemasters, in astatement. And while the developer is skipping a new game for 2026, in 2027 it will release a new game ""that looks, feels, and plays differently, delivering more gameplay choices"".

Mather further emphasised the developer's commitment to the F1 series.

""F1 25 has been an incredible success, fueled by the passion of fans and the energy of the sport,"" said Mather. ""With Formula 1's momentum on and off the track, now is the perfect time for us to look ahead and build for the future.

""We're fully committed to the EA Sports F1 franchise. Our multi-year plan extends this year's excitement with the 2026 expansion and reimagines the F1 experience for 2027 to deliver even more for players at every level around the world.""

It does feel like a somewhat ironic decision, considering F1's 2026 season is bringing new regulations to shake up the sport. Hopefully these will be reflected authentically in the expansion, before 2027's brand new standalone game.

Though not mentioned by Mathew,EA confirmed earlier this year it had reduced some roles at Codemastersand ended its partnership with the World Rally Championship.

""As a business, we are constantly evolving to meet the growing needs of our players and driving greater focus across our portfolio,"" the company said in a statement. ""This has led us to look at reducing some roles, while we redeploy as many as possible against our strategic priorities.""

It's unclear if these layoffs have also impacted development on the F1 games.

Back in September,EA announced it would be privately acquired in a $55bn dealby a group of investors, including Saudi Arabia's investment fund.","Wed, 19 Nov 2025 12:54:27 +0000",2025-11-20T06:49:43.833699,"{""source_name"": ""Eurogamer"", ""via"": ""rss""}"
https://www.eurogamer.net/here-are-the-games-leaving-ps-plus-next-month,www.eurogamer.net,Here are the games leaving PS Plus next month,"There are nine games leaving PS Plus next month as part of a regular refresh of the subscription's catalogue.

Available now for Extra and Premium subscribers, the following games will leave the service on 16th December.

To see this content please enable targeting cookies.Manage cookie settings

There are some decent games here well worth your time. As a Sonic fan, I personally had a very fun time with the open world ofSonic Frontiers, while I maintainSquare Enix'sForspokenis a great action-adventure unfairly maligned.

Elsewhere,Battlefield 2042has been usurped by the brand newBattlefield 6, while GTA 3 leaves just as GTA 5 joins.

It's also a shame that both Arcade Paradise VR and Star Wars: Tales from the Galaxy's Edge will soon be off the service, leaving PSVR2 with even fewer games to play.

Thenew slate of games added to PS Plus joined yesterday, including the likes of Still Wakes the Deep and Thank Goodness You're Here, alongside the aforementioned GTA 5.

For more on the service, check out ourguide to PS Plus and all the available games.","Wed, 19 Nov 2025 11:44:16 +0000",2025-11-20T06:49:45.625525,"{""source_name"": ""Eurogamer"", ""via"": ""rss""}"
https://www.eurogamer.net/mystery-megabonk-developer-withdraws-from-the-game-awards-following-incorrect-nomination,www.eurogamer.net,Mystery Megabonk developer withdraws from The Game Awards following incorrect nomination,"The developer of indie game Megabonk has withdrawn from The Game Awards after being nominated for Debut Indie Game.

Following the nominations reveal earlier this week, the developer of the game has admitted Megabonk is in fact not his debut game - he's been making games under different studio names.

""I'm withdrawing from The Game Awards,"" the developer shared on social media. ""It's an honour and a dream for Megabonk to be nominated for TGA, but unfortunately I don't think it qualifies for the category 'Debut Indie Game'. I've made games in the past under different studio names, so Megabonk is not my debut game.""

He added: ""I really appreciate the nomination, support and votes, but it doesn't feel right in this category. You should vote for another one of the amazing debut titles, they are all amazing games! Thanks again! new megabonk update coming soon.""

The post is signed off as John Megabonk and includes a disguised face emoji. That's because the developer himself is something of a mystery, which has inevitably, confusingly, led to this nomination.

Geoff Keighley, creator of The Game Awards, later confirmed the nomination has been officially removed from the category.

""@MegabonkGame, a nominee for Best Debut Indie Game, reached out to clarify that he is an established solo developer who had been presenting himself as a new creator under the name Vedinad,"" wrote Keighley. ""We're grateful for his honesty. As a result, Megabonk will be removed from the category.

""He'll share more about his story when he's ready, but we respect that he didn't want to take recognition away from other debut teams - even though the game itself is outstanding.""

The other games in this category include Blue Prince,Clair Obscur: Expedition 33, Despelote, and Dispatch.

You could argue, however, that the likes of Expedition 33 and Dispatch aren't debut games either, considering the developers of both games previously worked at other studios. These are simply the first games from new studios.

Still,Expedition 33 has made The Game Awards historyby becoming the most-nominated game ever with 12 nominations this year. That includes Game of the Year, as well as multiple Best Performance nominations.","Wed, 19 Nov 2025 10:04:30 +0000",2025-11-20T06:49:47.853702,"{""source_name"": ""Eurogamer"", ""via"": ""rss""}"
https://www.eurogamer.net/new-battlefield-6-update-extends-one-of-its-best-modes-and-fixes-a-challenging-issue,www.eurogamer.net,"New Battlefield 6 update extends one of its best modes, and fixes a challenging issue","A new Battlefield 6 update has extended the time required to capture objectives in one of its major game modes, and has gone back to fix an ongoing issue with its challenge system. In addition, somehow, many players had their controls reset. Accidentally, one assumes.

The major game mode change comes to Escalation, a new mode to Battlefield 6, where large teams of players fight over a limited number of control points. When one of these is captured, a control point is removed from the match.

The official statementreleased alongside this change states: ""Following your feedback to our communication last week, Escalation now has had its time increased for capturing objectives by roughly 20 percent, extending the length of each phase for a smoother, more tactical flow. This change gives your squad more time to react, reposition, and coordinate vehicle spawns while maintaining the mode's fast-paced intensity.""

To see this content please enable targeting cookies.Manage cookie settings

Next up, a fix to challenges not being registered as completed despite players reaching the required milestone. This appears to have been a consequence of the widespread challenge adjustments made a short while ago, shifting them to be easier to finish in response toplayer frustrations at how difficult completing some challenges were.

The statement explains this should  now be remedied in the latest update. It reads: ""We've also deployed backend fixes for challenge rewards not unlocking correctly. These updates address issues where completed challenges could fail to grant rewards or appear multiple times. Participating in a match should now reward you with any outstanding rewards from challenges.""

Finally, a fun little change to kill-death statistics has been made, so kills made against computer-controlled bots no longer count for player statistics (often used as evidence of player skill). Funnily enough, deaths to bots still appear to be counted, so bots may still be able to make you lookworseat Battlefield 6.

The Battlefield update statement concludes with: ""Additionally, we have also rolled out a small change to how Player Kill/Death statistics are shown within your Player Profile. Going forward Portal Kill/Death Statistics will no longer be listed within the Kill/Death amount on your profile and Kill will only showcase Human Kills. Portal statistics will be shown in a different capacity in a future time.""

Then there's what is clearly an unintended consequence of this update, which are widespread reports of reset controls following its addition to Battlefield 6. Across social media and community hubs like Discord and Reddit, users are complaining about their own custom control schemes being reset to the default.Take Spetsnaz_420, who wrote: ""You left out the part where you reset our controls"".

This marks the latest in an extensive spree of updates made to Battlefield 6. It was just over a week ago when Battlefield Studioskilled the Recon Drone bugletting players float far up into the sky. All whilethe game remains incredibly popular.","Wed, 19 Nov 2025 10:01:30 +0000",2025-11-20T06:49:49.627250,"{""source_name"": ""Eurogamer"", ""via"": ""rss""}"
https://www.eurogamer.net/tomb-raiders-2013-reboot-just-shadow-dropped-on-switch-and-switch-2-consoles,www.eurogamer.net,Tomb Raider's 2013 reboot just shadow dropped on Switch and Switch 2 consoles,"Those with Switch consoles who have had a hankering to playTomb Raider: Definitive Edition- that is to say,the remaster of 2013's Tomb Raider reboot- but have been unable to do so due to its lack of availability, well I have good news for you.

Today, Aspyr and Crystal Dynamics shadow dropped the game on Switch andSwitch 2. You can check out a trailer for it below.

""Tomb Raider: Definitive Edition is the award-winning cinematic action-adventure that tells Lara Croft's emotional journey from an inexperienced young woman into a hardened survivor – with a stunningly lifelike world to explore,"" reads the official blurb, with the promise of ""high-octane combat"", the ability to customise weapons and gear, and of course some ""grueling"" environments which Lara will need to endure.

Along with the base game, Tomb Raider: Definitive Edition also comes with all of the original DLC, as well as digital versions of the Dark Horse comic Tomb Raider: The Beginning, Brady Games' mini-art book Tomb Raider: The Art of Survival, and the 'Final Hours of Tomb Raider' developer video series.

It also includes online multiplayer for up to eight players.

To see this content please enable targeting cookies.Manage cookie settings

Tomb Raider: Definitive Edition is available via the Nintendo eShop for £17/$20. That said, owners of Aspyr's previously released Tomb Raider 1-3 Remastered Starring Lara Croft or Tomb Raider 4-6 Remastered on Nintendo Switch are eligible for a 10 percent discount.

For more on the series,a few years ago I spoke with Tomb Raider 2013 writer Rhianna Pratchett about her time on the game.

More recently,Netflix shared a trailer for the second season of its Tomb Raider anime, known as The Legend of Lara Croft.","Tue, 18 Nov 2025 17:42:20 +0000",2025-11-20T06:49:52.248935,"{""source_name"": ""Eurogamer"", ""via"": ""rss""}"
https://store.steampowered.com/news/255953/,store.steampowered.com,Team Fortress 2 Update Released,An update to Team Fortress 2 has been released. The update will be applied automatically when you restart Team Fortress 2. The major changes include:,"Thu, 30 Oct 2025 16:55:00 -0700",2025-11-20T06:49:59.557476,"{""source_name"": ""Steam News"", ""via"": ""rss""}"
https://store.steampowered.com/news/255671/,store.steampowered.com,Team Fortress 2 Update Released,An update to Team Fortress 2 has been released. The update will be applied automatically when you restart Team Fortress 2. The major changes include:,"Mon, 27 Oct 2025 16:37:00 -0700",2025-11-20T06:50:01.860648,"{""source_name"": ""Steam News"", ""via"": ""rss""}"
https://store.steampowered.com/news/255293/,store.steampowered.com,Team Fortress 2 Update Released,An update to Team Fortress 2 has been released. The update will be applied automatically when you restart Team Fortress 2. The major changes include:,"Thu, 23 Oct 2025 16:08:00 -0700",2025-11-20T06:50:04.117122,"{""source_name"": ""Steam News"", ""via"": ""rss""}"
https://store.steampowered.com/news/254627/,store.steampowered.com,Team Fortress 2 Update Released,An update to Team Fortress 2 has been released. The update will be applied automatically when you restart Team Fortress 2. The major changes include:,"Wed, 15 Oct 2025 16:38:00 -0700",2025-11-20T06:50:06.682863,"{""source_name"": ""Steam News"", ""via"": ""rss""}"
https://store.steampowered.com/news/254559/,store.steampowered.com,Team Fortress 2 Update Released,An update to Team Fortress 2 has been released. The update will be applied automatically when you restart Team Fortress 2. The major changes include:,"Tue, 14 Oct 2025 16:15:00 -0700",2025-11-20T06:50:08.844491,"{""source_name"": ""Steam News"", ""via"": ""rss""}"
https://store.steampowered.com/news/254509/,store.steampowered.com,Team Fortress 2 Update Released,An update to Team Fortress 2 has been released. The update will be applied automatically when you restart Team Fortress 2. The major changes include:,"Mon, 13 Oct 2025 15:35:00 -0700",2025-11-20T06:50:11.379726,"{""source_name"": ""Steam News"", ""via"": ""rss""}"
https://store.steampowered.com/news/254394/,store.steampowered.com,Team Fortress 2 Update Released,An update to Team Fortress 2 has been released. The update will be applied automatically when you restart Team Fortress 2. The major changes include:,"Fri, 10 Oct 2025 13:41:00 -0700",2025-11-20T06:50:13.938649,"{""source_name"": ""Steam News"", ""via"": ""rss""}"
https://store.steampowered.com/news/254063/,store.steampowered.com,Team Fortress 2 Update Released,An update to Team Fortress 2 has been released. The update will be applied automatically when you restart Team Fortress 2. The major changes include:,"Thu, 09 Oct 2025 11:13:00 -0700",2025-11-20T06:50:16.413339,"{""source_name"": ""Steam News"", ""via"": ""rss""}"
https://store.steampowered.com/news/250729/,store.steampowered.com,Team Fortress 2 Update Released,An update to Team Fortress 2 has been released. The update will be applied automatically when you restart Team Fortress 2. The major changes include:,"Thu, 14 Aug 2025 14:53:00 -0700",2025-11-20T06:50:18.615795,"{""source_name"": ""Steam News"", ""via"": ""rss""}"
https://store.steampowered.com/news/250718/,store.steampowered.com,Team Fortress 2 Update Released,An update to Team Fortress 2 has been released. The update will be applied automatically when you restart Team Fortress 2. The major changes include:,"Thu, 14 Aug 2025 13:59:00 -0700",2025-11-20T06:50:20.779628,"{""source_name"": ""Steam News"", ""via"": ""rss""}"
https://blog.playstation.com/2025/11/19/mafia-the-old-countrys-free-ride-update-launches-november-20/,blog.playstation.com,Mafia: The Old Country’s Free Ride update launches November 20,"Mafia: The Old Country‘s depiction of 1900s Sicily is teeming with immersive detail and dangerous encounters. With the new Free Ride Update, the developers at Hangar 13 are giving players even more freedom to explore and survive the Valle Dorata’s criminal underworld.

See all the additions included in the Free Ride Update via the trailer below, then read on for insights from Associate Design Director Josh Zammit about this free update for owners of Mafia: The Old Country.

Free Ride is a callback to the original Mafia’s Free Ride Extreme, as well as the Free Ride mode we shipped in Mafia: Definitive Edition. It’s a collection of Challenges separate from the main story that give players chances to revisit the world in a more self-guided way. Mafia: The Old Country’s Free Ride mode will be slightly different from previous titles, yet familiar to returning fans all the same.

This time, we’ve constructed several kinds of repeatable Challenges—including combat, stealth, and different race types—in a variety of new and familiar locations. Completing Challenges will earn you the Dinari in-game currency to spend on the new outfits, charms, weapons, and vehicles unlocked by progressing through this content (as well as on items unlocked via the campaign). We’ve also included a number of other fresh and exciting features for players to sink their teeth into, and I hope fans enjoy them.

There’s a lot to explore in this update, so players will have plenty of potential starting points. But I’m excited for them to experience the Valle Dorata in the most immersive way possible, and to me, that’s First-Person Driving. The first thing I’d do is spawn my fastest car from the garage, turn on the First-Person Driving camera, and just joyride. The new Photo Mode is another much-requested feature I think players are going to love. So get out there, find some action and beautiful vistas, and take amazing screenshots to share with friends.

We’re super proud of everything the team has achieved, so I find it hard to pick one that I’m most excited about. I love the races; it’s a ton of fun to drive around our world at high speed in the amazing old cars. There’s loads of technical corners, and the better you get, the more satisfying they are to navigate.

The Combat Challenges are great as well. Standoffs push your limits when it comes to openly engaging enemies, and Assassinations are fun to experiment with until you nail that perfect run. There is one piece of content I think players are going to find especially intriguing and unexpected, though I don’t want to spoil it. Keep an eye out for notes in Enzo’s apartment—one may end up revealing something cool to investigate.

I’ve already mentioned First-Person Driving because it really hits differently, and that’s equally true during the story. Driving around with Cesare in first person is great fun, especially in Chapter 7. It adds to the immersion and feels like living in that moment with your best friend.Cinema Siciliano is another fantastic way to experience Mafia: The Old Country. We’ve gone out of our way to make it feel like you’re playing a genuine piece of classic Italian cinema. The visual treatment is stunning and it feels like you’re experiencing a black-and-white movie shot on an old-school sound stage, while the vintage-sounding audio convincingly brings the whole thing together.We’ve also added Classic Difficulty, adding a new degree of challenge and raising the stakes higher, making for even more reason to take another crack at Enzo’s journey.

On top of that, all the new items you can earn by playing Free Ride will be usable in the main story campaign.For new players, all of these elements will be present from the start, and having them as options throughout the game is going to be awesome. I’d recommend playing through on one of the original difficulties first, but if you’re confident in your skills—or just want to get punished—Classic puts them to the ultimate test.

Though it’s something the team always wanted to include, this is the first time we’ve officially supported first-person driving in the franchise. We’re massive driving fans, so it was important to get the details in the cars right.In terms of how it impacts exploration, it obviously changes the way you see things as you drive around immersed more firmly in Enzo’s shoes. I’ve spent many hours traversing the Valle Dorata with it now, and still stop to marvel at details I rarely noticed while zooming around in our classic third-person view. Tackling races in first person offers another new way to test your abilities, as dust and smoke from other cars add an intense and exhilarating perspective that the detached camera can’t easily convey.

We want players to explore the world in a freeform way, and Free Ride turns it into an expansive hub where you’ll find and access various Challenges by travelling around, unlocking Hitching Posts, and meeting contacts. Challenges are instanced and accessed via these contacts, and doing so will place you into a combat location or special world state.These combat encounters reuse mission locations, so once you’ve played the corresponding story chapter and unlocked a Challenge in Free Ride, you’ll get to re-experience areas in new ways. Races happen out in the world and we’ve placed them along less-traveled paths, so it should be fun seeing parts of the map you may have previously passed by.Of course, there may be new places to explore too, but that’s something you’ll have to discover for yourself…

Mafia: The Old Country’s Free Ride Update is available November 20, free for all PlayStation 5 players. If you haven’t picked up the game yet, PlayStation Plus Premium subscribers can try it via a Game Trial beginning Friday, November 21.","Wed, 19 Nov 2025 17:01:30 +0000",2025-11-20T06:50:23.734627,"{""source_name"": ""PlayStation Blog"", ""via"": ""rss""}"
https://blog.playstation.com/2025/11/19/new-game-plus-comes-to-ghost-of-yotei-november-24/,blog.playstation.com,New Game Plus comes to Ghost of Yōtei November 24,"On November 24, a free patch* for allGhost of Yōteiplayers will introduce New Game Plus, allowing you to replay Atsu’s quest for vengeance from the beginning with everything you earned throughout the campaign. Yes, that means it’s time to bring a gun to a sword fight, with all of the armors, abilities, and weapons from your first playthrough available from the start of the game.

New Game Plus will unlock after you’ve finished the main story, and will add new harder difficulty options and two new Trophies. There’s also a new currency called Ghost Flowers that you can exchange with a new vendor for more than 30 new cosmetics including new armor sets and weapon dyes, plus 10 new charms. You’ll also be able to earn an additional tier of upgrades for your existing armor sets and weapons.

Beyond New Game Plus, we also have a host of new features coming for the base game. Starting with this new patch, you’ll be able to replay content in the post-game after you’ve completed the main story, including a new stats display. We’re also adding new accessibility options including directional button remapping, and new Photo Mode features including shutter speed, a composition grid, and new filters.We’re happy to close out the year with these new features and excited to see what everyone creates in Photo Mode! We’re extraordinarily grateful for all of the support you’ve shown Ghost of Yōtei since our launch last month. Whether you revisit Atsu’s story in New Game Plus or jump in for the first time this holiday season, we hope you enjoy your time in Ezo, and we can’t wait to introduce you toGhost of YōteiLegends in 2026! Thank you for playing!

*Available via patch 1.100.000. Internet connection and account for PlayStation required.","Wed, 19 Nov 2025 14:01:51 +0000",2025-11-20T06:50:25.418673,"{""source_name"": ""PlayStation Blog"", ""via"": ""rss""}"
https://blog.playstation.com/2025/11/18/20251119-bf/,blog.playstation.com,(For Southeast Asia) PlayStation’s Black Friday Deals 2025,"Here at PlayStation, we’re excited to celebrate the holiday season and another year of gaming experiences with PlayStation’s Black Friday offers which kick off this week. Starting from November 21 for a limited time* gamers can explore a range of incredible deals on games, and more on  PlayStation Store.

Visit theofficial PlayStation Black Friday sitestarting on November 21 for updates on local offers, as promotions will vary by region.

Players in participating countries who join PlayStation Plus during PlayStation’s Black Friday promotion can save up to 33% on a 12-month membership (or 30% in Thailand). Current PlayStation Plus members can save 33% on the remainder of their membership when upgrading from PlayStation Plus Essential/Extra to PlayStation Plus Deluxe (or 30% in Thailand).

PlayStation Plus offers fantastic value, with access to hundreds of games including hit titles likeThe Last of Us Part II,Cyberpunk 2077,Mortal Kombat 1, andHogwarts Legacy***in the Extra and Deluxe tiers.

All PlayStation Plus members get access to monthly games, exclusive discounts, online multiplayer, and more.

Check out offers on hundreds of PS5 and PS4 digital games with savings of up to 75% on the PlayStation Store. Visit PlayStation Store when the promotion begins on November 21 to view the full selection and find out your local savings.

***Availability of Classics and Game Catalog varies over time, region/country, and plan. See https://www.playstation.com/Plus for details and updates on PlayStation Plus offerings. PlayStation Plus is an ongoing subscription subject to a recurring subscription fee taken automatically (at the then-current PS Store price) at the frequency you choose at purchase until cancellation. Terms apply: play.st/psplus-usageterms","Wed, 19 Nov 2025 02:00:58 +0000",2025-11-20T06:50:27.843420,"{""source_name"": ""PlayStation Blog"", ""via"": ""rss""}"
https://blog.playstation.com/2025/11/18/be-all-madden-in-madden-nfl-26/,blog.playstation.com,Be All-Madden in Madden NFL 26,"We’re honoring Coach John Madden’s legacy with all-new content across game modes in the November 19 title update ofMadden NFL 26. From leading your team the way Coach would, to celebrating the latest All-Madden team that represents his ideal player, there’s something for every player during All-Madden.Throughout Madden NFL 26 we’re infusing Coach Madden from the booth to the turf with new commentary lines speaking everything from John Madden’s Thanksgiving to his impact on NFL players, franchises, and fans. We’ve also added Team Select SFX that include samples from John Madden.

Speaking of, check out the full All-Madden team reveal, then jump into the All-Madden Legacy Game in Kick Off to play with and against iconic legends and NFL superstars in the historic Oakland Coliseum. Not only will you hear the Madden NFL 06 theme song in the pregame flow, you’ll also get original John Madden commentary for some of the featured All-Madden Team players like LaDainian Tomlinson. And when the final whistle blows? Celebrate victory the way Coach would’ve wanted – with a postgame Turducken celebration!

Watch our social channels and website for the full reveal, but here are some of the Legends and current Superstars from this year’s All-Madden rosters.Legends: Peyton Manning, Deion Sanders, Rob Gronkowski, Jason Kelce, JJ Watt, LaDainian TomlinsonSuperstars: TJ Watt, Justin Jefferson, Maxx Crosby, Baker Mayfield, Saquon Barkley, Quentin Nelson

Play football the way John Madden designed it with his legendary playbook on both sides of the ball, available to use across Madden NFL 26 game modes. Each is crafted around Coach Madden’s signature style, including several plays recreated from the original John Madden Football game.

In Franchise, lead with Coach’s iconic style and philosophy with multiple options. Play as John Madden himself by choosing the Las Vegas Raiders, then select a unique Coach Tile and lead your team on a quest to bring another Super Bowl trophy home to the Silver and Black.You can also take another direction and lead your Franchise with a new Coach Archetype: Master Motivator. Inspired by Coach’s unmatched passion and leadership, this archetype features 7 new abilities, 2 unique playsheets, and the 2 all-new playbooks.

New abilities:

New playsheets:

It’s time for your Superstar to step into Coach’s world with brand-new storylines, including a Quest line with an XP Boost reward and John Madden-themed Team Pass.

Finally, build a dream team worthy of Coach and chase greatness in Ultimate Team. Get a John Madden Champion player item for your offensive line, check out new player items for All-Madden Legends and current NFL superstars, and complete Challenges that relive key moments from Coach’s career.

This is dedicated to the man who helped define football for generations of players and fans. From his unmistakable voice to his unmatched football wisdom, our John Madden update is a tribute to the coach, the commentator, and the legend whose name lives on every Sunday. Be All-Madden and jump into Madden NFL 26 today and honor the legendary Coach that started it all.","Tue, 18 Nov 2025 16:30:07 +0000",2025-11-20T06:50:30.087573,"{""source_name"": ""PlayStation Blog"", ""via"": ""rss""}"
https://blog.playstation.com/2025/11/18/get-a-taste-of-neon-inferno-boss-fights-ahead-of-this-weeks-ps5-ps4-launch/,blog.playstation.com,Get a taste of Neon Inferno boss fights ahead of this week’s PS5 & PS4 launch,"Our hybrid side-scroller and gallery-shooterNeon Infernolaunches on PS5 & PS4 this Thursday, November 20. Rendered in beautiful pixel art and backed by an evocative soundtrack, Neon Inferno is a stylish, modern 2D action experience with cyberpunk flair. As you play either as Angelo Morano or Mariana Vitti, you’ll battle through the streets, blasting, deflecting, and slicing your way through your enemies, using multiple upgrades and weapon options to shift a city-wide conflict in your favor.

Today, we’re giving you a taste of the action with a first look at three mini-bosses that’ll put your skills to the test as you ride a jet-ski through a flooded city scene.

In this dystopian New York City, the yearly flash-floods have transformed the streets of Inner Manhattan into canals, and, after receiving orders from your superiors to eliminate an important informant, you’ll find yourself coming face-to-face with three challenging mini-bosses as you enter its West Village district on jet-ski, heedlessly rushing into the storm.

Immediately you encounter several hyper-militarized NYPD officers in hot pursuit, coming at you from all sides in both foreground and background. Luckily, they can each be taken out in just one shot.

The NYPD will also send in autonomous drones of two varieties. The first model of drone fires glowing green bullets, which you can easily deflect back to destroy their source machine. But the second model drops deadly missiles on top of you, and these must be avoided entirely.

During and between all of this, obstacles might appear in the background, and you must contend with these as well. You’ll see a warning icon right before an obstacle comes onscreen, so react in time and switch lanes on your jet-ski to avoid crashing.

​​

Their standard protocols having failed, the NYPD sends in the first of our three menaces: the “Leviathan”, a highly-armored submarine outfitted with two heavy cannons! The smaller of the two typically fires pulsing rounds which can’t be deflected, but it can also shoot green ones if and when its barrel starts to, well, glow green. Get your timing right and deflect back any green bullets to deal even more damage!

Like with most other enemies, you can shoot at the Leviathan while it’s in the background, but its cannons still track you even from a distance! The larger cannon can fire orange spherical projectiles which explode onto the water, breaking into two smaller orbs that you must jump off your jet-ski to avoid. Alternatively it may fire another type of projectile, a blue one, which breaks into three smaller projectiles in three different directions. So pay attention to the color of each projectile, and above all, pay attention to whenever the Leviathan dives underwater and where it resurfaces. You don’t want to get caught off-guard if this behemoth reappears from right under you!

The second menace is the flying “Dreadnought”, an airship constructed by the corporate mercenary group Pangaea. The Dreadnought features many different types of cannons right along its hull. Dodge its larger cannons’ pulsing red-and-blue projectiles, while deflecting its smaller cannons’ green bullets right back at their mothership. On top of this bullet ballet, you’ll also have to avoid the laser beams which the machine fires downwards from time to time!

While this particular miniboss could seem trivial, since all you really have to do is shoot up, your positioning is also key, and this makes things quite tricky. Pay attention whenever the Dreadnought’s laser beams are about to fire, and be careful not to get caught in a bullet volley while avoiding said lasers. And if you think you can just hang out on the left side of the screen and cruise through this fight, you’ll find plenty of grenades dropped right on top of you from the airship’s sliding hatch.

As the Dreadnought goes through its destruction sequence, that aforementioned hatch opens one last time to release our third and last menace: the “Hydrosnake”, an unmanned yet highly-lethal killing machine that will stop at nothing to annihilate you. It dives in and out of the water with all the skill of an Olympian, launching itself into the air as it pummels you with projectile fire. Like with the Leviathan, pay attention whenever the Hydrosnake dives into the water, and closely track where it comes up. The Hydrosnake might even launch itself completely offscreen and dive back directly onto your position, so make sure to watch out for any warning icons: They might save your life!

You’ll also want to keep an eye on the Hydrosnake’s primary laser, whose status is indicated by a pulsing light at the snake’s red “eye”. This laser beam drags across your entire lane, whether you’re in the foreground or the background, so you’ll want to dodge to the opposite lane before it fires. Thankfully, the entire body of the Hydrosnake is susceptible to your blaster-fire, so keep on shooting and you’ll prevail.

But what’s the best part about defeating these three minibosses? This entire flooded city scene is only the start of this epic mission. You’ll have plenty to look forward to even after your victory – provided you are indeed victorious – with more new, unique, and hand-crafted challenges to come.

Think you have what it takes to defeat these three mechanical monsters? Battle the Leviathan, the Dreadnought, and the Hydrosnake in Neon Inferno – available for PlayStation 4 and 5 on November 20, 2025. And if you can’t wait?Wishlist Neon Inferno now!","Tue, 18 Nov 2025 16:00:03 +0000",2025-11-20T06:50:31.758416,"{""source_name"": ""PlayStation Blog"", ""via"": ""rss""}"
https://blog.playstation.com/2025/11/18/playstations-black-friday-deals-2025/,blog.playstation.com,PlayStation’s Black Friday Deals 2025,"Here at PlayStation, we’re excited to celebrate the holiday season and another year of gaming experiences with PlayStation’s Black Friday offers which kick off this week. Starting from November 21 for a limited time* gamers and gift givers alike can explore a range of incredible deals on PS5 consoles, games, accessories, and more across PlayStation Store,direct.playstation.com, PlayStation Gear, and at participating retailers.*

Visit theofficial PlayStation Black Friday sitestarting on November 21 for updates on local offers, as promotions will vary by region and retailer.

This year, save on hardware and accessories including PlayStation 5 console offerings, PlayStation VR2, PlayStation Portal, DualSense controllers and more. You can find these offers ondirect.playstation.comwhere available as well as at participating local retailers.

Deals on PS5 Console offerings include:

There will also be offers for PS5 accessories and games,* including:

Players in participating countries who join PlayStation Plus during PlayStation’s Black Friday promotion can save up to 33% on a 12-month membership. Current PlayStation Plus members can save 33% on the remainder of their membership when upgrading from PlayStation Plus Essential/Extra to PlayStation Plus Premium/Deluxe.

PlayStation Plus offers fantastic value, with access to hundreds of games including hit titles like The Last of Us Part II, Cyberpunk 2077, Mortal Kombat 1, and Hogwarts Legacy***in the Extra and Deluxe/Premium tiers.

All PlayStation Plus members get access to monthly games, exclusive discounts, online multiplayer, and more. In addition, Premium members can also Cloud Stream select digital PS5 games from their library**** and the game catalogue directly to their PS5 and PS Portal remote player – which is also part of our Black Friday deals.

Additionally, within the Sony Pictures Core app, PlayStation Plus Premium members also have access to the Sony Pictures Catalog with up to 100 movies to stream on demand.***** During the Black Friday promotional period, all PS5 and PS4 players can enjoy movie discounts, while PlayStation Plus members can enjoy even deeper discounts on recent releases including BAD BOYS: RIDE OR DIE, TAROT, and more.

Head over toPlayStation Gearto save 60% off sitewide on all merchandise including apparel, drinkware, and more from fan-favorite titles like Astro Bot, The Last of Us Part II, and God of War Ragnarök – no promo code necessary. Visit gear.playstation.com for more details.

Check out offers on hundreds of PS5 and PS4 digital games with savings of up to 75% on PlayStation Store. Visit PlayStation Store when the promotion begins on November 21 to view the full selection and find out your local savings.

*Actual retailer prices and availability may vary. Products may have different sales periods. See specific offer details on product detail pages or retailer sites.

**Flowering Chaos Bundle is a PlayStation exclusive until 11/26/2026.

***Availability of Classics and Game Catalog varies over time, region/country, and plan. Seehttps://www.playstation.com/Plusfor details and updates on PlayStation Plus offerings. PlayStation Plus is an ongoing subscription subject to a recurring subscription fee taken automatically (at the then-current PS Store price) at the frequency you choose at purchase until cancellation. Terms apply: play.st/psplus-usageterms

****Digital PS5 games available to stream from Your Library will vary over time, region, and country. See PlayStation Store to check eligibility.

*****Catalog content varies over time, region/country, and plan, and requires separate download and use of Sony Pictures Core App. Movie credit, if available, may be applied instead of discount.","Tue, 18 Nov 2025 13:00:27 +0000",2025-11-20T06:50:33.751438,"{""source_name"": ""PlayStation Blog"", ""via"": ""rss""}"
https://blog.playstation.com/2025/11/17/new-lost-soul-aside-update-out-tomorrow-includes-wave-based-surge-of-voidrax-mode/,blog.playstation.com,"New Lost Soul Aside update, out tomorrow, includes wave-based Surge of Voidrax mode","Are you ready to step back in with Kaser and Arena on their epic journey inLost Soul Aside? The team has taken player feedback onboard since launch, and we’re excited to share our biggest free update yet, available tomorrow, November 18. This update introduces the new challenge mode, Surge of Voidrax, along with a range of visual, audio, and gameplay upgrades designed to make the adventure feel sharper, richer, and more seamless than ever.

To seal the scattered Voidrax energy, Liana has constructed the Surge of Voidrax Dimension using Imperial technology. However, the gathered energy has manifested into Phantom Voidrax, unleashing relentless surges of Voidrax energy that continuously breach the boundaries.

At Liana’s request, Kaser will enter the Surge of Voidrax Dimension, confront up to a 100 waves, and fight tirelessly to quell the chaos and stabilize the interdimensional seal.

100-waves challenge:Battle through 100 back-to-back enemy waves, each tougher than the one before. It’s a pure test of endurance and strategy that will push your limits.

All skills & weapons unlocked:All skill trees and four main weapons are available from the get go. Optimize your combat style and adapt to varied battle scenarios.

Surge of Voidrax isn’t just a mode; it’s a true test of skill, strategy, and perseverance. How far can you go?

Beyond the new challenge mode, this update also delivers comprehensive enhancements to elevate your gameplay experience for both new and veteran players alike.

Eager to experience the core action immediately? Now you can choose to skip the Prologue, jumping directly into the fight and immersing yourself in the exhilarating combat system of Lost Soul Aside.

Stuck on complex puzzles or challenges? The new Voidrax Pathfinder guides you directly to objectives or helps unlock puzzles, letting you explore at your own pace.

Personalize your look with a variety of new appearances, including customizable “X” weapon accessories, classic Crystal weapons, and stunning armor and knight costumes—perfect for crafting your own signature style.

Cutscenes have been completely revamped! We enhanced character expression animations for more lifelike emotion, improved global lighting and shadow effects to heighten the atmosphere, and added environmental voice lip-sync animations. Together, these upgrades deliver a truly cinematic storytelling experience.

From the extreme challenge of Surge of Voidrax to personalized experiences with the Voidrax Pathfinder, and polished cinematic storytelling to a wealth of new appearances, this update is packed with sincerity, aiming to present a richer, more engaging gameplay experience inLost Soul Aside.

Dear Souls, it’s time to return, prove your strength in the Surge of Voidrax, and experience the evolution of your adventure.","Mon, 17 Nov 2025 14:00:17 +0000",2025-11-20T06:50:36.088838,"{""source_name"": ""PlayStation Blog"", ""via"": ""rss""}"
https://blog.playstation.com/2025/11/14/official-playstation-podcast-episode-528-raiders-of-the-lost-arc/,blog.playstation.com,Official PlayStation Podcast Episode 528: Raiders of the lost Arc,"Subscribe viaApple Podcasts,Spotify, ordownload here

Hey, everybody! Sid, Tim, and Kristen are back this week to discuss this week’s State of Play Japan, which focuses on the Japanese and Asian markets, the thrill of going topside in Arc Raiders, and all the games the team has been playing and looking forward to. This episode also includes an interview with Miles Leslie, Associate Creative Director, Treyarch for Call of Duty: Black Ops 7

Stuff We Talked About

Kristen Zitani–  Senior Content Communications Specialist, SIE

Thanks toDormilónfor our rad theme song and show music.

[Editor’s note: PSN game release dates are subject to change without notice. Game details are gathered from press releases from their individual publishers and/or ESRB rating descriptions.]","Fri, 14 Nov 2025 19:26:03 +0000",2025-11-20T06:50:38.241610,"{""source_name"": ""PlayStation Blog"", ""via"": ""rss""}"
https://blog.playstation.com/2025/11/14/share-of-the-week-it-happens-on-ps5/,blog.playstation.com,Share of the Week: It Happens On PS5,"This week marks PS5’s fifth anniversary! To celebrate, we asked you to share unforgettable moments from the last five years using #PSshare #PSBlog. Here’s this week’s highlights:

​​

Dande_Lion55shares the iconic fight between Kratos and Thor in God of War Ragnarōk

PattyGnandshares pixel-level celebration in Astro Bot

FrameCaptureVPshares Ellie swinging an axe through the shadows in The Last of Us Part II Remastered

ibis_monkshares Aloy taking to the skies in Horizon Forbidden West

secondcaptureshares an epic armor set in Demon’s Souls

sorathlunashares Higgs playing his battle guitar atop a pillar with a gigantic BT in the background

Search #PSshare #PSBlog on Twitter or Instagram to see more entries to this week’s theme, or be inspired by other great gamesfeaturing Photo Mode. Want to be featured in the next Share of the Week?

THEME: Side QuestsSUBMIT BY: 11:59 PM PT on November 19, 2025

Next week, we’re headed on a side quest. Share moments that transpire when you venture off the golden path in the game of your choice using #PSshare #PSBlog for a chance to be featured.","Fri, 14 Nov 2025 17:00:03 +0000",2025-11-20T06:50:40.270396,"{""source_name"": ""PlayStation Blog"", ""via"": ""rss""}"
https://blog.playstation.com/2025/11/14/wuthering-waves-version-2-8-introduces-the-chronorift-metropolis/,blog.playstation.com,Wuthering Waves Version 2.8 introduces the Chronorift Metropolis,"Hello, Rovers. Happy to see you again. This time, I’ll walk you through the latest updates ofWuthering WavesVersion 2.8. In Version 2.8 To the City Set in Amber, set to launch on November 20, Rover will be joined by a new Resonator companion, Chisa, on a journey to the enigmatic fallen city, the Chronorift Metropolis — Honami. There, abnormal frequencies abound, and the loop of time awaits someone to set it free. Expect new stories, characters, locations, optimizations, and more content.

After the Rinascita arc concluded, Rover returned to the Black Shores and learned that they had unexpectedly captured a completely new frequency. During the Black Shores’ continued investigation, they found a rift leading to an unknown Sonoro Sphere. Rover will enter the mysterious Chronorift Metropolis through the Sonoro entrance.

The Chronorift Metropolis was once a thriving commercial hub, previously known as Honami City. But decades ago, it was destroyed by the Lament and permanently sealed within a Sonoro Sphere, eventually becoming what we see today. The once-bustling skyscrapers are now covered in overgrowth. Seawater has flooded lowlands and roads. But the Lament that brought ruin to this city never truly vanished. It still lingers in the city, sometimes giving rise to unstable anomalies.

The recurring Lament has trapped the city in a time loop, resetting and destroying it over and over. The people you see moving about are no longer who they once were. They’re now known as the Left Behind—phantoms repeating the habits of their former lives, reliving the same daily routine. The entire city, along with its Left Behind, is imprisoned within the Sonoro Sphere, cut off completely from the outside world. It’s Rover’s unexpected arrival that brings change to this sealed space.

In Version 2.8, Main Quest Chapter II Act XII Stagnant Dawn on Wastelands and Main Quest Chapter II Act XII Segue Flowing Starlight in the Iris will both become available on November 20. In this iridescent, end-of-days metropolis, break the Lament that engulfs the city.

Long black hair, striking red eyes, and crisp, simple uniform, the mysterious science-minded stop student Chisa will debut in Version 2.8 and unveil the secrets hidden beneath Honami with Rover. Chisa’s Forte is Clipping. Though she arrived in Honami by accident, with her calm, serious nature and exceptional learning abilities, she adapted here quickly and managed to carve out a safe haven in this fallen city with her Forte.

Those giant scissors Chisa wields look heavy, but she handles them with ease. Chisa was born into a tailor’s family, so she could shift their form to suit her needs in different situations. She uses them not only to cut papers into shapes she loves but also as handy and versatile tools.

Chisa is a 5-Star Havoc Resonator who wields a Broadblade as her weapon. During battle, Chisa swings her massive scissors along precise geometric trajectories, with crimson trails flashing from the edges, pinpointing enemy weaknesses with calm, calculated grace. Under certain conditions, she can switch her scissors into a high-damage chainsaw form, allowing her to deliver rapid and devastating finishing attacks. When Chisa activates a specific skill, her red scissors project a semi-transparent giant phantom. She briefly steps back, then clips forward, cutting through the enemies. When unleashing her Resonance Skill, a unique vision manifests in Chisa’s eyes, marking all enemies within range. She then uses the winch on her scissors to pull some of the marked targets closer for a slicing attack.

Each of her attacks builds up her Forte Gauge. Once it’s full, Chisa can unleash Resonance Skill and transform her weapon. She steps firmly onto the winch, and as dark red particles burst from it, the scissors switch into Chainsaw Mode. Then, Chisa uses the chainsaw to unleash a flurry of swift and unrelenting slashes. When Chisa casts her Resonance Liberation, her eyes glow bright violet, revealing the weak spots of all things before her. She raises her giant scissors and delivers a rending strike to her foes while healing allies at the same time.

This young Taoist Buling from Huanglong, Mengzhou, sports a trendy look and excels in talisman divination, fortune-telling, and other mystical arts. As a free-spirited traveler and Black Shores’ Consultant wandering the world, Buling’s open and cheerful personality wins her friends and intel for the Black Shores wherever she goes. Buling wears something like headphones, which tie directly to her Forte. Her ears are incredibly sensitive to frequencies that haven’t taken shape, so she can often hear sounds others can’t. This special headset she wears helps filter out some of the noise. She can also use her Forte to sense potential danger nearby.

​​

Buling is an Electro Resonator who wields a Rectifier as her weapon. Her combat style is fluid and lively. During battle, the talisman she draws from the casket seems casual, but there’s a method to the madness. The copper coins she flicks are actually lethal finishers, and the crisp-sounding magic bell can lock enemies in a formation. As Buling’s different attacks land, two types of Trigrams form around her, and she can gather up to four Trigrams.

By consuming two Trigrams, she can unleash different enhanced attacks and build up her Forte Gauge. When Buling unleashes her Resonance Skill, she moves as swiftly as lightning to set up a formation around her enemies and summon thunder to strike them. With the clear chime of her magic bell, the enemies are drawn into the center of her formation. When her Forte Gauge is full, Buling can unleash Resonance Liberation, casting a thunder spell and tossing a copper coin that shoots like lightning to damage the enemies. At the same time, the formation expands the magic bell chimes within, immobilizing enemies and continuously damaging them.

Version 2.8 introduces the new area, Chronorift Metropolis —Honami City. In this abandoned city, Chiasa used her Resonance Ability and clipped out this safe space—a cafe located at Honami Crossing, as a secret base—shielding it from the influence of the Lament. This Cafe isn’t just a safe haven for Rover and Chisa to catch their breath. It’s also a hub that connects to other parts of the city. In Version 2.8, Rover will set out with Chisa from here, head to more corners worth exploring, and live through the city’s stories firsthand.

In this city, you’ll see not only iridescent, blue skies, gravity-defying skyscrapers, but also the mysterious tower that rises at the city center—Neon Tower.

As you walk with Chisa, a soft breeze flows by, and pink petals drift across the sky like clouds. You’ll encounter sights that heal and give hope. As Version 2.8 launches, get ready to explore the beauty of this fallen city.

Besides new content, this update also introduces several QoL optimizations. First, we added the one-click absorption of all absorbable Echoes feature. After the update, with just one absorption action, you can absorb all Echoes within a certain area. Rovers will no longer need to absorb them one by one. Compared to regular overworld exploration, the absorption radius inside the Nightmare Nest will be a bit larger so that Rovers can gather all the daily Echoes in one go.

After the Version 2.8 update, Resonator Ascension, Weapon Ascension, and Skill Upgrade menus will receive a new Auto Supplement feature. When the required upgrade materials are insufficient, clicking this button will open the Auto Supplement screen, where you can directly see which materials you need and use Synthesis, Conversion, or Supply Packs—all without switching to other menus, making it much faster to fill everything you need.

Also, during Synthesis, if low-rarity materials are insufficient, the system will automatically search for lower-rarity materials and Supply Packs and auto-fill the list until the requirement is met. If Synthesis, Conversion, and Supply Packs still cannot provide enough materials, a shortcut button will appear to guide you directly to their acquisition sources.

Last, we have some more exciting news to share—Wuthering Waves PS5 Collector’s Edition Set is scheduled for release in Spring 2026. More details will be announced later on our official social media—follow us and stay tuned. Now, let’s continue this unfinished journey together. Wuthering Waves Version 2.8 To the City Set in Amber will officially launch on November 20. Rovers, see you in Honami!","Fri, 14 Nov 2025 13:00:38 +0000",2025-11-20T06:50:42.893095,"{""source_name"": ""PlayStation Blog"", ""via"": ""rss""}"
https://news.xbox.com/en-us/2025/11/19/friendship-and-duality-heart-of-spongebob-squarepants-titans-of-the-tide/,news.xbox.com,How Friendship and Duality Are at the Heart of SpongeBob SquarePants: Titans of the Tide,"InSpongeBob SquarePants: Titans of the Tide, available now for Xbox Series X|S, we wanted to place a special focus on the themes of duality. SpongeBob and Patrick are longtime BFFs, but strikingly opposite in their approach to challenges. SpongeBob is the eternal optimist, hardworking and curious, while Patrick is laid back, good natured and carefree. The two are united in their love for live, playing jokes, and annoying Squidward.

It’s a character trope that we see throughout the series through other character relationships like Mermaid Man and Barnacle Boy and Plankton and Karen. The series always focuses on interpersonal relationships and finding unity in differences. This was a huge inspiration for us as we approached the antagonists King Neptune and the Flying Dutchman, and we felt like this was a unique opportunity to take this recurring series theme and apply it to a less explored dynamic between two series characters.

When we set out to makeTitans of the Tide, we had two strong SpongeBob games to base our learnings on.Battle for Bikini Bottom-Rehydratedremains a cult classic, beloved by the SpongeBob community. Its gameplay is a little slower, but the writing and story development is superb and all three main characters – SpongeBob, Patrick, and Sandy are playable. WithCosmic Shake, we focused on the fidelity of gameplay and wanted to highlight this through focusing on SpongeBob as the main character with Balloon Patrick by his side throughout their adventures. InTitans, we further refined gameplay by re-introducing Patrick as a playable character. You can see the duality theme pop back up again here as SpongeBob and Patrick’s approach to saving Bikini Bottom varies with their skillset.

While SpongeBob is an agile karate king, Patrick’s burly nature helps players to pick up and throw heavy objects, burrow, and use a grapple hook to bring objects closer to him. Switching between the two characters is seamless, which lends itself to epic combinations and unique puzzling. We intentionally kept the basic fighting and traversal abilities mechanically similar (though vastly different in animation style) so that parents and kids alike can play large swathes of the game as their favourite character.

Let’s take a moment to talk about the antagonists: King Neptune is a posh aristocrat whose main concern is his reputation and debonair lifestyle, while the Flying Dutchman is a rowdy pirate who haunts the Seven Seas. Bringing these larger-than-life characters to our audience can be challenging. We worked hard to match the dialogue and character developments throughout the game to those of the series, so that viewers and players have a seamless experience throughout the SpongeBob universe. Once our base for the characters was established, we prototyped the story outline and filled it in with dialogue and story development based on the development of our key features so that the result is a smooth experience that feels like a natural extension to the series.

In creating the story, we started with the premise that Mr. Krabs was having a 50% off discount at the Krusty Krab. Pay half price for, well, half of a Krabby Patty. A legendary marketing move, courtesy of Eugene Krabs. The Flying Dutchman has been waiting in line for hours when King Neptune storms in and jumps the line. The two iconic egos clash and chaos is unleashed upon Bikini Bottom. Half of the population is turned into ghosts, including SpongeBob who’s caught in the crossfire. Luckily Patrick and SpongeBob figure out that they can trade places as the “ghost buddy” by holding their BFF rings together. While King Neptune and the Flying Dutchman battle it out, you follow SpongeBob and Patrick in their journey to reconcile those two old geezers.

We’ll leave the rest for you to explore and we look forward to seeing what your favorite moments are.SpongeBob SquarePants: Titans of the Tideis available now for Xbox Series X|S.

How do you stop the two biggest egos of the Seven Seas from fighting? A clash between the Flying Dutchman and King Neptune has unleashed ghostly mayhem all over Bikini Bottom. SpongeBob and Patrick will need all their skills, bravery and – dare I say – wit, to return life to what passes for normal in their undersea home. Join Bikini Bottom's most notorious duo on their ghostliest adventure yet!

Switch seamlessly between SpongeBob and Patrick
Combine SpongeBob and Patrick's unique platforming skills
Master Patrick's brand-new skills like grappling and burrowing
Experience a new ghostly story
Fully voiced by the original cast of the show
Visit iconic locations like Neptune's Palace and Mount Bikini
Battle epic bosses like the Flying Dutchman, King Neptune and Hibernation Sandy","Wed, 19 Nov 2025 19:00:00 +0000",2025-11-20T06:50:45.135349,"{""source_name"": ""Xbox Official News"", ""via"": ""rss""}"
https://news.xbox.com/en-us/2025/11/19/making-of-delta-forces-newest-map-monument/,news.xbox.com,"Building a Vibe: The Making of Delta Force’s Newest Map, Monument","Delta Forcehas been out on Xbox Series X|S for a little more than three months. Available for free, the game provides three distinctive modes for players of various taste palette: Operations, the game’s accessible, Operator based Extraction Shooter; the Black Hawk Down PvE campaign; and Warfare mode, where players engage in vehicle and/or infantry skirmishes taking place on a growing roster of maps, with its latest addition: Monument. It’s big, with lots of POIs and routes, meaning it’s packed with gameplay opportunities. But this map is more than just a new playground with a new look. It’s delivering a vibe. I spoke with two developers from the team to find out what this map was all about, and why it was so special for the team.

The making of this map took a rebellious turn. Gameplay-first has always been Team Jade’s go-to recipe but with this map, the team decided to flip the script. “I think it really started with a tribute,” said Kai, Level Designer at Team Jade who worked on this map. “We really liked ‘Operation Monument,’ the first mission fromDelta Force: Land Warrior. We were discussing what to make next, and someone tossed out: ‘Why don’t we do a pyramid?’ and instantly, everyone just knew—that’s it!”

“This wasn’t just about a simple remake,” he continued. “With modern tech, we finally had the power to actually deliver the desert atmosphere and pyramid experience we’d dreamed of. This was very much a continuation of that classic experience. Getting the opportunity to build content around this really fired us up.”

“We wanted this map to let players truly immerse themselves in the unique atmosphere of the local culture, and this became our top priority for this map,” Wei, the 3D Environment Artist, chimed in. “So, our team actually made the trip out there for hands-on research—to experience the real sand dune terrain and pyramid architecture for ourselves.”

The caveat here, is that the team had already built a prototype of the map, in a bunch of grey boxes as you’d imagine in the engine editor. The team thought the trip would just add some cherries on top, but they were wrong. This trip, as it turned out, changed everything.

“Honestly, picturing something in your head and seeing it with your own eyes are two completely different things,” Wei laughed. The already built “greybox” version of Monument, designed with a traditional gameplay-first, hand-crafted approach, “showed promising results in internal playtests, but when we actually stood among the pyramid complex, we realized the real terrain’s elevation changes and sheer scale far exceeded anything we’d imagined. The desert environment really amplifies the grandeur and mystery. This vibe is something that we must, we have to deliver with this map.”

After the team got back, they effectively redesigned the map, drawing inspiration from the actual terrain. This “authenticity-first” approach, bolstered by photogrammetry scanning done back in the HQ office, created natural combat spaces that felt more organic than anything they could have “hand-designed” from scratch. “It’s like every grain of sand, every brick carries a story,” Wei said.

But getting the look and feel right is only half the job for a map. That’s where level designing shines. “Overall, Monument is a map that combines the diverse combat experiences from… Warfare mode while showcasing distinctive regional culture,” Kai remembered. The battlefield is split into four sectors, each with its own feel, from an abandoned town in Sector A to the dunes of Sector C.

“Sector D brings us inside the pyramid itself, with a maze of passages,” he beamed with excitement. This is where the “vibe” and the “gameplay” truly merge. “Besides the orderly corridors built by craftsmen… there are also secret passages carved out by tomb raiders over the centuries. So if a frontal assault gets too tough, try switching things up and taking a different route; you might stumble onto something unexpected. Players want big maps filled with POIs and routes, and this map really just speaks to that.”

I asked Kai what the team was most excited for players to experience. “I can’t spoil too much,” he chuckled a bit, “but there’s this feeling as the battle progresses. You gradually move from the distant town, across the dunes, closer to the pyramid, and finally step inside, with each stage offering a totally different feel… It’s those moments where you breach that final interior, with sand trickling from the crevices and the distinct sound of the Ney flute in the music… that’s the stuff that sticks with me. Like, this is so cool. You don’t usually get to experience this in a shooter.”

“Players may have already seen pyramids in movies or history books,” he finished, “but this is their first chance to really explore one… running freely, driving at full speed, and fighting in its shadow. We hope everyone has a blast playing it.”

Delta Forceis now available for free on Xbox Series X|S. Season Ahsarah, featuring the Monument map, is available now. On top of this new map, the game is to introduce a new Engineer Operator, Gizmo and more content to the game.Delta Forcewill support console only cross-play with this new season, and native mouse and keyboard input, among other console-specific improvements.

Delta Force is back! 

The iconic series returns as the definitive free-to-play modern team-based tactical shooter, and featuring three distinct gameplay modes: 

– Warfare: battle the enemy across land, sea and air in truly epic 32 v 32 PvP combat, featuring a wide range of vehicles and unique tactical gear.

– Operations: Delta Force meets the next generation extraction shooter as you deploy behind enemy lines with your squad, search for valuables, take on rival players, and extract before it’s too late. Alternatively, our PvE Raid mode offers challenging objective-based missions designed to push your squad to the limit.

– Black Hawk Down: step into the boots of legendary Delta Force operators for this remake of the classic series campaign based on the gripping 2001 movie.

We are committed to NO PAY-TO-WIN and development is driven by community feedback. Fair play is a top priority, and our dedicated G.T.I. security anti-cheat team ensures a fair gameplay experience by proactively targeting and removing cheaters.

And remember…

“No-one gets left behind”","Wed, 19 Nov 2025 18:00:00 +0000",2025-11-20T06:50:46.882517,"{""source_name"": ""Xbox Official News"", ""via"": ""rss""}"
https://news.xbox.com/en-us/2025/11/19/behind-the-scenes-goat-simulator-3-next-expansion/,news.xbox.com,Behind the Scenes of the Baadlands – Goat Simulator 3’s Next Major Expansion,"Hey Goat Sim fans! I’m super excited to let you in on some behind-the-scenes details onGoat Simulator 3’s new expansion,Baadlands: Furry Road, which launches today for Xbox Series X|S.

In the beginning, the plan was to simply create a western-themed DLC. But as production started, we realized we had more fun leaning into the post-apocalypse of San Angora, the island on whichGoat Simulator 3takes place. We also knew early in development that we wanted to have a cool – and totally unique-to-our-franchise – vault that you would have to work to unlock, but what we put inside was discussed for quite a while longer…

To differentiate the world ofBaadlandsfrom theMultiverse of Nonsense, our first major DLC that we launched last year, we set out to make it as one big, coherent world, rather than a mix of several worlds. While at its core,Goat Simulator 3is a sandbox experience designed for everyone, inBaadlandsthe world will fight back more than you might be used to, so seasoned goat-enjoyers should prepare for a bit more of a challenge!

InBaadlands, we wanted the moment-to-moment traversal to feel fresh and different. This time around, you will be able to drive your own personal motorcycle, which can be summoned at will like a trusty apocalyptic steed! Goats have never looked so cool, and with a variety of new customizations for both the goats, their baas and bike itself, we’re excited to see how you style yourselves as they ride the dunes.

As always, we’re introducing a variety of new Goat Gears, alongside motorcycles, and these will really push the limits of physics and movement. From overpowered Propeller Horns to some potentially dangerous experiments with fire…

We feel like we’ve really outdone ourselves when it comes to topping weird abilities. For example, there is one Goat Gear that is very hungry. And it was added for the same reason we make most things: it’s dumb and makes us laugh. There might also be a couple of Gears that allow you to earn a lot of currency quite fast,ifyou can figure out how to use them in clever ways around the Baadlands.

We don’t want to reveal too much for those excited to hunt down and unlock the Gears themselves, but there truly is something for everyone.

We’re excited and terrified to see how you end up breakingGoat Simulator 3and our brand-new apocalyptic world. Did we consider cutting some of the most broken Goat Gears? Yes. But let’s be honest, withGoat Simulator, the best features are the bugs we found along the way.

Baadlands: Furry Roadis available right now on Xbox Series X|S forGoat Simulator 3– we’ll see you in the wasteland!

Coffee Stain Publishing AB

$14.99

A calamity has unfolded across San Angora, transforming the island into a vast desert. Nobody’s quite sure why, but let’s be honest… it was probably Pilgor’s fault. Again.

Play as Baallistic Pilgor, the antihero and survivor of the apocalypse. Roam around the Baadlands on your motorcycle, butt heads with bizarre rival factions, establish your town and harass its citizens, and try to figure out what’s behind the mysterious vault. All this while covered in sand. 

KEY FEATURES:
– You’re G.O.A.T! (still, always, forever)
– Sand. So much sand. Enough sand to get everywhere. And I mean everywhere
– You know the expression ‘when pigs fly’? It’s almost like that, but instead of a pig, it’s a goat. And instead of flying, the goat can ride a motorcycle. A customisable motorcycle. Woah
– Explore a vast wasteland with familiar pre-apocalypse remnants hidden among the dunes
– A new currency to acquire for all your apocalyptic needs. Finally, you can be broke in the game, just like in the real world. This simulation is getting too real y’all
– Paint the town red with destruction or build it up like a productive member of society (but destruction is more fun)
– New goats, gears, vehicles, achievements, and quests to keep your chaos addiction well-fed

Coffee Stain Publishing AB

$29.99$11.99

Pilgor’s baaack!  

Gather your herd and venture forth into Goat Simulator 3; an all-new, totally realistic, sandbox farmyard experience that puts you back in the hooves of no one's favourite female protagonist. 

That’s right – we’re doing this again. The baa has been raised, and Pilgor is joined by other goats too. You can invite up to three friends in local or online co-op, create carnage as a team, or compete in mini-games and then not be friends anymore.

Get ready for another round of udder mayhem. Lick, headbutt, and ruin your way through a brand new open world in the biggest waste of your time since Goat Simulator! We won’t tell you how to play (except in the tutorial), but merely provide the means to be the goats of your dreams.

KEY FEATURES:

– You can be a goat
– Three of your friends can be goats too, and join you in local or online co-op
– No really, there are so many goats. If you want to be fancy you can wear the skins of tall goats, stripey goats, and many more. There’s a goat for everyone!
– Or dress up your goat in all kinds of nonsense, from toilet rolls to tea trays. Put on a jetpack for all we care
– This time we actually hired ‘game designers’ and we’re told they’ve added ‘an ok amount of content’; events, NPCs to mess with, physics, status effects, collectables, easter eggs, lies, betrayal, heartbreak
– They’ve added mini-games too, lots of mini-games (seven is a lot, right?) 
– Who said anything about a musical? 
– You can be Keanu Ree… (jk, wanted to check you were still reading)
– But you can be a goldfish (true story)

Cross-ownership
Goat Simulator 3 features cross-ownership integration, which means that purchasing this content will grant access to it on both Xbox One and Xbox Series X|S consoles.

DISCLAIMER:

Goat Simulator 3 is another completely stupid game. Will this game teach you how to become one with your local herd? Probably not. Learning about real goats with David Attenborough or something would absolutely be the smarter thing to do.


Xbox Series X|S
Supports 1-4 players co-op

Xbox One
Supports 1-2 players co-op","Wed, 19 Nov 2025 16:00:00 +0000",2025-11-20T06:50:48.571819,"{""source_name"": ""Xbox Official News"", ""via"": ""rss""}"
https://news.xbox.com/en-us/2025/11/19/xbox-culture-of-play-report-gaming-survey/,news.xbox.com,Gaming: Time Well Spent,"We spend more time than ever scrolling, swiping, and streaming. Most of it passes by in a blur, and habits like doom-scrolling fill the time but leave us feeling empty. But there’s one type of entertainment that feels different – one that gives back, turning moments into meaning – and in a way that our social feeds rarely do. Gaming.

That’s the story behindThe Culture of Play Report,a new look at why play feels different and why so many people say it’s timewell spent. To get a truer picture of how players feel about gaming, we partnered with Edelman Data & Intelligence to survey 1,500 adult video game players in the U.S. – representing a broad mix of play styles and perspectives, from core players to casual participants, across diverse demographics and backgrounds (you can read more about the report’s survey below).

The findings reveal three key reasons players keep coming back: meaning, connection, and self-expression. It’s something you’ve known for years, and now the world is catching on: gaming just might be the most fulfilling, socially connected, and powerful form of entertainment today.

Nearly 68% of players surveyed say gaming is more emotionally fulfilling than their other hobbies, and three in four reported feeling that they’re doing something meaningful when they play. At Xbox, we think that’s for good reason: games don’t just entertain us – they ask something of us. When we build, explore, or compete, we create our own joy. The reward isn’t passive. It’s personal.

Six in ten players in our study made lifelong friends through gaming, and more than half say their communities have supported them in tough times. In a world of fleeting interactions, gaming helps build something lasting – real connection. Connection so real, in fact, that three in four players we talked to hope to pass their love of play on to the next generation.

Over the past 12 months, 46% of our players on Xbox chose to game together across titles like Call of Duty,Forza Horizon 5andFortnitethat consistently deliver these shared experiences.

Everywhere else online, algorithms decide what we see next. But in games,wedecide who we are, what we do, and how we play. That freedom matters. But freedom doesn’t mean going at it alone. Nearly half of players surveyed say they often feel overwhelmed by too many choices in gaming, almost nine in ten find curation useful, and eight in ten say they’re open to smarter ways to discover what to play next.

That’s why we’re exploring new tools like Gaming Copilot to keep discovery simple and make every session feel a little more personal, without taking away the choices that make play yours.

Every day, millions of players are building more than just games. The meaning, connection, and self-expression they find through play have reshaped how we tell stories, share ideas, and see ourselves. When people are fulfilled by play, they create, share stories, connect, build worlds, remix trends — and that creativity is now part of our collective culture.

Gaming’s influence shows up everywhere: in the movies we watch, the music we stream, the clothes we wear, and the communities we form. It’s proof that play doesn’t just reflect culture — it helps build it.

Everyone has a moment that reminds them why they play – a favorite game, a shared win, or a friendship that’s lasted long after the game ended.  For nearly 25 years, Xbox has been about bringing people together through play –and creating moments and experiences that turn players into friends, teammates, and even family.

As we enter our 25th Anniversary year, we’ll celebrate your stories and connections that define the heart of Xbox. These insights will help us keep shaping what comes next, because we believe everyone should have the chance to create those moments – playing the games they love, wherever they are.

Microsoft commissioned Edelman Data & Intelligence to conduct a 20-minute online survey among 1,500 video game players in the United States, between June 25 and July 2, 2025. The panel of survey respondents were carefully selected to closely match U.S. population demographics and the respondents are representative of American men and woman, ages 18 and older.

The audiences analyzed in this report include three distinct segments: Core Players (who spend most of their entertainment time gaming and following gaming news closely), Enthusiastic Players (who spend a quarter to half their entertainment time gaming and casually follow trends), and Casual Players (who primarily play on mobile or tablet and rarely follow gaming news).","Wed, 19 Nov 2025 15:00:00 +0000",2025-11-20T06:50:50.325830,"{""source_name"": ""Xbox Official News"", ""via"": ""rss""}"
https://news.xbox.com/en-us/2025/11/18/spongebob-movie-limited-edition-xbox-controllers/,news.xbox.com,Go Big with The SpongeBob Movie Limited Edition Xbox Controllers,"Arrrrre you ready?! Dive into a bubble-blowin’ adventure with SpongeBob as he makes his biggest splash ever with ‘The SpongeBob Movie: Search for SquarePants’ Xbox controllers – and see the new movie, only in cinemas!

Introducing the all-new Xbox Wireless Controller – The SpongeBob Movie Limited Edition and Xbox Elite Wireless Controller Series 2 – The SpongeBob Movie Limited Edition.

Whether you’re exploring Bikini Bottom or Davy Jones’ locker, ready your gear for any adventure that comes your way. This collection celebrates the latest chapter in SpongeBob’s story, featuring his iconic smile adorning the official The SpongeBob Movie Limited Edition top case and side cap design. X marks the spot, so kick off the journey by pressing the Xbox button and go where no Sponge has gone before.

The Xbox Wireless Controller – The SpongeBob Movie Limited Edition is available now, for a limited time, at theMicrosoft Store. Looking to create your own unique design with endless customization and upgrade options? Both The SpongeBob Movie Limited Edition Xbox Wireless Controller and Xbox Elite Wireless Controller Series 2 are available now withXbox Design Lab.

VIDEO

Hold onto your SquarePants and play with ‘The SpongeBob Movie: Search for SquarePants’ Limited Edition controllers. Keep an eye out for marine mysteries with the ABXY buttons. Find your way with bright yellow thumbsticks and an orange D-pad. Take on the depths of the deep sea with metallic blue triggers.

Create your own unique design for this Xbox Wireless Controller with Xbox Design Lab – with near-endless customization options to help you play your way. Whether you want to showcase your inner goofy goober, or a vibrant ocean aesthetic, choose from a variety of button styles curated for your movie-themed color scheme. Add more of your style with upgrades like metallic triggers and D-pads, rubberized side and back grips, and even include an engraving for a personalized touch.

The Elite Series 2 version of this design comes with all the features you’ve come to love from our best-in-class controllers, including adjustable-tension thumbsticks, wrap-around rubberized grip, and shorter hair trigger lock for even more precise gameplay. For even greater customization, you can add back paddles for enhanced input control and near-limitless customization with exclusive button mapping options in the Xbox accessories app.

Bring your SpongeBob Movie aesthetic even deeperwith the 3.5mm jack, connect any compatible headset to experience sound that no Sponge has heard before. And just like SpongeBob bounces from one adventure to the next, the controller’s dynamic features ensure you’re always ready for whatever master plan an evil villain throws your way! Jam like a jellyfish and head over to Xbox Design Lab today to design yours.

These controllers are available today, exclusivelyhere.

VIDEO

SpongeBob and his Bikini Bottom friends set sail in their biggest, all-new, can’t-miss cinematic event – ‘The SpongeBob Movie: Search for SquarePants’. Desperate to be a big guy, SpongeBob sets out to prove his bravery to Mr. Krabs by following The Flying Dutchman – a mysterious swashbuckling ghost pirate – on a seafaring comedy-adventure that takes him to the deepest depths of the deep sea, where no Sponge has gone before. Only in cinemas!","Tue, 18 Nov 2025 15:00:00 +0000",2025-11-20T06:50:52.064206,"{""source_name"": ""Xbox Official News"", ""via"": ""rss""}"
https://news.xbox.com/en-us/2025/11/18/xbox-game-pass-november-2025-wave-2/,news.xbox.com,"Coming to Xbox Game Pass: Fortnite Crew, The Crew Motorfest, Moonlighter 2: The Endless Vault, and More","This week we have a couple of Crews for you to join in our recurring, “Coming Soon to Xbox Game Pass” announcement (looking at youFortniteandThe Crew Motorfest!). So, grab your favorite controller (come on, we all know there’s one you like more than the others), charge up your mouse, and let’s get to the games!

Fortnite Crewis available today with Xbox Game Pass Ultimate. Included with Ultimate is access to the current Battle Pass, OG Pass, LEGO Pass, and Music Pass. In addition, get 1,000 V-Bucks each month while you’re subscribed.

Fortnite Crewincludes a bonus benefit: Rocket Pass Premium inRocket League! Get the currentRocket LeagueSeason’s Rocket Pass Premium, plus futureSeasons’while you’re still subscribed. With Rocket Pass Premium, you’ll unlock the premium track of the Rocket Pass!

Moonlighter 2: The Endless Vault(Game Preview) (PC) – November 19Game Pass Ultimate, PC Game Pass

Available on day one with Game Pass!Dive deep into this action RPG with roguelike elements and a tale about new beginnings. Live the double life of a fearless adventurer and a crafty merchant. Dive into vibrant dimensions brimming with shiny loot and pesky enemies. Grow your shop, tinker with weapons and gadgets, as well as make your mark among a ragtag community of castaways.

Kulebra and the Souls of Limbo(Cloud, Console, and PC) – November 19Now with Game Pass Premium

A papercraft adventure game whereyou’llmeet the many good and not-so-good folks of Limbo, a place where souls with deep regrets are cursed into repeating the same day on a loop.

Revenge of the Savage Planet(Cloud, PC, and Xbox Series X|S) – November 19Now with Game Pass Premium

In a future knocked off its axis by corporate greed and stupidity, you have been made redundant and abandoned on the far edge of space with little gear and no safety net. You must explore every nook and cranny, collect dozens of upgrades, and turn over every mysterious alien rock if you want to get revenge on your former employer and return to Earth.

Monsters are Coming! Rock & Road(Handheld & PC) – November 20Game Pass Ultimate, PC Game Pass

Beware, monsters are coming! In this tower-survivor rogue-lite on wheels, you gather resources and prepare defenses for an ever-moving city, protecting it from unrelenting hordes, while boosting potential through enhanced player progression. Are you prepared to face an unstoppable army of darkness? Can you reach the Ark?

The Crew Motorfest(Cloud, Console, and PC) – November 20Game Pass Ultimate, PC Game Pass

The ultimate car culture festival has settled down in one of the most breathtaking places on Earth: Hawaii. Enjoy a variety of thrilling driving activities and choose how you want to have fun with more than 700 vehicles: cars, motorcycles, and even boats and planes! The best part:The Crew Motorfesthas just started its 3rd year of free content updates, bringing new islands to explore, new car customization features, a race creator tool, NASCAR, and even more to the game.

Banishers: Ghosts of New Eden(Cloud, PC, and Xbox Series X|S) – November 25Game Pass Ultimate, Game Pass Premium, PC Game Pass

An all-new title crafted by renowned studio Don’t Nod, known for their acclaimed titles such asLife is StrangeandVampyr. Immerse yourself in an intimate narrative action RPG, taking you on an exhilarating journey between life, death, love, and sacrifices.

Kill It With Fire! 2(Cloud, Console, and PC) – November 25Game Pass Ultimate, Game Pass Premium, PC Game Pass

Take on the arachnid menace alone or with friends in full campaign co-op. Wage the arachnid war across time and space and exterminateevery lastspider across the multiverse or jump into Spider Hunt PVP and play as the eight-legged menace for the first time!

Marvel Cosmic Invasion(Cloud, Console, Handheld, and PC) – December 1Game Pass Ultimate, PC Game Pass

Available on day one with Game Pass!A cosmic battle awaits! Choose between 15 Marvel heroes in this frenetic action beat ‘em up to fight against the deadly Annihilation Wave threatening the galaxy. From New York City to the depths of the Negative Zone, the future of the Marvel Universe will be fought for across the stars!

Lost Records: Bloom & Rage(Cloud, PC, and Xbox Series X|S) – December 2Game Pass Ultimate, Game Pass Premium, PC Game Pass

Embark on a new narrative journey by the creators ofLife is Strange. Film your summer of 1995 and create memories of a lifetime with your new friends. 27 years later, confront the dark secrets that made you all promise to never speak again after that fateful summer.

Call of Duty: Black Ops 7(Cloud, Console, Handheld, and PC) – Available nowGame Pass Ultimate, PC Game Pass

Available on day one with Game Pass!InCall of Duty: Black Ops 7, Treyarch and Raven Software are bringing players the biggestBlack Opsever. Squad up with friends or play solo in a thrilling and innovative Co-op Campaign, harness near-future weaponry in a signature Multiplayer experience packed with 16 electrifying 6v6 maps and two 20v20 maps at launch and descend into the next twisted chapter of Round-Based Zombies in the heart of the Dark Aether.

Halo Infinite –Operation: Infinite – Available today

Operation: Infinite offers a mighty mission packed with armor, progression updates, and more. Earn 2X Career Rank and 2X Spartan Points, claim 200 never-before-seen customizations from The Exchange, challenge yourself in a refreshed slate of Ranked Seasons, and brave a new Husky map just in time for the Halodays.

Assassin’s Creed Mirage: Valley of Memory – Available today

Valley of Memory is a freeAssassin’s Creed Mirageupdate launching today! Explore AlUla’s deserts and oases, uncover family secrets, and face a ruthless gang of robbers. Enjoy enhanced gameplay with mission replay, smoother parkour, and new customization options.

League of Legends: Play the new Darkin Champion, Zaahen – November 19

Defy death and defeat with Zaahen, the Darkin warlord who ascends in combat to become unstoppable as the battle rages on – even with the odds stacked against him. Instantly unlockLeague of Legends’newest top laner with Xbox Game Pass on November 19.

Revenge of the Savage Planet: Bingo Brawl Mode–November 19

Revenge of the Savage Planetadds more modes, more customization, and more ways to play! The core game adds a competitive mode called Bingo Brawl, a bunch of new ways to tweak your experience with Remix Mode, plus suits, Habitat items and more! So much game! So much fun! Grab a friend and play together. What could go wrong?

The First Descendant:Assemble Bundle (Cloud and Xbox Series X|S) – Available now

Gear up with the Assemble Bundle!  Express your style with brilliant weapon skins, colorful Descendant paints, dynamic sprays, a stylish back attachment, and daring makeup options. Suit up and get ready to experience thrilling action across a sprawling battlefield!

Assassin’s Creed Mirage:Guardian Pack (Cloud, Console, and PC) – Available today

Keep the secrets of the First Civilization deeply buried in the sand by dressing yourself as a guardian of the old temple. This Pack contains a Costume and a Mount Skin.

The following games are leaving the Game Pass library soon, so be sure to jump back in or start fresh before they go! Save up to 20% off your purchase to keep them in your library.

Don’t forget to tune back into Xbox Wire on November 20 for all the updates from the Xbox Partner Preview for even more news. Talk soon!

Note: Games with a ‘Handheld’ designation represent those that are optimized for handheld play.","Tue, 18 Nov 2025 14:00:00 +0000",2025-11-20T06:50:53.758826,"{""source_name"": ""Xbox Official News"", ""via"": ""rss""}"
https://news.xbox.com/en-us/2025/11/17/game-awards-2025-xbox-nominations/,news.xbox.com,The Game Awards 2025 – Play Every Game Nominated on Xbox Today,"The Game Awards has officially revealed the full list of nominees for the year, and we’re thrilled to see such a wide range of unique titles being recognized for their contributions to gaming. Even better, many of these nominees can be played today across Xbox consoles, Xbox on PC, ROG Xbox Ally handhelds, Cloud, and with Xbox Game Pass!

This year our first-party studios received nominations forAvowed,DOOM: The Dark Ages,Indiana Jones and the Great Circle, Ninja Gaiden 4,South of Midnight, andThe Outer Worlds 2. Troy Baker’s pitch-perfect performance as Indiana Jones was recognized with a Best Performance nomination, and ‘A Minecraft Movie’, one of the biggest hits at the box office in 2025, was nominated for Best Adaptation.

We’re also equally excited to see that many of our third-party partners have been nominated across a wide range of categories – many of which can be played with Game Pass.Ball x Pit,Blue Prince,Clair Obscur: Expedition 33,Hollow Knight: Silksong, andRematchare all up for awards this year, and playable across devices as Xbox Play Anywhere titles. Additionally, Game Pass subscribers receive incredible benefits for nomineesLeague of Legends,Valorant, and –starting tomorrow–Fortnite.

Congratulations to all this year’s amazing nominees – and don’t forget, these nominations join titles on Xbox nominated across the Golden Joysticks, and even the Grammys!

Remember, you can vote for your favorites right now over atTheGameAwards.com. See below for the full list of nominees that you can play today.","Mon, 17 Nov 2025 19:00:00 +0000",2025-11-20T06:50:55.556105,"{""source_name"": ""Xbox Official News"", ""via"": ""rss""}"
https://news.xbox.com/en-us/2025/11/17/xbox-partner-preview-november-2025-announce/,news.xbox.com,Xbox Partner Preview: See the Latest Games From Our Amazing Third Party Partners This Week,"We’re excited to reveal that the next Xbox Partner Preview – our broadcast that shines a light on upcoming games from our talented third-party partners – is coming this Thursday, November 20. This show will include news on upcoming games from partners including IO Interactive, Eclipse Glow Games and THQ Nordic, plus some brand-new reveals and Game Pass announcements.

During Xbox Partner Preview, we’ll show you an exciting first look at content coming to007 First Light, an electrifying extended gameplay trailer for the upcoming dark fantasy epicTides of Annihilation,and a fresh look atReanimal, the new horror adventure from the creator of Little Nightmares, among other great games heading to Xbox consoles, Xbox on PC, and Xbox Game Pass.

Additionally, all the games featured during Xbox Partner Preview are Xbox Play Anywhere, which means you can enjoy every single one of them across console, PC and supported gaming handhelds with just one copy of the game.

Xbox Partner Preview is all about bringing you news from our partners across the globe; be it release date announcements, fresh new gameplay from upcoming titles, and world premieres of unannounced new games. We’re also excited to reveal that Jennifer English, who portrays Tides of Annihilation protagonist Gwendolyn, is our voiceover artist for the show. And as always, Xbox Wire will post exclusive deep dives and behind-the-scenes stories about select titles shown during the broadcast.

The event will be broadcast digitally on Thursday, November 20, at 10am Pacific / 1pm Eastern / 6pm UK across our Xbox channels on YouTube and Twitch. Find out all the details below:

What time does Xbox Partner Preview begin?Thursday, November 20, at 10am Pacific / 1pm Eastern / 6pm UK.

How do I watch?Xbox Partner Preview will be available through a variety of outlets:

Please note, YouTube.com/Xbox will be in 4K at 60fps, while all other channels will be 1080p / 60fps.

Is the event available in languages other than English?We will be providing live subtitle support in the following languages:  Simplified Chinese, French, German, Italian, Japanese, Korean, Polish, Brazilian Portuguese, Castilian Spanish and Mexican Spanish.

Aside from going directly to a regional Xbox channel, you’ll be able to find 30+ languages at YouTube.com/Xbox in the days following the show. Just click the gear icon in the lower righthand corner of the primary stream to choose the language of your choice.

Is the show going to be Accessible to those with low/no hearing or low/no vision?There will be a version of the show with Audio Descriptions (AD) in English on the Xbox YouTube channel, and American Sign Language (ASL) on Xbox’s YouTube channel and the /XboxASL Twitch channel.

I’m not going to be able to watch, where can I find out what was announced?A full show recap will go live immediately following the end of Xbox Partner Preview. As announcements roll out during the broadcast, the Xbox Wire team will be publishing exclusive blog posts about select titles right here on Xbox Wire (including localized versions in Brazilian Portuguese, French, German, LATAM Spanish, and Japanese).

Co-streamer and content creator notes for the Xbox Partner Preview: We at Xbox greatly appreciate any co-stream efforts and aim to ensure you have a smooth experience if you choose to do so. However, due to forces beyond our control, we cannot guarantee that glitches or disruptions by bots and other automated software won’t interfere with your co-stream. For those planning to create post-show breakdowns of Xbox Partner Preview in the form of Video on Demand (VOD) coverage, we recommend you do not use any audio containing copyrighted music to avoid any action by automated bots, and to also consult the terms of service for your service provider.

We can’t wait for you to join us on Thursday for the next Xbox Partner Preview! See you soon.","Mon, 17 Nov 2025 16:00:00 +0000",2025-11-20T06:50:57.394258,"{""source_name"": ""Xbox Official News"", ""via"": ""rss""}"
https://news.xbox.com/en-us/2025/11/14/spray-paint-simulator-update/,news.xbox.com,"Spray Paint Simulator Update with More Colors, Better Flow, Smoother","Grab your spray tool, and step back into Spatterville—there’s a new coat of polish onSpray Paint Simulator!This update focuses on player creativity, smoother gameplay, and better performance. Whether you’re a seasoned pro or a new painter just learning the ropes, you’ll find this update makes your work smoother, faster, and a lot more colorful.

Just like the three new levels, the bridge level has opened up to your full creative control! You can now paint the bridge in any combination of colors you like. Whether you want a sleek industrial gray, a sunset gradient, or a chaotic rainbow masterpiece, go wild.

We’ve also reworked how masking and preparation steps are grouped in certain jobs. To make things flow better, we’ve streamlined these areas by combining some masking and prep steps. You’ll now spend less time fiddling with tape and more time spraying. It’s all about getting you into the action faster without losing the satisfaction of doing a professional-grade job.

New tutorial messages have been added throughout the game to help new players understand key mechanics and progression steps. If you’ve ever wondered why a surface wasn’t taking paint, or how to perfect a tricky angle, the new tooltips and hints should keep you on track.

Some players reported trouble completing certain later jobs when using smaller nozzles or fine-detail spray guns. We’ve tweaked how completion zones and spray detection work in those cases, so you won’t get stuck trying to hit every last pixel. The smaller tools should now behave more consistently across all job types, letting you focus on technique instead of wrestling with the last stubborn patch of unpainted surface.

Behind the scenes, we’ve been sanding down rough edges to makeSpray Paint Simulatorrun even smoother. This update includes further optimizations to performance and memory usage, especially noticeable on longer sessions and larger levels. Expect quicker load times, steadier frame rates, and an overall more responsive feel.

For those who like to spray with friends, our multiplayer experience just got sturdier. The network layer has been rebuilt to better handle communication hiccups and recover gracefully from temporary issues. Fewer disconnects, faster recoveries, and smoother co-op sessions all around.

This update is all about refining the experience: more freedom in color choice, less friction in setup, and smoother play from start to finish. We’ve listened closely to player feedback and made targeted changes that should make every job, big or small, feel more satisfying.

We hope you’ll dive back in and see how much smoother it feels to paint, spray, and create. As always, we’re grateful for your feedback and support!

Whitethorn Games

$14.99$11.99

PC Game Pass

Xbox Game Pass

COLOR YOUR WORLD

Bring color to the world in Spray Paint Simulator! Restore worn-out surfaces with a fresh coat of paint and watch them come back to life. Use your spray tool with precision, cover every inch, and enjoy the satisfaction of a flawless finish. Step into Spatterville, where you'll build your own spray-painting business. Meet the locals as you restore, repair, mask, and spray paint everything—from kitchens and local landmarks to a giant robot. Buy new tools and equipment, unlock Free Spray mode, and transform the town.

PREP AND MASK-TERPIECE

You've got to earn your stripes before becoming the town's top spray painter. No worries, though! There's plenty to keep you busy! Mask surfaces to protect them from overspray, remove and repair objects, and fill damaged areas to create the perfect canvas.

SATISFATION IN EVERY SPRAY

Grab your spray tools and watch worn-out objects spring back to life with fresh, snazzy colors! Feel the thrill of transformation, groove to the soothing rhythm of spraying, and enjoy the sheer joy of rejuvenating each item. It's all about making things look brand new and having a blast while doing it! Let's spray, play, and make the old new again!

BUSINESS MADE EASY

Running a spray-painting business has never been more fun! Keep an eye on your consumables like paint, masking paper, and tape, because nobody likes a half-finished job. Upgrade to cooler spray tools with more paint capacity, greater coverage, and bigger batteries. Need a boost? Choose from a variety of step ladders and scaffolding to reach those pesky high spots. Managing your supplies and equipment adds just the right amount of strategy, keeping things fun and light-hearted without getting too complicated.

UNLEASH YOUR CREATIVITY

After completing jobs for customers, dive into Free Spray mode! Return to your finished projects and let your imagination run wild. Spray the job and the surrounding environment any way you please. With a rainbow of colors at your disposal, the entire town becomes your canvas. Express yourself freely and enjoy hours of creative fun. Make Spatterville your masterpiece, one spray at a time!","Fri, 14 Nov 2025 20:00:00 +0000",2025-11-20T06:50:59.147240,"{""source_name"": ""Xbox Official News"", ""via"": ""rss""}"
https://news.xbox.com/en-us/2025/11/14/ea-play-november-2025/,news.xbox.com,EA Play: Check Out November’s Offers and Rewards,"November is the ultimate month for sports fans! Football season is heating up, and the Las Vegas Grand Prix roars onto the Strip. EA Play members can feel the rush withMadden NFL 26,EA Sports FC 26, &College Football 26trials. Plus, claim rewards, and race to the top withF1 25& more.

Members can save 10% on EA digital purchases, including game downloads, point packs, and DLC. If they decide to buy, their progress carries over to the full game, so they can pick up right where they left off.

Xbox Game Pass Ultimateand PC Game Pass members receive EA Play with their subscription. From Ultimate Team packs to XP boosts, your membership keeps paying off month after month—with even more rewards always on the way.

This month, EA Play members can claim big rewards across football, racing, and beyond. Score anEA Sports FC 26Ultimate Team Draft Token, theApex LegendsLucky Footprint Weapon Charm, aMadden NFL 26Ultimate Team Pack, aCollege Football 26Loyalist Ultimate Team Pack, 5,000 XP forF1 25, and more. Rather take on the battlefield? PurchaseBattlefield 6with your 10% member discount on the digital version of the full game, and claim fresh Season 1 rewards like the “Deadweight” Vehicle Skin, “Hazard” Weapon Package, a 60-minute Battle Pass XP Boost, and more.

Sports, shooters, speed, and more—feel the thrill of it all with EA Play. Whether you’re chasing glory on the field, battling for position on the Strip, or defying the gods inDragon Age: The Veilguard, The Play List gives you unlimited access to fan-favorite EA titles. Find your new favorite with games likeMadden NFL 25,College Football 25,FC 25, and more.

To learn more about EA Play, check outXandInstagram, or visithere. For more details on all the EA Play member benefits this month, visit theEA Play Member Benefitssite. Conditions, limitations and exclusions apply. SeeEA Play Termsfor details.

Members can experience the world of EA with unlimited access to a collection of top titles, trials of select new games, in-game member rewards, 10% on EA digital purchases and more.","Fri, 14 Nov 2025 18:30:00 +0000",2025-11-20T06:51:00.846534,"{""source_name"": ""Xbox Official News"", ""via"": ""rss""}"
https://www.ea.com/commitments,www.ea.com,,"A Letter from Andrew Wilson, CEO

Today, more than ever, people are choosing interactive entertainment as their favorite way to spend their best time with their best friends. At EA, we are privileged to help create these moments, connecting hundreds of millions of people every day through experiences that shape culture and bring fandom to life.

We are a global company with a global community. From Vancouver to Melbourne, Stockholm to Seoul, our teams are building worlds that connect fans across continents and reflect culture in every corner of the globe.

The creativity, passion, and dedication of our teams bring to life the experiences that inspire the world to play – opening opportunities for people to immerse themselves in their favorite sports and stories, connect with friends, and celebrate community.

Entertainment is evolving at remarkable speed, with fans engaging in more ways than ever — playing, watching, creating, remixing, and connecting in vibrant communities built around interactive experiences. Our extraordinary teams are pushing creativity further than ever, embracing new technologies to broaden their creative canvas and drive innovation – telling bigger stories, delivering more authentic gameplay, and unlocking new ways for players to express themselves.

Throughout our history, we’ve remained committed to expanding access to play – through our Positive Play charter, building accessible games, and designing STEAM programs that help the next generation gain the skills and confidence to become future innovators. At the same time, we’re focused on ways we can operate more efficiently and sustainably, limiting our environmental impact along the way.

EA continues to pioneer in one of the most dynamic industries in the world — leading through change, building beloved IP, and delivering innovative experiences. With the scale of our communities and the imagination of our teams, we are excited to lead the future of entertainment.

Thank you for being on this journey with us.

Andrew Wilson",,2025-11-20T06:51:09.023667,"{""source_name"": ""EA News"", ""via"": ""homepage""}"
https://www.ea.com/news/ea-sports-athletic-partnership,www.ea.com,,"Today, Electronic Arts Inc. (NASDAQ: EA) announced a new strategic partnership between EA SPORTS, the global leader in interactive sports entertainment, and The Athletic, the world’s leader in sports journalism, to reimagine sports content for the next generation of fans worldwide in the newEA SPORTS App. Fans can now get closer to a wide range of content – including lightning-fast stats, scores and breaking news, combined with premium editorial and video coverage from The Athletic — directly through the EA SPORTS App.

The collaboration brings together the best of both worlds - EA SPORTS’ global reach, scale, and expertise in interactive entertainment with The Athletic’s unmatched sports storytelling, insights and analysis. Content in the EA SPORTS App links to full articles on The Athletic and highlights global football competitions, NFL, and college football, alongside coverage of F1, golf, and more sports.

Highlights of the partnership include:

In addition to delivering premium content in the EA SPORTS App, The Athletic will also be integrated in-game across other EA SPORTS properties. The platform will become a key source of football news and updates in FC 26 Career Mode, and The Athletic brand will be highly visible across EA Connect.

""The EA SPORTS App is a foundational step in the future of sports fandom – reimagining how the next generations of fans will connect to the sports, teams and athletes they love,” said David Tinson, Chief Experience Officer at Electronic Arts. “By combining high-quality news and insights from The Athletic with the interactive capabilities of EA SPORTS, we’re blending real and virtual sports in a unified platform that will meet the evolving needs of sports fans everywhere.”

“This strategic partnership with EA SPORTS accelerates our ability to reach future subscribers and grow The Athletic’s global footprint,” said Sebastian Tomich, Chief Commercial Officer at The Athletic. “EA SPORTS is the perfect partner to help us connect with younger fans and deliver a new kind of editorial experience through the EA SPORTS App. While we’re starting with editorial, we see this as just the beginning of what our two brands can deliver to fans together.”

The EA SPORTS App is available for download today on the Apple App Store and Google Play in the UK & Ireland, France, Germany, Italy, Spain, Switzerland, Canada and the US.

To stay updated, follow EA SPORTS onInstagram,TikTok,X,Facebook.For more information on The EA SPORTS App, visithttps://www.ea.com/sports/app.",,2025-11-20T06:51:11.695065,"{""source_name"": ""EA News"", ""via"": ""homepage""}"
https://www.ea.com/games/apex-legends,www.ea.com,,"Prepare for Amped’s launch with Olympus reworks, Valkyrie, Rampart, and Horizon updates, the Double Tap Alternator, Mantle Boost, and more.",,2025-11-20T06:51:14.480648,"{""source_name"": ""EA News"", ""via"": ""homepage""}"
https://www.ea.com/ea-partners,www.ea.com,,"EA Partners offers a range of business opportunities for independent studios.

A partnership can take many forms, depending on the size of the studio, the phase of development, and most importantly the individual aims and aspirations of the studio.

For games under the EA Originals label, EA Partners supports, empowers and enables independent studios to create the games they are passionate about and we believe will delight our players.  Our goal is to develop and foster relationships with studios that allow us to work in sync with their vision as we continue to innovate and strategically lead the industry into future ways to play.

We also build partnerships with independent studios to work with us on EA IP to deliver amazing new experiences to our players under the EA brand. The broad flexibility of how we can operate and the high quality of the partnerships we service makes EA Partners a natural choice for the best independent studios across the world.",,2025-11-20T06:51:16.603283,"{""source_name"": ""EA News"", ""via"": ""homepage""}"
https://www.ea.com/games/library/pc-download,www.ea.com,,"Optional Cookies, including those that support the Multimedia Player, are currently disabled based on Your Privacy Choices settings.

ChooseAccept and Play Videoto enable the Multimedia Player, including its associated Cookies. This may involve the collection and sharing of your viewing information by YouTube for analytics and advertising purposes.

You can also choose to watch the video on YouTube.",,2025-11-20T06:51:19.189626,"{""source_name"": ""EA News"", ""via"": ""homepage""}"
https://www.ea.com/news/ea-announces-agreement-to-be-acquired,www.ea.com,,"Electronic Arts Inc. (NASDAQ: EA) (“EA” or the “Company”), a global leader in interactive entertainment, today announced that it has entered into a definitive agreement to be acquired by an investor consortium (“the Consortium”) comprised of PIF, Silver Lake, and Affinity Partners in an all-cash transaction that values EA at an enterprise value of approximately $55 billion. The transaction positions EA to accelerate innovation and growth to build the future of entertainment.

Under the terms of the agreement, the Consortium will acquire 100% of EA, with PIF rolling over its existing 9.9% stake in the Company. EA stockholders will receive $210 per share in cash. The per share purchase price represents a 25% premium to EA’s unaffected share price of $168.32 at market close on September 25, 2025, the last fully unaffected trading day, and a premium to EA’s unaffected all-time high of $179.01 at market close on August 14, 2025.

PIF, Silver Lake, and Affinity Partners bring deep sector experience, committed capital, and global portfolios with networks across gaming, entertainment, and sports that offer unique possibilities for EA to blend physical and digital experiences, enhance fan engagement, and create new growth opportunities. The transaction represents the largest all-cash sponsor take-private investment in history, with the Consortium partnering closely with EA to enable the Company to move faster and unlock new opportunities on a global stage.

“Our creative and passionate teams at EA have delivered extraordinary experiences for hundreds of millions of fans, built some of the world’s most iconic IP, and created significant value for our business. This moment is a powerful recognition of their remarkable work,” said Andrew Wilson, Chairman & CEO of Electronic Arts. “Looking ahead, we will continue to push the boundaries of entertainment, sports, and technology, unlocking new opportunities. Together with our partners, we will create transformative experiences to inspire generations to come. I am more energized than ever about the future we are building.”

“PIF is uniquely positioned in the global gaming and esports sectors, building and supporting ecosystems that connect fans, developers, and IP creators,” said Turqi Alnowaiser, Deputy Governor and Head of International Investments at PIF. “PIF has demonstrated a strong commitment to these sectors, and this partnership will help further drive EA’s long-term growth, while fueling innovation within the industry on a global scale.”

“This investment embodies Silver Lake’s mission to partner with exceptional management teams at the highest quality companies. EA is a special company: a global leader in interactive entertainment, anchored by its premier sports franchise, with accelerating revenue growth and strong and scaling free cash flow. We are honored to invest and partner with Andrew – an extraordinary CEO who has doubled revenue, nearly tripled EBITDA, and driven a fivefold increase in market cap during his tenure,” said Egon Durban, Co-CEO and Managing Partner of Silver Lake. “The future for EA is bright, we are going to invest heavily to grow the business and we are excited to support Andrew and the EA team as the company accelerates innovation, expands its reach worldwide, and continues to deliver incredible experiences to players and fans across generations.”

“Electronic Arts is an extraordinary company with a world-class management team and a bold vision for the future. I've admired their ability to create iconic, lasting experiences, and as someone who grew up playing their games - and now enjoys them with his kids - I couldn't be more excited about what's ahead,” said Jared Kushner, Chief Executive Officer of Affinity Partners.

“The Board carefully evaluated this opportunity and concluded it delivers compelling value for stockholders and is in the best interests of all stakeholders,” said Luis A. Ubiñas, Lead Independent Director of EA’s Board of Directors. “We are pleased that this transaction delivers immediate and certain cash value to our stockholders while strengthening EA’s ability to continue building the communities and experiences that define the future of entertainment.”

Transaction Details

The transaction was approved by EA’s Board of Directors, is expected to close in Q1 FY27 and is subject to customary closing conditions, including receipt of required regulatory approvals and approval by EA stockholders. Following the close of the transaction, EA’s common stock will no longer be listed on any public market.

The transaction will be funded by a combination of cash from each of PIF, Silver Lake, and Affinity Partners as well as roll-over of PIF’s existing stake in EA, constituting an equity investment of approximately $36 billion, and $20 billion of debt financing fully and solely committed by JPMorgan Chase Bank, N.A., $18 billion of which is expected to be funded at close. Each of PIF, Silver Lake, and Affinity Partners plan to fund the equity component of the financing entirely from capital under their respective control.

Upon completion of the transaction, EA will remain headquartered in Redwood City, California and continue to be led by Andrew Wilson as CEO.

Advisors

Goldman Sachs & Co. LLC is serving as EA’s financial advisor and Wachtell, Lipton, Rosen & Katz is serving as EA’s legal advisor.

Kirkland & Ellis LLP is serving as legal counsel to the Consortium. Kirkland & Ellis LLP is serving as lead legal counsel for PIF with specialized counsel from Gibson, Dunn & Crutcher LLP. Latham & Watkins LLP and Simpson Thacher & Bartlett LLP are serving as Silver Lake’s legal counsel. Sidley Austin LLP is serving as Affinity Partners’ legal counsel.

J.P. Morgan Securities LLC is serving as financial advisor to the Consortium.

As a result of this announcement, for its Q2 FY26 earnings release scheduled for October 28, 2025, EA will release financial and operational results through a press release and will not hold a conference call or webcast.

About Electronic Arts

Electronic Arts (NASDAQ: EA) is a global leader in digital interactive entertainment. The Company develops and delivers games, content and online services for Internet-connected consoles, mobile devices and personal computers.

In fiscal year 2025, EA posted GAAP net revenue of approximately $7.5 billion. Headquartered in Redwood City, California, EA is recognized for a portfolio of critically acclaimed, high-quality brands such as EA SPORTS FC™, Battlefield™, Apex Legends™, The Sims™, EA SPORTS™ Madden NFL, EA SPORTS™ College Football, Need for Speed™, Dragon Age™, Titanfall™, Plants vs. Zombies™ and EA SPORTS F1®. More information about EA is available at www.ea.com/news.

EA, EA SPORTS, EA SPORTS FC, Battlefield, Need for Speed, Apex Legends, The Sims, Dragon Age, Titanfall, and Plants vs. Zombies are trademarks of Electronic Arts Inc. John Madden, NFL, FIFA and F1 are the property of their respective owners and used with permission.

About PIF

PIF is one of the world’s most impactful investors, enabling the creation of key sectors and opportunities that help shape the global economy, deliver returns and drive the economic transformation of Saudi Arabia. The gaming and esports industry is one of its priority sectors, contributing to the diversification of the local economy, while at the same time driving investment returns.

About Silver Lake

Silver Lake is a global technology investment firm, with more than $110 billion in combined assets under management and committed capital and a team of professionals based in North America, Europe and Asia. Silver Lake’s portfolio companies collectively generate approximately $260 billion of revenue annually and employ approximately 448,000 people globally.

About Affinity Partners

Affinity Partners is a Miami-based investment firm founded in 2021 by Jared Kushner. With over $5.4B under management and a team of 30+ professionals, Affinity focuses on growth equity, financial services, and technology investments at scale, with a flexible mandate across industries and geographies.

Cautionary Statement Regarding Forward-Looking Statements

Some statements set forth in this release contain forward-looking statements that are subject to change.  Statements including words such as “anticipate,” “believe,” “expect,” “intend,” “estimate,” “plan,” “predict,” “seek,” “goal,” “will,” “may,” “likely,” “should,” “could” (and the negative of any of these terms), “future” and similar expressions that predict or indicate future events or trends or that are not statements of historical matters may identify forward-looking statements.  These forward-looking statements include, but are not limited to, statements regarding the benefits of and timeline for closing the transaction. These forward-looking statements are based on various assumptions, whether or not identified in this press release, are not guarantees of future performance and reflect management’s current expectations.  Our actual performance could differ materially from those discussed in the forward-looking statements.  Some of the factors which could cause the Company’s results to differ materially from its expectations include the following: the timing, receipt and terms and conditions of any required governmental and regulatory approvals of the proposed transaction that could delay the consummation of the proposed transaction or cause the parties to abandon the proposed transaction; the occurrence of any event, change or other circumstances that could give rise to the termination of the merger agreement entered into in connection with the proposed transaction; the possibility that the Company’s stockholders may not approve the proposed transaction; the risk that the parties to the merger agreement may not be able to satisfy the conditions to the proposed transaction in a timely manner or at all; risks related to disruption of the Company’s business resulting from the transaction, including disruption of management time from ongoing business operations due to the proposed transaction; risks relating to certain restrictions during the pendency of the proposed transaction that may impact the ability of the Company to pursue certain business opportunities or strategic transactions; the risk that any announcements relating to the proposed transaction could have adverse effects on the market price of the Company’s common stock, including if the proposed transaction is not consummated; the risk of any unexpected costs or expenses resulting from the proposed transaction; the risk of any litigation relating to the proposed transaction; the risk that the proposed transaction and its announcement could have an adverse effect on the ability of the Company to retain and hire key personnel and to maintain relationships with customers, vendors, partners, employees, stockholders and other business relationships and on its operating results and business generally; and the risks and uncertainties that will be described in the proxy statement available from sources indicated below. Further information on factors that could cause actual results to differ materially from the results anticipated by the forward-looking statements is described in Part I, Item 1A of Electronic Arts’ latest Annual Report on Form 10-K under the heading “Risk Factors”, as well as in Quarterly Reports on Form 10-Q, Current Reports on Form 8-K and other documents we have filed with the Securities and Exchange Commission (the “SEC”).  These filings are available on the investor relations section of the Company’s website at https://ir.ea.com or on the SEC’s website at https://www.sec.gov.  The forward-looking statements made in this press release are current only as of the date hereof.  Electronic Arts assumes no obligation to revise or update any forward-looking statement, except as required by law.

Additional Information and Where to Find It

In connection with the proposed transaction between the Investor Group and the Company, the Company will file with the SEC a preliminary Proxy Statement of the Company (the “Proxy Statement”). The Company plans to mail to its stockholders a definitive Proxy Statement in connection with the proposed transaction. THE COMPANY URGES YOU TO READ THE PROXY STATEMENT AND OTHER RELEVANT DOCUMENTS FILED OR TO BE FILED WITH THE SEC CAREFULLY AS THEY BECOME AVAILABLE BECAUSE THEY WILL CONTAIN IMPORTANT INFORMATION ABOUT THE COMPANY, THE INVESTOR GROUP, THE PROPOSED TRANSACTION AND RELATED MATTERS. You will be able to obtain a free copy of the Proxy Statement and other related documents (when available) filed by the Company with the SEC at the website maintained by the SEC at https://www.sec.gov. You also will be able to obtain a free copy of the Proxy Statement and other documents (when available) filed by the Company with the SEC by accessing the investor relations section of the Company’s website at https://ir.ea.com or by contacting the Company’s investor relations department at ir@ea.com or calling (650) 628-0406.

Participants in the Solicitation

The Company and its directors and executive officers may be deemed to be participants in the solicitation of proxies from the Company’s stockholders in connection with the merger.

Information regarding the directors and executive officers of the Company is set forth (i) in the Company’s definitive proxy statement for its 2025 Annual Meeting of Stockholders, including under the headings “Proposal 1: Election of Directors,” “Compensation Discussion and Analysis,” “Executive Compensation Tables,” “Security Ownership of Certain Beneficial Owners and Management” and “Related Persons Transactions,” which was filed with the SEC on June 24, 2025 and is available at https://www.sec.gov/ix?doc=/Archives/edgar/data/0000712515/000130817925000556/ea014143-def14a.htm, and (ii) to the extent holdings of the Company’s securities by its directors or executive officers have changed since the amounts set forth in the Company’s definitive proxy statement for its 2025 Annual Meeting of Stockholders, such changes have been or will be reflected on Initial Statement of Beneficial Ownership of Securities on Form 3, Statement of Changes in Beneficial Ownership on Form 4, or Annual Statement of Changes in Beneficial Ownership on Form 5 filed with the SEC, which are available at EDGAR Search Results https://www.sec.gov/edgar/browse/?CIK=712515&owner=only.

Other information regarding the participants in the proxy solicitation and a description of their direct and indirect interests, by security holdings or otherwise, will be contained in the Proxy Statement and other relevant materials to be filed with the SEC when they become available. You may obtain free copies of these documents through the website maintained by the SEC at https://www.sec.gov.

CONTACTS

For EA:

InvestorsAndrew UerkwitzVice President, Investor Relations650-674-7191auerkwitz@ea.com

MediaJustin HiggsVice President, Corporate Communications925-502-9253jhiggs@ea.com

Jenny Gore/Hannah Dunning/Chloe Cliffordea@fgsglobal.com

For the Consortium:

MediaDanya Al-Qattan/Kate Gorgi/Monique Sidhompsa@fgsglobal.com

Check out other amazing EA stories onea.com/news.",,2025-11-20T06:51:21.429367,"{""source_name"": ""EA News"", ""via"": ""homepage""}"
https://www.ea.com/ea-app,www.ea.com,,"The EA app for Windows is Electronic Arts’ all-new, enhanced platform, where you can easily play your favorite games. The app provides a streamlined and optimized user interface that gets you into your games faster than ever before.

The EA app for Windows is available to all players on a (minimum) 64-bit PC system, running Windows 7, 8, 10, and 11. The EA app for Mac is available to players on macOS Catalina or newer.

Yes.

When you accept the invitation, the EA app download process will begin. Origin will be uninstalled automatically once the EA app launches — this ensures you will not experience any conflicts or errors related to having both clients installed on your computer simultaneously. Once you complete the process, your games and content will be ready for play.

Games you've purchased on Origin will automatically transfer over to the EA app when you login with the same EA Account ID. Contact us if anything appears to be missing from your library.

No. The games you’ve downloaded through Origin should be ready to launch through the EA app. If you find any of your games, DLC or other content missing from the EA app, pleasecontact usso we can help resolve the issue.

Your EA Account is what you use today to log into Origin - just use the same credentials to log in to the EA app.

Your information (achievements, friends list, cloud data, purchases, in-game hours, & more) carries over when you log in to the EA app.

The EA app is required in order to play EA games on PC. When you launch an EA title on Steam or Epic, we’ll provide guidance for installing the EA app (and uninstalling Origin if applicable) to ensure you can access & play your EA games.

You cancontact us here.",,2025-11-20T06:51:23.510608,"{""source_name"": ""EA News"", ""via"": ""homepage""}"
https://www.ea.com/about,www.ea.com,,"EA is a global leader in digital interactive entertainment.

We are focused on building games and experiences that grow the global online communities around our key franchises and intellectual property, while deepening engagement through interactive storytelling.

We develop and deliver games, content and online services for Internet-connected consoles, mobile devices and personal computers. Headquartered in Redwood City, California, we are recognized for a portfolio of critically acclaimed, high-quality brands such as EA SPORTS FC™, Battlefield™, Apex Legends™, The Sims™, EA SPORTS™ Madden NFL, Need for Speed™, Titanfall™, Plants vs. Zombies™ and EA SPORTS F1®.",,2025-11-20T06:51:25.558310,"{""source_name"": ""EA News"", ""via"": ""homepage""}"
https://www.ea.com/games/library/mobile,www.ea.com,,"Optional Cookies, including those that support the Multimedia Player, are currently disabled based on Your Privacy Choices settings.

ChooseAccept and Play Videoto enable the Multimedia Player, including its associated Cookies. This may involve the collection and sharing of your viewing information by YouTube for analytics and advertising purposes.

You can also choose to watch the video on YouTube.",,2025-11-20T06:51:27.735730,"{""source_name"": ""EA News"", ""via"": ""homepage""}"
https://www.ea.com/games/fifa/fifa-23,www.ea.com,,"Already have an EA Account? Check your Email Preferences here.

Join the Club today to receive the latest EA SPORTS FC™ 26 news, updates, behind-the-scenes content, exclusive offers, and more (including other EA news, products, events, and promotions) by email.

You must sign in and sign up for EA SPORTS FC™ and EA emails first.

You must sign up for the EA SPORTS FC™ newsletter first.

You've successfully signed up to receive emails about EA SPORTS FC™ and other EA news, products, events and promotions. Unsubscribe at any time by changing your email preferences.

You’ve already signed up for EA SPORTS FC™ newsletters with the above email. Please check your spam folder for the above email. If you still have troubles receiving the emails, pleasecontact EA.

Sorry, you are ineligible to sign up for this newsletter.

Sorry, something has gone wrong. Please try again later.",,2025-11-20T06:51:30.132401,"{""source_name"": ""EA News"", ""via"": ""homepage""}"
https://apnews.com/article/lebanon-israel-airstrike-84a26c919c2636e6bd8d0a86ae166b3a,apnews.com,,"SIDON, Lebanon (AP) — The Israeli military carried out barrages of airstrikes in southernLebanonWednesday on what it said were Hezbollah sites, including weapons storage facilities, after a drone strike earlier in the day killed one person and wounded several others, including students on a bus.

The new wave of strikes came a day after an airstrike killed 13 people in the Palestinian refugee camp of Ein el-Hilweh, the deadliest of Israeli attacks on Lebanon since a ceasefire in the Israel-Hezbollah war a year ago.

Meanwhile, after Israel reported its soldiers were fired on in southern Gaza, health officials in the territory said Israeli strikes killed at least 25 Palestinians in one of the deadliest days in Gaza since theOct. 10 ceasefireagreement took effect. Separately, Israeli Prime MinisterBenjamin Netanyahutraveled to a buffer zone in Syrian territory that Israel seized last year.

Israel’s military warned Wednesday it would strike targets in several villages in southern Lebanon, describing them as Hezbollah infrastructure, and called on people to move away from the locations. More than an hour later, strikes began in the villages of Shehour and Deir Kifa.

Israel’s military said Hezbollah was working to reestablish itself and rebuild its capacity in southern Lebanon, without providing evidence. It said the weapons’ facilities targeted were embedded among civilians and violated understandings between Israel and Lebanon. Israelagreed to a ceasefireand withdraw from southern Lebanon last year and Lebanon agreed to quell Hezbollah activity in the area.

Earlier Wednesday, anIsraeli airstrikeon a car in the southern Lebanese village of Tiri killed one person and wounded 11, including students aboard a nearby bus, the Lebanese Health Ministry and state media said. State-run National News Agency said the school bus happened to be passing near the car that was hit.

Israel’s military later said it killed a Hezbollah operative in the drone strike.

In Ein el-Hilweh refugee camp, just outside the port city of Sidon, life appeared normal Wednesday. Lebanese authorities prevented journalists from entering. At the scene of the strike, paramedics searched for human remains around a wall that was stained with blood. Several cars were burned and broken glass and debris littered the ground.

A Palestinian rescue worker checks cars that were damaged in an Israeli strike on Tuesday night at the Ein el-Hilweh Palestinian refugee camp, in the southern port city of Sidon, Lebanon, Wednesday, Nov. 19, 2025. (AP Photo/Mohammed Zaatari)

The Israeli military said it struck a Hamas training compound that was being used to prepare an attack against Israel and its army. It added that the Israeli army would continue to act against Hamas wherever it operates.

Hamas denied in a statement that the sports playground that was hit was its training compound.

Palestinian factions in Lebanon’s 12 refugee camps earlier this yearbegan handingover their weapons to the Lebanese state. The government has said that it will also work ondisarming Hezbollah,but Hezbollah has rejected it as long as Israel continues to occupy several hills along the border and carries out almost daily strikes.

The U.S. has recentlyincreased pressureon Lebanon to work harder on disarming Hezbollah and canceled a planned trip to Washington this week by Lebanese army commanderGen. Rudolph Haikal.

A senior Lebanese army officer told The Associated Press that U.S. officials were angered by an army statement on Sunday that blamed Israel for destabilizing Lebanon and blocking the Lebanese military deployment in south Lebanon. The officer spoke on condition of anonymity because he wasn’t authorized to speak publicly.

The latest Israel-Hezbollah war began Oct. 8, 2023, a day after Hamas attacked southern Israel, after Hezbollah fired rockets into Israel in solidarity with Hamas. Israel launched a widespread bombardment of Lebanon two months ago that severely weakened Hezbollah, followed by a ground invasion.

That war, the most recent of several conflicts involving Hezbollah over the past four decades, killed more than 4,000 people in Lebanon, including hundreds of civilians, and caused an estimated$11 billion worthof destruction, according to the World Bank. In Israel, 127 people died, including 80 soldiers.

Gaza’s Ministry of Health said that Israeli strikes killed 25 Palestinians and injured 77 since the afternoon in one of the deadliest days since the Oct. 10 ceasefire took effect. Hospital officials who received the bodies said they came from on both sides of the yellow line established in last month’s ceasefire. The boundary splits the enclave in two, leaving the border zone under Israeli military control while the area beyond it is meant to serve as a safe zone.

Officials at al-Ahli, Shifa, Nasser and Kuwaiti hospitals reported they received the bodies of those killed from Gaza City, Khan Younis and the Muwasi area, the southern Gaza displacement camp. An Israeli strike also killed one person in Shijaiyah, a Gaza City neighborhood outside the safe zone where Israeli forces remain deployed.

The Israeli military said its strikes responded to militants who had opened fire on Israeli forces in Khan Younis earlier in the day. It said no soldiers were killed.

On Wednesday Hamas condemned the Israeli strikes across Gaza City and Khan Younis, calling them a “shocking massacre.” In a statement, the group denied firing toward Israeli troops.

Israeli strikes have decreased since the ceasefire agreement took effect, according to Gaza’s Health Ministry, though they have not stopped entirely. After Wednesday evening’s strikes, the ministry, which does not distinguish between civilians and combatants, has reported more than 300 deaths since the truce began, an average of more than seven per day. Each side has accused the other of violating its terms, which include increasing the flow of aid into Gaza and returning hostages — dead or alive — to Israel.

The deaths are among the more than 69,000 Palestinians killed since Israel launched its sweeping offensive more than two years ago in response to Hamas-led militants abducting 251 people and killing around 1,200 people, mostly civilians, in the Oct. 7, 2023, attack that triggered the war. Gaza’s Health Ministry, part of the Hamas-run government and staffed by medical professionals, maintains detailed records seen as a reliable estimate by the U.N. and many independent experts.

Top Israeli officials including Netanyahu traveled Wednesday into a demilitarized buffer zone in Syria that Israel seized after thefall of President Bashar Assadlast year. “We attach immense importance to our defensive and offensive capability here,” Netanyahu said. “This is a mission that can develop at any moment.”

Israel’s Prime Minister Benjamin Netanyahu speaks during a news conference with President Donald Trump in the State Dining Room of the White House, Sept. 29, 2025, in Washington. (AP Photo/Alex Brandon, File)

Its December 2024 operations drew swift condemnation, with critics accusing Israel of using Syria’s turmoil to expand its control of the Golan Heights, which it captured and annexed in 1967 in a move that is not recognized by most of the international community.

Israeli incursions in southern Syria have intensified in recent months, with residents reporting forest destruction, advances onto farmland and Israeli military checkpoints. The zone, which wraps the Golan Heights, has also attracted interest from Israeli settlers.

Syria’s new authorities have condemned Israel’s incursions but said they do not want to enter into a military confrontation. Syrian and Israeli officials have been negotiating on a potential security agreement to defuse tensions but the talks appear to have stalled.

The provocative visit by the prime minister drew fresh criticism from Syria and neighboring countries.

In a statement, Syria’s Foreign Ministry said the visit was an attempt to entrench Israeli control and called it “a grave violation of Syria’s sovereignty and territorial integrity.”

_____

Mroue reported from Beirut. Shurafa reported from Deir al-Balah, Gaza Strip. Melanie Lidman and Abby Sewell in Tel Aviv, Israel and Beirut, Lebanon contributed to this report.",,2025-11-20T06:51:35.898368,"{""source_name"": ""AP Fact Check"", ""via"": ""homepage""}"
https://apnews.com/hub/obituaries,apnews.com,,,,2025-11-20T06:51:40.639120,"{""source_name"": ""AP Fact Check"", ""via"": ""homepage""}"
https://apnews.com/newsletters,apnews.com,,"AP Entertainment Wire

Get AP’s first personalized newsletter delivering you entertainment news twice a week.

SELECTMonday and Thursday",,2025-11-20T06:51:42.406391,"{""source_name"": ""AP Fact Check"", ""via"": ""homepage""}"
https://apnews.com/lifestyle,apnews.com,,,,2025-11-20T06:51:45.500351,"{""source_name"": ""AP Fact Check"", ""via"": ""homepage""}"
https://apnews.com/one-extraordinary-photo-how-this-ap-photographer-captured-taylor-swift-and-travis-kelces-iconic-kiss-0000018d6b12d410ad8fff732d8f0000,apnews.com,,"AP Photographer Julio Cortez set out to capture postgame images of the world’s most popular couple,Travis KelceandTaylor Swift, after the Kansas City Chiefs beat the Baltimore Ravens to advance to theSuper Bowl. With some quick thinking, he got the shot that made front pages around the world.

Here’s how he made this extraordinary photo.

READ MORE FROM OUR ‘ONES’ SERIES

To me, it was easy to understand the importance of the moment. Ever since she was first spotted at a Chiefs game on Sept. 24, social media has gone crazy for images of Taylor Swift watching her boyfriend, Kansas City tight end Travis Kelce. Swifties were suddenly interested in football. Swift was even thanked in social posts for giving fathers and daughters something in common to talk about on Sundays. And now it was impossible to avoid the Swift-coming-to-Baltimore buzz. Baltimore social media meme accounts had fun placing images of her at landmarks in the Charm City. My favorite bakery in Lutherville, Md., made cookies and cupcakes with some of those images. All of this reaffirmed my wife Emily’s comments throughout the week: “This is going to be big!” And so, it was.

As the Ravens kept missing opportunities to score in the second half, I started preparing myself for what the postgame would look like. I was teamed with editors Mike Stewart and Alyssa Goodman, AP staff photographers Matt Slocum and Alex Brandon, and freelancer Nick Wass. Once the game ended, we had several jobs - make the sports images of the celebration, dejection and trophy presentation. And if the Chiefs won: photos of the Swift chaos on the field.

Slocum and I would be inside the pen in front of the stage, and when I saw he locked up the prime center position, I decided to see what was going on behind the stage. As I turned the corner, I saw the entourage of players and coaches along with their family and friends. Tucked away in the middle of TV cameras, security personnel and players, was Swift standing next to Kelce’s mother, Donna. Having a talented team of AP photographers allowed me to focus on Swift while they took care of the trophy presentation.

I knew I had to get closer to Swift and Donna Kelce. I convinced security that if I was on the other side of the scrum I would be out of the way. Locking that position was key - I was able to make a photo of Swift raising her hands when Kelce was introduced onto the stage.

After months of Swifties seeing telephoto images of the pop star celebrating her boyfriend’s accomplishments, a photo made with a 12-24mm lens gave us the first up-close look of her at a Chiefs game – it’s much more personal. It was a true moment of joy and celebration. In my mind It was the shot. I was happy. But I didn’t stop working.

After, Kelce had a conversation with his brother, Jason Kelce, I rushed to get into position as Travis reunited with Swift. They exchanged words of affection and gave each other a simple and quick peck on the lips – THE photo.

The image was made through a technique called a “Hail Mary.” That’s when a photographer takes the camera away from the eye and reaches up with a wide-angle lens to get above a group of people to capture the moment. As I saw the kiss happen, I snapped the camera’s shutter button and hoped that the focusing was on the couple. Within seconds, the moment was over. Kelce went off to meet his teammates and Swift walked off the field.

When I looked at the back of the camera and saw I had decent images of the kiss, I quickly thought “this is THE Shot.” I was happy to see the kiss because the moment humanized the couple and gave the Swiftie World a candid look at their intimacy.",,2025-11-20T06:51:48.450313,"{""source_name"": ""AP Fact Check"", ""via"": ""homepage""}"
https://apnews.com/newsletters?id=World+of+Faith,apnews.com,,"AP Entertainment Wire

Get AP’s first personalized newsletter delivering you entertainment news twice a week.

SELECTMonday and Thursday",,2025-11-20T06:51:51.745196,"{""source_name"": ""AP Fact Check"", ""via"": ""homepage""}"
https://apnews.com/termsofservice,apnews.com,,": August 18, 2025

These Terms of Use, together with all policies, rules, and provisions described, linked, or otherwise referenced int his document, including without limitation our

(together, the “Terms”), form a legal agreement between you and The Associated Press and its affiliates (referred to together as “

,” “

,” “

,” or “

”).

These Terms govern you access to and use of AP’s website located at

(the “

”), AP’s mobile applications (the “

”), AP’s digital news experiences and other AP digital properties, and any related features, content, and services (together, the “

”).

PLEASE READ THESE TERMS CAREFULLY before using the Services as they contain important information about your legal rights, remedies, and obligations. By accessing or using the Services, you agree to be bound by these Terms. If you do not understand, do not agree to, or cannot comply with these Terms (including any updates to them), you must not use the Services.

Section 16 of these Terms, titled “Binding Arbitration and Class Action Waiver,” contains a binding arbitration provision and a waiver of your right to participate in class or representative actions. These provisions affect your legal rights. Please read them carefully.

. By accessing or using the Services, you agree that you have read, understood, and are legally bound by these Terms. If you do not agree to these Terms, you must not use the Services. These Terms, together with our Privacy Policy and any other policies incorporated by reference, constitute the entire agreement between you and AP with respect to your use of the Services and supersede all prior or inconsistent understandings or agreements. Capitalized terms not defined in these Terms shall have the meanings set forth in our

or other incorporated policies.

. We may modify, update, add to, or delete from these terms (together, “

”) at any time in our sole discretion by posting the revised Terms on this page with an updated “Last Updated” date. We may also provide additional notice of material revisions, such as by email or on the Site. By continuing to access or use the Services after revisions are posted, you agree to be bound by the revised Terms. You are responsible for reviewing these Terms regularly to stay informed of any revisions.

. These Terms, including any revisions and incorporated documents, remain in effect while you use the Services. Certain provisions, by their nature, may continue in effect after you stop using the Services or after your Account is terminated (for example, license grants, disclaimers, limitations of liability, and dispute resolution procedures).

. For purposes of these Terms, “

” of the Services includes any access to, interaction with, or communication through the Services, whether actual or attempted. “

” means anyone who uses the Services in this way.

. Any new features, components, or developments added to the Services are automatically subject to these Terms unless we provide notice that different terms apply. You must also comply with any additional terms that apply to third-party content, materials, software, or services accessible through the Services.

You must be at least the age of majority in your jurisdiction (often 18 years old by may vary) to use the Services. By using the Services, you represent and warrant that: (a) you are at least the age of majority in your jurisdiction, and (b) you have the legal capacity and authority to enter into these Terms on behalf of yourself or, if applicable, the entity you represent. We reserve the right, at our sole and absolute discretion, to deny any user access to the Services, or any portion of the Services, without notice and without reason.

Certain features of our Services, such as participating in APNews Comments or saving preferences, may require you to register for an account with APNews (“

”).

. You may be able to register using a third-party login provider (e.g., Facebook, Google), or you can create an Account directly with us. For the latter, you will be asked to provide a sign-in name (“

”), a password (“

”), and, in some cases, additional information to help us authenticate your identity in the future (“

”). Together, your Username, Password, and Unique Identifiers are referred to as your “

.” When creating your Account, you must provide true, accurate, current, and complete information. Each Username and Password may be used by only the authorized individual who created the Account. You are not permitted to transfer your Account to another person without our prior written consent.

. Usernames must comply with our User Conduct Requirements (see Section 4 of these Terms), may not contain objectionable content (as defined in our

), and may not include your full name or other personally identifiable information (together, our “

”).

If your selected username is automatically rejected during registration, you must choose a different one. Acceptance of a username during automated registration does not mean it complies with our Username Requirements. We do not conduct manual review of usernames when you register for an account, but we may review them later and reserve the right to remove, modify, or replace any username that violates our Username Requirements, at our sole discretion and without prior notice.

If you participate in APNews Comments, your username may be reviewed automatically as part of our moderation process. Usernames that do not meet our requirements will be rejected. Comments community members may also flag usernames as potentially noncompliant. If your username is flagged and determined to be noncompliant, we may change it and notify you of the change. You may update your username in My Account, but any replacement must comply with our Username Requirements. Repeated violations may result in penalties, including suspension or termination of your Account.

. You are solely responsible for maintaining the confidentiality of your Account Information and for all activity that occurs through your Account, whether or not authorized by you. You must promptly notify us if you believe any of your Account Information has been compromised or if you need to deactivate your Account.

We reserve the right to change or delete your Username, Password, or Unique Identifier at any time and for any reason, without liability to you for any resulting loss or damage. We may accept or reject any account registration in our sole discretion, and we are under no obligation to maintain any Account. We will not be liable for any loss or damage resulting from any unauthorized use of your Account.

By using the Services, you agree to comply with the following requirements (“

”):

If you believe another user has violated these User Conduct Requirements, please notify us (see Section 20, “Contact Us”).

We reserve the right to investigate suspected violations of these Terms and to involve, cooperate with, or provide information to law enforcement authorities in connection with any such violations.

. We may provide you with opportunities to submit, post, upload, transfer, send, publish, link to, or otherwise make available (together, “

”) materials such as comments, reviews, ratings, opinions, text, images, audio, video, graphics, usernames, links, or other material (together, “

”) on or through the Services. If you participate in APNews Comments, all comments, replies, and posts you submit are User Content under these Terms.

. You are solely responsible for all User Content you submit. By providing User Content, you represent and warrant that:

. Once submitted, User Content may be shared or republished by others and may be impossible to fully remove. If you do not want your content available to the public, do not submit it. Submission of User Content is voluntary and at your own risk.

. We do not claim ownership of your User Content. Subject to this license, you retain all rights in your User Content. You are solely responsible for protecting these rights; we cannot and do not assume responsibility for controlling, monitoring, or enforcing these rights, including your intellectual property rights.

By submitting User Content, you grant us a non-exclusive, worldwide, royalty-free, perpetual, irrevocable, fully sublicensable and transferable license to use, reproduce, distribute, display, perform, adapt, modify, publish, translate, create derivative works from, and otherwise exploit your User Content in any formats, media, and technologies now known or later developed, for the purposes of operating, promoting, syndicating, and improving our Services (the “

”).

This License includes the right for us to:

. To the fullest extent permitted by applicable law, you waive any and all moral rights (including without limitation rights of attribution, integrity, disclosure, and withdrawal) and any rights of privacy, publicity, or approval in your User Content. You agree not to assert such rights against us, our sublicensees, or other authorized users. If applicable law does not allow for a waiver of moral rights, you agree not to enforce such rights in a manner that would interfere with the exercise of the rights granted in this License. This waiver includes use of your name, likeness, image, voice, and biographical information to the extent contained in your User Content.

. We have no obligation to publish, maintain, use, or respond to User Content, and we may remove, edit, or refuse to display any User Content for any reason. No fees, royalties, or other compensation will be paid in connection with any use of your User Content. If royalties become due to a third party, you are solely responsible for paying them.

. We may access, copy, preserve, or disclose User Content if required by law or in good faith belief that such action is reasonably necessary to: (i) comply with legal process, (ii) enforce these Terms, (iii) respond to claims that User Content violates rights of others, (iv) respond to your requests for assistance, (v) prevent or investigate suspected unlawful activity, or (vi) protect our rights, property, or safety, or that of others.

. We exercise our rights to remove or restrict access to User Content in good faith under Section 230(c)(2) of the Communications Decency Act. Our decision to remove, restrict, or leave up User Content shall not be deemed to waive, limit, or impair our rights or protections under Section 230 or any other applicable law.

. If you believe any User Content violates these Terms or applicable law, you may report it to us through our designated reporting channels (see “Contact Us,” Section 20). We may review such reports, but we are not obligated to take any particular action in response.

We may, but are not obligated to, monitor, review, edit, remove, or restrict access to any User Content submitted on or through the Services, at any time and for any reason, including to comply with these Terms, our community guidelines, applicable law, or if we determine in our sole discretion that such content is obscene, lewd, lascivious, filthy, excessively violent, harassing, or otherwise objectionable.

We take such actions in good faith and in accordance with Section 230(c)(2) of the Communications Decency Act, which provides that interactive computer service providers are not liable for voluntary, good-faith actions to restrict access to material they consider objectionable, whether or not such material is constitutionally protected. Our exercise of these moderation rights does not create any liability for any content that we do not remove. You acknowledge and agree that we have no liability or responsibility to you or any other person for the performance or nonperformance of such monitoring activities.

By using the Services, you acknowledge and agree that:

You understand that you may be exposed to material that you find offensive, inaccurate, or otherwise objectionable. While we may provide information to help you identify certain postings as advertisements, we cannot guarantee that we will always do so. You are solely responsible for determining the validity, reliability, and appropriateness of any information you access through the Services.

We further reserve the unconditional right, as permitted or required by law and in accordance with our

, to:

intellectual-property

. The Services and all materials provided on or through them, including without limitation text, photographs, graphics, images, video, audio, data, software, trademarks, logos, and the selection, compilation, arrangement, and presentation of any of the foregoing (collectively, “

”) are owned by or licensed to AP and are protected under U.S. and international copyright, trademark, and other intellectual property laws. AP and our licensors retain all rights, title, and interest in and to the Content. All rights not expressly granted are reserved.

. Subject to your compliance with these Terms, we grant you a limited, non-exclusive, non-transferable, revocable license to view, access, and download Content solely for your personal, non-commercial use. You may not otherwise use, copy, reproduce, distribute, publish, transmit, display, perform, modify, create derivative works from, or exploit the Content in any way without our prior written permission. You must keep all copyright and other proprietary notices contained in the original Content. Any unauthorized use of Content automatically terminates this license and may violate applicable laws.

. Without limiting the generality of the foregoing, you may not:

If you violate these Terms, your license to access the Services and Content terminates automatically, and you must immediately destroy any copies of Content in your possession.

We reserve the right to remove Content from our Services at any time for any reason without any notice to you.

. The Content includes “

,” meaning any and all registered and common law trademarks, including without limitation “AP,” “Associated Press,” and all related names, logos, trade dress, service marks, brands, brand names, Internet domain names, and other indications of origin owned by us, whether currently or in the future. AP Trademarks include the look and feel of the Services as well as all page headers, graphics, button icons, and scripts.

Nothing in these Terms grants you any license or right to use the AP Trademarks without our prior written consent for each specific use, including as part of a domain name, meta tag, keyword, or programming code, or in a manner likely to cause confusion, dilution, or disparagement. Any goodwill arising from your use of the AP Trademarks will inure solely to AP’s benefit. You may not use the AP Trademarks in a manner that (i) suggests sponsorship or endorsement without AP’s written consent, (ii) is likely to cause confusion, or (iii) disparages or discredits AP.

All other trademarks or service marks appearing on the Services are the property of their respective owners (“

”). Reference to any Third-Party Trademarks does not imply endorsement or affiliation by AP unless expressly stated.

. Except as expressly permitted under these Terms, the Content and underlying code of the Services are owned by AP and protected under U.S. and international copyright laws and other international property laws. They may not be copied, reproduced, distributed, modified, publicly displayed, or otherwise exploited without our prior written permission. You may request permission by contacting us as set forth in Section 20 (Contact Us).

. AP respects the intellectual property rights of others and complies with the Digital Millennium Copyright Act (“

”). If you believe your work has been copied or used on the Services in a way that constitutes copyright infringement, please send a notice to AP’s designated agent (for contact information, see Section 20) that includes:

AP’s designated agent for DMCA notices is identified in Section 20 (Contact Us).

Copyright 2025 The Associated Press and/or its affiliates. All rights reserved.

. We encourage you to contact us, but please do not e-mail or otherwise send us any information that is confidential, proprietary, or contains sensitive personal information data. We cannot guarantee the security or confidentiality of any information you send us in this way.

. If you submit any comments, feedback, ideas, questions, suggestions, or other materials about the Services or Content, including possible developments (together, “

”), you acknowledge and agree that:

. We do not accept or consider unsolicited ideas regarding our business, operations, products, or services, including without limitation ideas for new campaigns, promotions, products, services, technologies, processes, materials, marketing plans, or product/service names. Please do not send us such submissions. The policy is intended to prevent misunderstandings or disputes when our services, products, or strategies seem similar to ideas submitted to us.

If you nevertheless submit unsolicited ideas, you acknowledge and agree that:

third-party-services

The Services may contain links to or integrations with third-party web sites, applications, services, or resources (“

”). Access to Third-Party Services is provided solely for your convenience and does not constitute or imply any endorsement, sponsorship, or affiliation by AP.

When you access or use Third-Party Services, you do so at your own risk and subject to the terms, conditions, and privacy policies of those third parties. We encourage you to review their terms and policies carefully. If you have concerns about any Third-Party Services, please contact the administrator of that service directly.

You understand and agree that we do not control and are not responsible for:

We disclaim all liability for any loss, damage, claims, or harm of any kind arising from or related to your use of Third-Party Services. You are solely responsible for taking precautions, such as installing anti-virus software, to protect your devices from malware and other harmful code when accessing Third-Party Services.

Certain Third-Party Services may be necessary to use portions of the Services, such as authentication providers, payment processors, or embedded content. You agree that AP is not responsible for the acts or omissions of such third parties.

. You are solely responsible for your use of the Services and any breach of these Terms or applicable law arising from your activity, behavior, or conduct. We have no responsibility to you or to any third party for any such breaches or for the consequences of such breaches (including without limitation any loss or damage that we may suffer). Persons who violate these Terms, as determined in our sole discretion, may have their access to the Services suspended or terminated. Violations of these Terms or of system or network security may result in civil or criminal liability.

. The Services and all Content are provided for informational, educational, and entertainment purposes only. We make no representation, warranty, or guarantee regarding the accuracy, completeness, reliability, or availability of the Services or Content, and we do not warrant that your use of the Services will comply with applicable laws.

The Content is not a substitute for your independent judgment or professional advice, and your reliance on it is at your sole risk. The Content should not be construed as an endorsement by or representation of our opinions. We may modify or remove any Content or features of the Services at any time, with or without notice. You agree to comply with all notices and requirements accompanying third-party material.

. We do not control or pre-screen User Content submitted by users, and we do not vouch for the accuracy, integrity, quality, legality, or appropriateness of any User Content. We do not endorse any opinions expressed in User Content. We do not guarantee that User Content has been submitted with the permission of its rights holder or complies with these Terms. You are solely responsible for evaluating User Content, and you bear all risks associated with your use of User Content. We are not responsible for the storage or deletion of any Content, including User Content.

. The Services may contain technical inaccuracies, typographical errors, or omissions. Unless required by law, we have no responsibility for any such errors.

YOUR USE OF THE SERVICES AND ALL CONTENT IS AT YOUR OWN RISK. TO THE MAXIMUM EXTENT PERMITTED BY LAW, THE SERVICES AND ALL CONTENT ARE PROVIDED ON AN “AS IS” AND “AS AVAILABLE” BASIS, WITHOUT ANY WARRANTIES OF ANY KIND, WHETHER EXPRESS, IMPLIED, OR STATUTORY, INCLUDING WITHOUT LIMITATION WARRANTIES OF MERCHANTABILITY, FITNESS FOR A PARTICULAR PURPOSE, TITLE, NON-INFRINGEMENT, AND ANY WARRANTIES ARISING FROM A COURSE OF DEALING, COURSE OF PERFORMANCE, OR USAGE OF TRADE. WITHOUT LIMITING THE GENERALITY OF THE FOREGOING, AP DOES NOT WARRANT THAT: (1) THE INFORMATION ON THE SERVICES OR ANY CONTENT IS CORRECT, RELIABLE, OR COMPLETE; (2) THE SERVICES WILL BE UNINTERRUPTED OR ERROR-FREE; (3) DEFECTS WILL BE CORRECTED; OR (4) THE SERVICES OR SERVERS ARE FREE OF VIRUSES OR OTHER HARMFUL COMPONENTS. AP IS NOT RESPONSIBLE OR LIABLE FOR THE ACTIONS, CONTENT, INFORMATION, OR DATA OF ANY THIRD PARTIES, INCLUDING WITHOUT LIMITATION USER CONTENT AND THIRD-PARTY SERVICES.

TO THE MAXIMUM EXTENT PERMITTED BY LAW, IN CONNECTION WITH ANY WARRANTY, CONTRACT, OR TORT CLAIMS:

CERTAIN

LAWS DO NOT ALLOW LIMITATIONS ON IMPLIED WARRANTIES OR THE EXCLUSION OR LIMITATION OF CERTAIN DAMAGES. IF THESE LAWS APPLY TO YOU, SOME OR ALL OF THE ABOVE DISCLAIMERS, EXCLUSIONS, OR LIMITATIONS MAY NOT APPLY TO YOU, AND YOU MAY HAVE ADDITIONAL RIGHTS.

IF YOU ARE DISSATISFIED WITH ANY PORTION OF THE SERVICES OR WITH THESE TERMS, YOUR SOLE AND EXCLUSIVE REMEDY IS TO DISCONTINUE USING THE SERVICES.

TO THE MAXIMUM EXTENT PERMITTED BY LAW, YOU HEREBY RELEASE AND FOREVER DISCHARGE AP AND OUR AFFILIATES, OFFICERS, DIRECTORS, EMPLOYEES, AGENTS, LICENSORS, AND SERVICE PROVIDEDERS FROM ANY AND ALL CLAIMS, DEMANDS, CAUSES OF ACTION, LIABILITIES,AND/OR DAMAGES OF EVERY KIND AND NATURE, WHETHER KNOWN OR UNKNOWN, ARISING OUT OF OR IN ANY WAY RELATED TO YOUR USE OF THE SERVICES. YOU EXPRESSLY UNDERSTAND AND AGREE THAT THIS RELEASE INCLUDES A WAIVER AND RELEASE OF UNKNOWN CLAIMS THAT EXIST OR MAY EXIST AS OF THE DATE OF THIS RELEASE, AND YOU AGREE TO WAIVE AND RELINQUISH ANY AND ALL RIGHTS YOU HAVE OR MAY HAVE UNDER ANY STATUTE OR OTHER LAW THAT REQUIRES THE KNOWING WAIVER OF SUCH UNKNOWN CLAIMS, INCLUDING WITHOUT LIMITATION CALIFORNIA CIVIL CODE § 1542, WHICH PROVIDES AS FOLLOWS: “A GENERAL RELEASE DOES NOT EXTEND TO CLAIMS WHICH THE CREDITOR DOES NOT KNOW OR SUSPECT TO EXIST IN HIS OR HER FAVOR AT THE TIME OF EXECUTING THE RELEASE, WHICH IF KNOWN BY HIM OR HER MUST HAVE MATERIALLY AFFECTED HIS OR HER SETTLEMENT WITH THE DEBTOR.”

To the fullest extent permitted by applicable law, you agree to defend, indemnify, and hold harmless AP and our officers, directors, members, employees, agents, successors, licensees, licensors, affiliates, and assigns from and against any and all damages, liabilities, losses, expenses, claims, actions, costs, and/or demands (including without limitation reasonable attorneys’ fees, accounting fees, and other costs of investigation, litigation, or settlement), regardless of whether litigation is instituted, arising out of, related to, or resulting in any way from:

We shall provide you with notice of any such claim, suit, or proceeding and may, at our discretion, assist you, at your expense, in defending it. We reserve the right, at your expense, to assume the exclusive defense and control of any matter that is subject to indemnification under this section. In such case, you agree to cooperate fully with us in the defense of the matter, and your indemnification obligations shall not be diminished or excused.

This defense and indemnification obligation will survive termination of these Terms, your Account, and your use of the Services.

The Services are owned, controlled, and operated by The Associated Press, a New York not-for-profit corporation in the United States of America. The Services are operated from the United States. Access to and use of the Services and Content may not be lawful in certain jurisdictions. We make no claims concerning whether the Content may be downloaded, viewed, or appropriate for use outside of the United States. If you use the Services or the Content from outside of the United States, you do so at your own risk. Whether inside or outside of the United States, you are solely responsible for ensuring compliance with the laws of your specific jurisdiction. The Services may contain links Third-Party Services that are outside the United States, and they may have information that is appropriate only to the particular originating country or region where such other web site is based.

.

The following provisions apply to users outside the United States:

termination

These Terms are effective unless and until terminated by either you or us.

If you violate any part of these Terms:

We reserve the right, at our sole discretion, to restrict, suspend, or terminate these Terms, the Services, and/or your access to all or any part of the Services, at any time and for any reason without prior notice or liability to you or any third party, and such action shall not limit any other rights or remedies that are available to us.

You may terminate these Terms at any time by ceasing to use the Services. Termination, including cessation of your use of the Services, is your sole right and exclusive remedy if you are not satisfied with the Services. Upon the effective date of any termination, your right to use the Services, including all Content, shall immediately cease. You acknowledge and agree that upon termination, you may be prevented from accessing the Services, your Account details, and any files or other content contained in your account.

Section 1 and Sections 5 through 20 of these Terms shall survive the termination for any reason.

These Terms and any action arising from, related to, or resulting in any way from these Terms will be governed by the laws of the State of New York in the United States without regard to its conflict of laws provisions.

Please read the following arbitration agreement (the “

”) carefully. It requires you to arbitrate disputes with us and limits the manner in which you can seek relief from us, including a class action waiver.

You agree that, in the event of any dispute, controversy, or claim arising out of, related to, in connection with, or resulting in any way from your use of the Services, these Terms, the Content, or any aspect of your relationship with us (each, a “

”), such Dispute, including threshold questions of the arbitrability of such Dispute, will be finally and exclusively resolved by binding arbitration governed by the Federal Arbitration Act (“

”). NEITHER PARTY SHALL HAVE THE RIGHT TO LITIGATE SUCH CLAIM IN COURT OR TO HAVE A JURY TRIAL. NOTWITHSTANDING THE FOREGOING, EITHER PARTY MAY BRING ITS CLAIM IN ITS LOCAL SMALL CLAIMS COURT, IF PERMITTED BY SUCH SMALL CLAIMS COURT RULES AND IF WITHIN SUCH COURT’S JURISDICTION. DISCOVERY, AND APPEAL RIGHTS MAY ALSO BE LIMITED IN ARBITRATION. Nothing in this Arbitration Agreement prevents AP from seeking injunctive or equitable relief in any court of competent jurisdiction to protect AP’s proprietary interests or intellectual property rights.

Before initiating arbitration or legal proceedings, you and AP agree to engage in good-faith efforts to resolve any Dispute. To begin this process, you must send a letter describing the nature of your claim and desired resolution to the address provided for Legal Matters in the Contact Us section of these Terms (see Section 20). You and we agree to meet and confer personally, by telephone, or by videoconference (“

”) to discuss the Dispute and attempt in good faith to reach a mutually beneficial outcome that avoids the expenses of arbitration or, where applicable, litigation. Each party may be represented by counsel in this process. If you are represented by counsel, your counsel may participate in the Conference as well, but you agree to fully participate in the Conference by phone, video, or in person to attempt to resolve the Dispute. Likewise, if we are represented by counsel, our counsel may participate in the Conference as well, but we agree to have a company representative fully participate in the Conference. The statute of limitations and any filing fee deadlines shall be tolled during this resolution period. If you and we do not reach agreement to resolve the Dispute within thirty (30) days after initiation of this dispute resolution process, either you or we may commence arbitration or, provided such claims qualify, file an action in small claims court or file a claim for injunctive or equitable relief in a court of proper jurisdiction for matters relating to intellectual property infringement.

The Federal Arbitration Act governs the interpretation and enforcement of this Arbitration Agreement. To begin an arbitration proceeding after participating in the dispute resolution process, you must send a letter requesting arbitration and describing your claim to our registered agent at the address provided for Legal Matters in the Contact Us Section of these Terms (see Section 20). The arbitration will be conducted by JAMS, an established alternative dispute resolution provider. Disputes involving claims and counterclaims under $250,000, not inclusive of attorneys’ fees and interest, shall be subject to JAMS’s most current version of the Streamlined Arbitration Rules and the JAMS Consumer Minimum Standards then in effect; all other claims shall be subject to JAMS’s most current version of the Comprehensive Arbitration Rules and Procedures and the JAMS Consumer Minimum Standards then in effect. JAMS’s rules are available at jamsadr.com or by calling JAMS at 800-352- 5267. If JAMS is not available to arbitrate, the parties will select an alternative arbitral forum. If the arbitrator finds that you cannot afford to pay JAMS filing, administrative, hearing, and/or other fees and cannot obtain a waiver from JAMS, we will pay them for you if you complied with the dispute resolution process set forth above. In addition, we will reimburse all such JAMS filing, administrative, hearing, and/or other fees for claims totaling less than $10,000 unless the arbitrator determines the claims are frivolous or you did not comply with the dispute resolution process set forth above, except that if you have initiated the arbitration claim, you will still be required to pay the lesser of $250 or the maximum amount permitted under the JAMS Rules for arbitration claims initiated by you. You are still responsible for all additional costs that you incur in the arbitration, including, without limitation, fees for attorneys or expert witnesses. You may choose to have the arbitration conducted by telephone or videoconference, based on written submissions, in person in your hometown area (if you live in the United States), or at another mutually agreed upon location that is reasonably convenient to you. Any judgment on the award rendered by the arbitrator may be entered in any court of competent jurisdiction.

The parties shall cooperate in good faith in the voluntary and informal exchange of all non-privileged documents and other information (including electronically stored information) relevant to the Dispute immediately after commencement of the arbitration.

The arbitrator shall have exclusive authority to: (a) determine the scope and enforceability of this Arbitration Agreement; and (b) resolve any Dispute related to the interpretation, applicability, enforceability, or formation of this Arbitration Agreement including, but not limited to, any claim that all or any part of this Arbitration Agreement is void or voidable. The arbitration will decide the rights and liabilities, if any, of you and us. The arbitration proceeding will not be consolidated with any other matters or joined with any other cases or parties. The arbitrator shall have the authority to grant motions dispositive of all or part of any claim. The arbitrator shall have the authority to award monetary damages and to grant any non-monetary remedy or relief available to an individual under applicable law, the arbitral forum’s rules, and these Terms. The arbitrator shall issue a written award and statement of decision describing the essential findings and conclusions on which the award is based, including the calculation of any damages awarded. The arbitrator has the same authority to award relief on an individual basis that a judge in a court of law would have. The award of the arbitrator is final and binding upon you and us.

YOU AND WE HEREBY WAIVE ANY CONSTITUTIONAL AND STATUTORY RIGHTS TO SUE IN COURT AND HAVE A TRIAL IN FRONT OF A JUDGE OR A JURY. You and we are instead electing that all Disputes shall be resolved by arbitration under this Arbitration Agreement, except as specified in Section14.2. An arbitrator can award, on an individual basis, the same damages and relief as a court and must follow these Terms as a court would. However, there is no judge or jury in arbitration, and court review of an arbitration award is subject to very limited review.

ALL CLAIMS AND DISPUTES WITHIN THE SCOPE OF THIS ARBITRATION AGREEMENT MUST BE ARBITRATED ON AN INDIVIDUAL BASIS AND NOT ON A REPRESENTATIVE (INCLUDING, WITHOUT LIMITATION, PAGA) OR COLLECTIVE CLASS BASIS. ONLY INDIVIDUAL RELIEF IS AVAILABLE, AND CLAIMS OF MORE THAN ONE USER, PERSON, OR ENTITY CANNOT BE ARBITRATED OR CONSOLIDATED WITH THOSE OF ANY OTHER USER, PERSON, OR ENTITY. Accordingly, under the arbitration procedures outlined in this section, an arbitrator shall not combine or consolidate more than one party’s claims without the written consent of all affected parties to an arbitration proceeding. Without limiting the generality of the foregoing, you and we agree that no Dispute shall proceed by way of class arbitration without the written consent of all affected parties. If a decision is issued stating that applicable law precludes enforcement of any part of this subsection’s limitations as to a given claim for relief, then that claim must be severed from the arbitration and brought in the state or federal courts located in New York County in the State of New York. All other claims shall be arbitrated.

If any part or parts of this Arbitration Agreement are found under the law to be invalid or unenforceable, then such specific part or parts shall be of no force and effect and shall be severed, and the remainder of the Arbitration Agreement shall continue in full force and effect.

This Arbitration Agreement will survive the termination of your relationship with us.

Notwithstanding any provision in these Terms to the contrary, if we make any future material change to this Arbitration Agreement, you may reject that change within thirty (30) days of such change becoming effective by writing to us at the address provided for Legal Matters in the “Contact Us” section of these Terms (see Section 20).

You acknowledge and agree that, in the event of a breach or threatened breach of our intellectual property rights, confidential information, and/or proprietary information by you, we will suffer irreparable harm and will therefore be entitled to injunctive relief to enforce these Terms. We may, without waiving any other remedies under these Terms or applicable law, or the Arbitration Agreement seek from any court having jurisdiction any interim, equitable, provisional, or injunctive relief that is necessary to protect our rights and property pending the outcome of the arbitration referenced above (see Section 16). All claims or disputes arising out of, related to, in connection with, or resulting in any way from these Terms shall be heard exclusively by any of the federal or state courts of competent jurisdiction located in New York County in the State of New York, USA.

We may make the App available through the Google Play Store and the Apple App Store (together, the “

”). The following terms apply to the App when accessed through or downloaded from the Apple App Store where the App may now or in the future be made available. You acknowledge and agree that:

general-provisions

contact-us

. To provide Feedback, obtain information about your account, or obtain other information about the Services:

ㅤ

The Associated Press

200 Liberty Street

New York, NY 10281, USA

. For any legal matters, including questions or comments about these Terms and notices of violations of these Terms:

ㅤThe Associated Press

ㅤ200 Liberty Street

ㅤNew York, NY 10281, USA

ㅤATTENTION: Legal Department

ㅤPhone: 212.621.1500

ㅤEmail:

. For claims of copyright infringement under the Digital Millennium Copyright Act:

ㅤDMCA Notices

ㅤThe Associated Press

ㅤ200 Liberty Street

ㅤNew York, NY 10281, USA

ㅤATTENTION: Legal Department

ㅤPhone: 212.621.1500

ㅤEmail:

© 2025 The Associated Press. All rights reserved.",,2025-11-20T06:51:54.549934,"{""source_name"": ""AP Fact Check"", ""via"": ""homepage""}"
https://apnews.com/hub/ap-top-25-college-football-poll,apnews.com,,"Game recaps, ranking analyses and voteranswers to fan questions, all in one place.READ NOW!",,2025-11-20T06:51:57.773359,"{""source_name"": ""AP Fact Check"", ""via"": ""homepage""}"
https://apnews.com/purpose,apnews.com,,"Since its founding in 1846, AP has always been a news cooperative, providing its journalism to news organizations who license it for their own outlets.

In 2023, AP relaunched its own website, with no paywall or subscription, allowing consumers to access AP journalism directly.

This approach allows AP to continue its mission to expand the reach of accurate, fact-based, nonpartisan reporting while building a sustainable future for independent journalism powered, in part, by readers who choose to support our mission.",,2025-11-20T06:51:59.662415,"{""source_name"": ""AP Fact Check"", ""via"": ""homepage""}"
https://apnews.com/accessibility-statement,apnews.com,,,,2025-11-20T06:52:02.322146,"{""source_name"": ""AP Fact Check"", ""via"": ""homepage""}"
https://www.snopes.com/fact-check/vance-epstein-post-2021/,www.snopes.com,Real Vance post about Epstein from 2021 spreads online after email release,"On Sept. 4, 2021, now-U.S. Vice President JD Vance posted a tweet complaining that after Jeffrey Epstein's ties with ""our wealthiest and most powerful people"" were made public, and Epstein had died in his jail cell not long after, ""we just don't talk about it.""

On Sept. 4, 2021,future U.S. Vice President JD Vance posted a tweetquestioning why more people were not discussing the case of the deceased convicted sex offender and disgraced financier Jeffrey Epstein.

""Remember when we learned that our wealthiest and most powerful people were connected to a guy who ran a literal child sex trafficking ring? And then that guy died mysteriously in a jail,"" he asked.

The documented list of wealthy and powerful people connected to Epstein includes, among others, U.S. President Donald Trump. The course of Trump's second administration has seen a large effort to make various files related to Epstein's alleged crimes public. Epstein died by suicide in 2019 while awaiting trial on sex-trafficking charges. Trump's critics have attempted to portray Epstein and Trump as incredibly close, while the White House and its allies, Vance included, have attempted to distance their boss from his connection to Epstein. For instance,USA Today reported in July 2025 that Vance said that Trump had ""nothing to hide"" regarding the case.

In November 2025, Democrats on the U.S. House of Representatives Oversight Committeemade thousands of Epstein's emails public. Many referenced Trump. In the wake of the emails, Vance's 2021 tweet aboutEpsteinresurfaced, appearing topubliclydisplayVance's changing priorities on the issue. Snopes readers wrote in asking whether the 2021 tweet from Vance was real.

It was, and as of this writing,remained visible on Vance's X account.

Trump's own position on the Epstein files has shifted several times,according to Al Jazeera. At different times, he and members of his administration have said both that they would be open to releasing the files and not doing so.

On Nov. 12, 2025, after waiting a record-breaking seven weeks, U.S.Rep. AdelitaGrijalva, a Democrat from Arizona, was sworn in as a member of Congress. She became the 218th representative, the amount needed for a majority, to back a congressional measure co-authored by Reps. Thomas Massie, R-Ky., and Ro Khanna, D-Calif., ordering the public release of files related to Epstein.

On Nov. 16, 2025, Trumpchanged courseand called on House Republicans to vote to release the files. Two days later, the measure, whichcompels the U.S. Justice Department to release its Epstein records,passed in the House427-1 before being approved unanimously in the Senate,according to NBC News. Trump promised on Nov. 19 to sign the bill into law.

""Arizona Democrat Adelita Grijalva Sworn in after Contentious Seven-Week Delay."" NBC News, 12 Nov. 2025, https://www.nbcnews.com/politics/congress/arizona-democrat-adelita-grijalva-sworn-contentious-seven-week-delay-rcna243007.

Bose, Nandita. ""Trump's White House Tried to Slow-Walk a Vote on the Epstein Files. It Failed."" Reuters, 19 Nov. 2025, https://www.reuters.com/world/us/trumps-white-house-tried-dodge-vote-epstein-files-it-failed-2025-11-19/.

""Congress Passes Bill to Force the Release of the Epstein Files."" NBC News, 19 Nov. 2025, https://www.nbcnews.com/politics/congress/house-bill-force-release-epstein-files-bipartisan-vote-rcna244301.

""JD Vance's Old Epstein Tweets Come Back To Bite Him."" Yahoo News, 12 Nov. 2025, https://www.yahoo.com/news/articles/jd-vance-old-epstein-tweets-200942478.html.

Jokic, Natasha. ""JD Vance's Old Tweets About Epstein Are Resurfacing."" BuzzFeed, 12 Nov. 2025, https://www.buzzfeed.com/natashajokic1/epstein-emails-vance-posts.

Kochi, Sudiksha. ""JD Vance Says Trump Has 'nothing to Hide' in Epstein Case."" USA TODAY, https://www.usatoday.com/story/news/politics/2025/07/28/vance-trump-epstein-case-update/85406754007/. Accessed 19 Nov. 2025.

PolitiFact, Amy Sherman |. ""How Donald Trump Shifted on Releasing the Jeffrey Epstein Files."" Al Jazeera, https://www.aljazeera.com/news/2025/11/18/how-donald-trump-shifted-on-releasing-the-jeffrey-epstein-files. Accessed 19 Nov. 2025.

Rascoe, Ayesha. ""What Thousands of Released Emails Reveal about How Epstein Operated."" NPR, 16 Nov. 2025. National. NPR, https://www.npr.org/2025/11/16/nx-s1-5608295/what-thousands-of-released-emails-reveal-about-how-epstein-operated.","Thu, 20 Nov 2025 02:30:00 +0000",2025-11-20T06:52:05.235459,"{""source_name"": ""Snopes"", ""via"": ""rss""}"
https://www.snopes.com/fact-check/trump-bad-person-epstein-email/,www.snopes.com,Epstein email said Trump was a bad person: 'Not one decent cell in his body',"In a 2017 email released by the House Oversight Committee in November 2025, convicted sex offender Jeffrey Epstein wrote, ""I have met some very bad people. None as bad as Trump. Not one decent cell in his body.""

In November 2025,socialmediapostsclaimed(archivedhere,here,hereandhere) that convicted sex offender Jeffrey Epstein said in a 2017 email that he hadn't met anyone ""as bad as [Donald] Trump,"" adding that the U.S. president does not have ""one decent cell in his body.""

According to the posts, the purported email from Epstein read,""I have met some very bad people. None as bad as Trump. Not one decent cell in his body.""

The rumor circulated online as the public continued to scrutinize more than 20,000 documents from the Epstein estate. The U.S. House Committee on Oversight and Government Reformreleased the documentson Nov. 12, 2025.

Snopes readers searched our website to confirm whether the email was legitimate.We verified its authenticity through an independent review of the released documents.

The email, along with thousands of other documents from the Epstein estate, is available toview in a Google folderprovided by the committee in itsnews release(archived).

Epstein sent the email to Larry Summers several weeks after Trump's first presidential inauguration. Summers, who was Treasury Secretary under President Bill Clinton, is also a former president of Harvard University and later served as a top economic adviser to President Barack Obama.

Below is the full email exchange between Epstein and Summers, reproduced in the order in which the messages were sent (emphasis ours):

Feb. 6, 2017

EPSTEIN: speak today

SUMMERS: Yes. In NYC actually.

Feb. 7, 2017

EPSTEIN: your man of the people https://www.usatoday.com/story/news/nation-now/2017/02/07/president-barack-obama-kiteboards-horses-around-richard-branson-epic-vacation/97592260/

Feb. 8, 2017

SUMMERS: It's ok.

He didn't wreck world and avoided scandal.

What does Ruemmler say re his attitude towards women?

EPSTEIN:recall ive told you "" i have met some very bad people "" none as bad as trump. not one decent cell in his body.. so yes- dangerous

The 2017USA Today article(archived) that Epstein linked to in the email reported that Obama vacationed with his wife, Michelle Obama, in the British Virgin Islands, where he spent time with businessman Richard Branson and learned to kitesurf.

The mention of ""Ruemmler"" likely referred to Kathy Ruemmler, a top lawyer for Goldman Sachs andformer White House counsel to Obamawhosename appeared in other Epstein correspondence.

The full context of the email, including what prompted the message about Trump, remained unclear at the time of publication. Snopes could not immediately reach Summers for comment.

In response to our request for comment about the email exchange, a White House spokesperson sent a statement that did not address the message.

Summers announced on Nov. 19 that he would resign from the board of directors at OpenAI, whichhe joined in November 2023, amid scrutiny over his connection to Epstein,NBC News reported(archived).

Summers reportedly said in a statement: ""In line with my announcement to step away from my public commitments, I have also decided to resign from the board of OpenAI. I am grateful for the opportunity to have served, excited about the potential of the company, and look forward to following their progress.""

Several days earlier, Summers said he would step back from public commitments while continuing to teach at Harvard,according to The Harvard Crimson(archived). He also began to leave other organizations where he held various roles, the student newspaper reported.

According to The Crimson, the released documents included seven years of correspondence between Summers and Epstein. The documents reportedly showed that the two continued to exchange messages until July 5, 2019 — one day before Epstein was arrested on federal sex trafficking charges.

In a statementprovided to The Crimson, Summers wrote: ""I have great regrets in my life. As I have said before, my association with Jeffrey Epstein was a major error of judgement.""

During their exchanges,Summers reportedly soughtadvice from Epstein(archived) while pursuing a romantic relationship with a woman he described as a mentee. In one November 2018 message, Epstein described himself as Summers' ""wing man,"" The Crimson reported.

Snopes independently confirmed that the ""wing man""email appeared in the released documents here.

In the message dated Nov. 30, 2018, Epstein wrote:

im a pretty good wing man , no? anymore, how great larry is comments and i would havehad to barf. great fun

For further reading, Snopes has fact-checked multiple claimsrelated to the latest Epstein documents drop, including whether the late disgraced financieralleged in an email that Trump ""knew about the girls.""","Wed, 19 Nov 2025 23:29:00 +0000",2025-11-20T06:52:07.315639,"{""source_name"": ""Snopes"", ""via"": ""rss""}"
https://www.snopes.com/fact-check/charlotte-cbp-agent-car-window/,www.snopes.com,Video shows CBP agent in Charlotte smashing car window with rifle during arrest,"A video authentically showed a U.S. Customs and Border Protection agent smashing a car window with a rifle during an arrest in Charlotte, North Carolina.

In November 2025, as Charlotte, North Carolina, became the latest U.S. city to face targeted immigration enforcement action by the Department of Homeland Security (DHS), avideo(archived) circulated that claimed to show a U.S. Customs and Border Protection (CBP) agent smashing a car window with a rifle during an arrest in the city.

The DHSsaidon Nov. 17, 2025, that it had arrested more than 130 people during ""Operation Charlotte's Web,"" the department's name for immigration enforcementactionstargeting criminals without legal status in the U.S. who DHS claimed ""flocked"" to North Carolina because ""they knew sanctuary politicians would protect them.""

One user who posted the video onRedditclaimed agents from Immigration and Customs Enforcement (ICE) or Customs and Border Protection (CBP), both DHS agencies, ""abducted"" two U.S. citizens after they honked their car horn to alert the public to the agents' presence and that one agent used ""an AR15 muzzle to smash out a car window before zip tying the women.""

ICE/CBP abducted 2 US Citizens for allegedly honking their car horns to warn of a kidnapping patrol in Charlotte, NC. The video shows heavily armed agents using an AR15 muzzle to smash out a car window before zip tying the women (11/18/25)byu/I_may_have_weedinPublicFreakout

The footage also circulated onX(archived),Facebook(archived),Instagram(archived)andThreads(archived).

The video appeared to be authentic, meaning not created using artificial intelligence or digitally manipulated. According to a Facebookpost(archived) by Shea Watts, wholocalnewsmediareported recorded the video of the arrest, ""BP agents"" detained ""two US citizens,"" smashing their car window in the process.

Watts'footageshowed an agent in a camouflage uniform using his weapon to dent a car window before more agents pulled two women out of the vehicle and handcuffed them. Thefootageshowedone agent with a shoulder patch fromBORSTAR, CBP's Border Patrol Search, Trauma, and Rescue unit headquartered in El Paso, Texas.Therefore, we rate this claim true.

We reached out to Watts to confirm he recorded the video. We also reached out to the CBP for its comments on the arrest. We await replies to our queries.

According toWCNCandWFMY News 2, two local news outlets in Charlotte and Greensboro, North Carolina, the husband of one of the women arrested said his wife was a U.S. citizen. Snopes could not reach either woman seen in the footage to confirm their citizenship status.

Reports said agents kept the two women they pulled out of the car detained for hours at an FBI facility before releasing them with a citation, ororderto appear before a court. Reports did not say why the women received the citations.

In Watts' footage, one woman, whose husband spoke to local news media,said(time code 00:41) agents accused her of ""driving erratically because they were chasing me down the road.""

The womansaidagents followed her down Central Avenue in Charlotte, through a parking lot and onto side streets before they (time code 01:38) ""put their lights on after about five minutes of following me and pulled me over, pulled us into here, broke the windows in my car.""

CBP had not replied to a question about why agents detained the two women at the time of this writing. Watts reportedly told WCNC and WFMY News 2 that agents accused the driver of honking their car horn to warn others that border patrol agents were in the area. Snopes has not independently verified this claim.

According toWatts, one agent said he detained the women in accordance with federallegislationon ""Assaulting, resisting, or impeding certain officers or employees.""

Watts also wrote on Facebook that one of the women had called the Charlotte-Mecklenburg Police Department (CMPD) while CBP agents followed her. The department reportedly ""told her not to open up."" When asked about this claim, the CMPD Public Affairs Division replied with a statement that did not directly address the claim but read, in part, ""The CMPD does not participate in ICE or CBP operations, nor are we involved in the planning or execution of any federal immigration enforcement activities.""

Snopes submitted a Freedom of Information Act request for the reported call and will update this report if we hear back.

Watts posted the footage showing CBP agents detaining the women in Charlotte's Plaza Midwood neighborhood on Nov. 17, 2025. Two days earlier, on Nov. 15, anothervideoshowed agents smashing the window of a truck belonging to Willy Aceituno, a Charlotte resident, before dragging him to the ground and arresting him.

According to apost(archived) on the DHS X account, Aceituno was ""erratic, refused lawful commands, and had to be removed from his vehicle."" DHS also wrote that he ""admitted he was trying to distract officers so others could evade the law.""

Aceituno denied the DHS' account of the incident in aninterviewwith the Charlotte Observer.

Operation Charlotte's Webbeganin Charlotte on Nov. 15, 2025, according to the DHS and an emailed CMPD statement.","Wed, 19 Nov 2025 22:58:00 +0000",2025-11-20T06:52:09.489471,"{""source_name"": ""Snopes"", ""via"": ""rss""}"
https://www.snopes.com/fact-check/andrew-paul-johnson-trump-pardon-arrest/,www.snopes.com,Was Jan. 6 rioter Andrew Paul Johnson arrested on child molestation charges after being pardoned by Trump?,"Andrew Paul Johnson, a participant in the Jan. 6, 2021, riot at the U.S. Capitol who was pardoned by President Donald Trump, was arrested on child molestation charges.

Rumors circulated online in mid-November 2025 that a man pardoned for his participation in the Jan. 6, 2021, insurrection at the U.S. Capitol in Washington, D.C., was later arrested over an allegation he molested a child.

Users on social media platforms such asInstagram(archived) andFacebook(archived) shared the claim, causing some to ask, ""Why pardon them then?!""

President Donald Trumppardoned about 1,500 peopleconnected to the Jan. 6 riot on the first day of his second term,fulfilling a campaign promise.

The claim that one of the insurrectionists pardoned by Trump was later arrested on charges related to child molestation was true.

The Hernando County, Florida, Sheriff's Office filed anaffidavitJuly 18, 2025, that accused Andrew Paul Johnson of molesting an 11-year-old boy three times in 2024. The affidavit said the mother of the victim discovered messages between her son and Johnson — her ex-boyfriend — on the child's Discord app.

The affidavit also said Johnson told the child he ""was pardoned for storming the Capitol on January 6th, 2021, and he was being awarded $10,000,000 as a result of being a 'jan 6'er'"" and ""that he would be putting him in his 'will' to take any money he had leftover.""

The affidavit further said ""there is a possibility that Andrew is aware of the allegations, and he has mentioned leaving the state to [victim] before.""

Indeed, Johnson fled Florida and was arrested in Williamson County, Tennessee, on Aug. 26, 2025. Snopes contacted the Williamson County Sheriff's Department who confirmed via email that Johnson ""was taken into custody by the Marshals and brought to our Detention Center on a hold for Florida.""

Asearch of inmates(archived) in Hernando County showed Johnson was booked in Florida on Sept. 8, 2025, and being held without bail as of this writing. His charges included lewd and lascivious behavior, molestation of a victim less than 12 years old, cruelty toward a child and transmission of harmful information to a minor.

(Hernando County Sheriff's Office)

For his participation in the Jan. 6 insurrection, Johnson was sentenced in August 2024 to one year in prison followed by a year of supervised release, as well as a $2,336 fine and $500 in restitution, according tocourt documents. He had pleaded guilty to charges of unlawful entry; entering and remaining in a restricted building or grounds; disorderly and disruptive conduct in a restricted building or grounds; disorderly conduct in a Capitol building; and parading, demonstrating or picketing in a Capitol building,NPRreported.

The sentencing memorandum included a detailed description of Johnson's activities and social media presence, as well as photographs identifying Johnson during the riot.

He was pardoned as part of Trump's ""unconditional pardon"" for Jan. 6 participantsannouncedon Jan. 20, 2025, — Inauguration Day.

Andrew Johnson April 2025 Arrest Affidavit from Herndon County, Florida, Sheriff's Office Detective 1 of 2. https://www.documentcloud.org/documents/26285140-andrew-johnson-april-2025-arrest-affidavit-from-herndon-county-flordia-sheriffs-office-detecitve-12/. Accessed 19 Nov. 2025.

""Granting Pardons And Commutation Of Sentences For Certain Offenses Relating To The Events At Or Near The United States Capitol On January 6, 2021."" The White House, 21 Jan. 2025, https://www.whitehouse.gov/presidential-actions/2025/01/granting-pardons-and-commutation-of-sentences-for-certain-offenses-relating-to-the-events-at-or-near-the-united-states-capitol-on-january-6-2021/.

Griffin, Ashley. ""Florida Fugitive Arrested in Franklin on Multiple Child Sex Crime Charges."" WZTV, 26 Aug. 2025, https://fox17.com/news/local/florida-fugitive-arrested-in-franklin-on-multiple-child-sex-crime-charges-tennessee-news-google-trends.

Hernando County Detention. https://www.hernandosheriff.org/jail/Applications/JailSearch/JailSearchDetails.aspx?BookNo=HCSO25JBN004623. Accessed 19 Nov. 2025.

Moore, Amanda. ""Pardoned Capitol Rioter Tried to Hush Child Sex Victim With Promise of Jan. 6 Reparation Money, Police Say."" The Intercept, 18 Nov. 2025, https://theintercept.com/2025/11/17/pardoned-jan-6-child-abuse-molestation-andrew-paul-johnson/.

N, et al. ""The Jan. 6 Attack: The Cases behind the Biggest Criminal Investigation in U.S. History."" NPR, 14 Mar. 2025. NPR, https://www.npr.org/2021/02/09/965472049/the-capitol-siege-the-arrested-and-their-stories.

""Pardoned Capitol Rioter Tried to Bribe Child Sex Victim with Promise of Jan. 6 Payout, Officials Say."" NBC News, 18 Nov. 2025, https://www.nbcnews.com/news/us-news/pardoned-capitol-rioter-tried-bribe-child-sex-victim-promise-jan-6-pay-rcna244627.

""Trump Pardons Roughly 1,500 Criminal Defendants Charged in the Jan. 6 Capitol Attack."" NBC News, 21 Jan. 2025, https://www.nbcnews.com/politics/justice-department/trump-set-pardon-defendants-stormed-capitol-jan-6-2021-rcna187735.

""United States of America v. Andrew Johnson."" United States District Court for the District of Columbia, https://storage.courtlistener.com/recap/gov.uscourts.dcd.250534/gov.uscourts.dcd.250534.51.0.pdf.","Thu, 20 Nov 2025 00:22:00 +0000",2025-11-20T06:52:11.569253,"{""source_name"": ""Snopes"", ""via"": ""rss""}"
https://www.snopes.com/news/2025/11/18/usda-snap-fraud/,www.snopes.com,What we know about claims USDA found thousands of dead and double-enrolled people on SNAP,"In November 2025, aclaim(archived) circulated online that U.S. Secretary of Agriculture Brooke Rollins found that 500,000 people on the Supplemental Nutrition Assistance Program (SNAP) benefit were double-enrolled and that 5,000 dead people still received the benefit.

According to the U.S. Department of Agriculture (USDA), nearly 42millionpeople received monthly SNAP benefits, sometimes referred to as food stamps, in fiscal year 2024. On average, SNAP provided $187 per month, or about $6 per day, in benefits to help seniors, people with disabilities and families purchasehousehold food staples.

One Threads user who shared theclaimabout the double-enrolled and dead people receiving SNAP benefits posted a video clip from a Fox News interview of Rollins with the caption, ""🚨 BREAKING: In a jaw-dropping revelation, Sec. Brooke Rollins found 5,000 DEAD PEOPLE getting SNAP, and 500,000 PEOPLE getting SNAP '2 times under the same name.'""

The claim also circulated onFacebook(archived),X(archived),Instagram(archived) andTikTok.

During an interview with Fox News' Laura Ingraham on Nov. 12, 2025, Rollinssaid(time code 02:26) her department found, ""Half a million people getting benefits two times under the same name. 5,000 dead people,"" during a review of SNAP recipient information the USDA gathered from 29 states. The next day, on Nov. 13, 2025, Rollinstold""Rob Schmitt Tonight"" on Newsmax, ""That 5,000 dead people, that was just one month. The number is closer to 186,000 deceased men and women and children in this country are receiving a check.""

Snopes asked the USDA to provide independently verifiable data to back up Rollins' claims. Instead, a USDA spokesperson sent a blanket statement, reading:

Secretary Rollins wants to ensure the fraud, waste, and incessant abuse of SNAP ends. Rates of fraud were only previously assumed, and President Trump is doing something about it. Using standard recertification processes for households is a part of that work. As well as ongoing analysis of State data, further regulatory work, and improved collaboration with States.

Given the lack of detail from Rollins and the lack of independently verifiable data from the USDA, we leave this claim unrated.

""Recertification processes"" in the USDA statement likely referred to Rollins' Newsmax interview during which shesaidthe USDA would ""have everyone reapply for their benefit"" as part of fraud-prevention efforts.

Though the USDA did not provide access to the data Rollins said she used to back her claim, data from other government agencies showed SNAP had a high rate of ""improper payments"" where the program paid the wrong amount or should not have made the payment at all. This payment type included both under- and overpayments.

The U.S. Government Accountability Office (GAO), an agency that audits how the federal government spends taxpayer money, wrote in its latestreporton SNAP covering fiscal year 2023 that improper payments accounted for 11.7% of SNAP payments in FY23, amounting to around $10.5 billion. The GAO wrote that SNAP had paid $2.7 trillion worth of improper payments since FY03.

The USDA SNAP ""Scorecard,"" a quarterly report submitted by some government assistance programs that tracks improper payments, showed SNAP made improper payments amounting to around $9 billion in FY24, accounting for 10.3% of payments.

Neither set of data specified whether double enrollment or payments to dead individuals accounted for any of the recorded improper payments. The GAO wrote that ""states made improper payments related to SNAP mainly because they did not verify recipients' eligibility for program benefits,"" which did not exclude either reason. Recipients could have been double-enrolled if states did not check that a person was already in the program, or a dead person could have continued to receive benefits if states did not remove them from the database after their death.

Data from FY23 and 24 indicated that while SNAP's improper payment rate fell, improper payments still accounted for more than one in 10 SNAP payments by the end of FY24.

Rollins told Ingraham on Nov. 12, 2025, that the USDA asked states to share SNAP recipient data on herfirst dayin February 2025 and that 29 states had complied. According to Rollins, it was this data that revealed the double-enrolled and dead recipients.

According to a USDA memo, the agency firstannouncedin May 2025 that it would collect data from states about SNAP recipients in line with a Trump administration executiveorderissued in March.

On May 6, 2025, Gina Brand, a senior official at the USDA,askedstates to collate and share:

Brand sent anothermemoon July 23, 2025, asking states to complete the requested data sharing by July 30. According to Brand's memos in May and July, the data should cover Jan. 1, 2020, to July 23, 2025.

On July 28, 2025, two days before Brand's deadline, 20 statessuedthe USDA over its ""unprecedented demand"" to hand over data that the plaintiffs said ""flies in the face of privacy and security protections in federal and state law."" The state of Pennsylvania joined the lawsuit in September 2025, bringing the number of plaintiffs to 21.

That same month, Judge Maxine Chesney temporarilyblockedthe USDA from enforcing warning letters that threatened to withhold SNAP funding for states that didn't send in the requested data.

The court had not reached a decision on whether to block the USDA from requesting the data in question at the time of this writing. Rollinstold(time code 02:20) Ingraham on Nov. 12, 2025, that the USDA was ""in litigation right now"" regarding the 21 states that had not submitted SNAP recipient data.

Without additional information from the USDA, it was not possible to independently verify Rollins claim that the agency found that 500,000 people on SNAP were double-enrolled and that 5,000 dead people still received the benefit.

Other government data indicated that the SNAP program had a high rate of improper payments in FY23 and 24, meaning payments of the wrong amount or that it shouldn't have made at all. That data did not provide the exact reasons behind the improper payments so did not outright support Rollins' claims.

Rollins said the USDA got the insights from data from 29 states that submitted information on SNAP recipients in response to a department request. At the time of this writing, a federal judge in California had temporarily blocked the USDA from withholding funds from the 21 states that did not provide that data and instead sued the USDA, claiming the request was a breach of privacy and security protections in federal and state law.

During interviews on Fox News and Newsmax, Rollins repeated a claim that SNAP ""increased by 40%"" under former U.S. President Joe Biden that Snopes has previouslyfoundto be, at best, misleading.For more rumors we've investigated about SNAP, see our collectionhere.","Tue, 18 Nov 2025 23:34:00 +0000",2025-11-20T06:52:14.195457,"{""source_name"": ""Snopes"", ""via"": ""rss""}"
https://www.snopes.com/fact-check/macys-thanksgiving-day-parade-cancelled/,www.snopes.com,Beware rumor Macy's canceled 2025 Thanksgiving parade because of Mamdani,"After Zohran Mamdani won the New York City mayoral election in early November 2025, a rumor began circulating online that Macy's was canceling its annual Thanksgiving parade because the mayor-elect wanted to charge the department store $10 million to use Fifth Avenue.

For example, the Facebook page America's Last Line of Defense (ALLOD) posted amemewith text reading (archived):

New Yorkers are regretting their votes after Macy's announces the end of 125 years of Thanksgiving tradition.

""Mayor-Elect Mamdani wants us to pay $10 million to rent 5th Avenue for three hours,"" said Macy's CEO Joseph A Barron, ""We'd have to charge admission.""

The post's caption added that the CEO allegedly said he was ""completely blindsided"" by the proposal, which ALLOD described as a ""plan to turn the annual Thanksgiving Parade into a fundraiser for [Mamdani's] socialist projects.""

The pinned comment under the post said Barron's spokesman also happened to be Joe Barron, further confusing the issue:

""The parade comes down 6th,"" said Joe Barron's Spokesman, who also happens to be Joe Barron, ""So is this just like...some kind of kickback? Like 'Hey...yo...give us a duffle bag full of cash for 5th and we won't break your legs' kind of thing?""

ALLOD alsoposteda similar Facebook Reel that had amassed more than 15,000 likes as of this writing.

Some readers seemed to interpret the rumor as a factual recounting of real-life events, butmultiplesearchesonlineproducedno evidence that Macy's had canceled its parade. As of this writing, the store'swebsitehad a countdown clock to the event, showing it was set to go ahead (archived).

Rather, the rumor originated with ALLOD, which describes its output as satirical. Its Facebook Intro featured a disclaimer reading: ""The flagship of the ALLOD network of trollery and propaganda for cash. Nothing on this page is real."" Itsmemealso contained a ""satire"" label in the bottom right corner.

ALLOD has ahistoryof making up stories for shares and comments.

Aside from Macy'swebsiteshowing the event still going ahead, there were several other clues indicating the story was fake. For example, Mamdani would not betaking office as mayoruntil Jan. 1, 2026; therefore, he would not have the power to charge Macy's $10 million to use Fifth Avenue for the 2025 Thanksgiving parade.

Further, theroute for the paradedid not include Fifth Avenue. As of this writing, it is set to start on Central Park West at 77th Street, by theAmerican Museum of Natural History. It follows Central Park West to Columbus Circle, then it goes east on Central Park South and turns right on Sixth Avenue, also known as Avenue of the Americas. It is set to end on 34th Street,outsidethe Macy's department store.

Finally, Macy's CEO isTony Spring, not Joseph A Barron, as the meme claimed. The social media network has referenced this fictional character's name inmultipleotherclaimsSnopes has previously debunked.

The mention of a man named Barron appeared to be a nod to an alias U.S. President Donald Trump reportedly used when he conducted business in New York City in the 1980s. At the time, Trump called journalists sometimes pretending to be a Trump Organization spokesman namedJohn Barron(sometimes spelled ""Baron""; another name he reportedly used was John Miller). In 2018, CNN shared arecording of one of Barron's calls.

Snopes has previously fact-checked numerous ALLODclaims, including a rumor aboutsupposed mass resignationsfrom the New York Police Department following Mamdani's election victory.

For background, here iswhywe alert readers to rumors created by sources that call their output humorous or satirical.","Wed, 19 Nov 2025 23:14:00 +0000",2025-11-20T06:52:16.265324,"{""source_name"": ""Snopes"", ""via"": ""rss""}"
https://www.snopes.com/fact-check/underage-sex-sting-ice-boys/,www.snopes.com,"Did ICE employee say 'I'm ICE, boys,' when arrested in underage sex sting?","A police chief in Bloomington, Minnesota, said that when law enforcement arrested an Immigration and Customs Enforcement employee in an underage sex sting, the suspect said, ""I'm ICE, boys.""

The ICE employee worked as a civilian auditor, not as an officer.

In mid-November 2025, a rumor spread online that law enforcement in Bloomington, Minnesota, arrested an Immigration and Customs Enforcement employee on suspicion of soliciting a minor for sex — and that employee, according to a police chief, said, ""I'm ICE, boys,"" during his arrest.

The rumor circulatedon X,Instagram,FacebookandReddit.

It was true. Minnesota police announced during a Nov. 18 news conference that they arrested 16 men who allegedly attempted to solicit a minor for sex.According toBloomington police Chief Booker Hodges, who called the sting ""Operation Creep,"" one of those men works for ICE and flaunted his credentials during his arrest.

Some of theclaimsused the word ""agent,"" possibly implying the suspect was a uniformed ICE officer. Hodges, however, said the suspect works as a civilian auditor for ICE.  In an emailed statement, an ICE spokesperson said the suspect ""was hired under the Biden administration in 2022 and worked as an I-9 auditor."" The agency also said it immediately placed him under administrative leave following his arrest and that he had never been a law enforcement officer.

""ICE is working with local authorities as well as conducting its own investigation via the agency's Office of Professional Responsibility,"" the statement said.

Here's what Hodgessaidduring the news conference (emphasis ours):

So what I'm going to talk about today, is starting on Nov. 5, us, along with the [Minnesota Bureau of Criminal Apprehension], Eden Prairie Police Department, Roseville Police Department, Airport Police Department and Richfield Police Department, conducted ""Operation Creep,"" whichwe were looking for individuals who were trying to purchase sex from a 17-year-old girl.

We have the very best detectives here in the city of Bloomington. And I, for the life of me, don't understand why people want to come here and do this, or do it just period anyway, but especially coming here to the city of Bloomington.

Everybody worked so hard in this operation, andwe arrested 16 people.

Hodges then went on to list the suspects, before getting to the ICE employee attimestamp 9:14(emphasis ours):

This is a tragedy, in many respects. People at the Department of Homeland Security — I know there are great people there that come to work every single day and do their jobs and do it admirably. Unfortunately, ""Mr. Recently-Married-Back"" here is not one of those people.He works for ICE and he is an auditor for them, a civilian employee. When he was arrested, he said, ""I'm ICE, boys."" Well, you know, unfortunately for him, we locked him up, put him in our jail.He got reappropriated to our jail.

And my understanding is, he helped send people to send federal authorities. I think he's going to see some federal authorities because I think the feds are going to take this case.

Hodges said he believed the ICE employee was the only arrestee who could face federal charges, but law enforcement ""still had to verify that"" (see 15:37).

The full video of Hodges' news conference is available on Minneapolis-St.Paul's TV station KMSP's YouTube page:","Wed, 19 Nov 2025 21:01:00 +0000",2025-11-20T06:52:18.522070,"{""source_name"": ""Snopes"", ""via"": ""rss""}"
https://www.snopes.com/fact-check/trump-phone-call-epstein-files/,www.snopes.com,Rumor has it leaked phone call features Trump panicking about Epstein files. Here's the truth,"A leaked phone call audio recording authentically features U.S. President Donald Trump panicking to White House staffers about the release of files related to convicted sex offender Jeffrey Epstein.

A rumor circulated online in November 2025 that a purportedly leaked phone call audio recording featured U.S. President Donald Trump panicking to White House staffers about the release of files related to convicted sex offender Jeffrey Epstein.

The recording allegedly featured Trump saying, ""[We're] not releasing the Epstein files! F*** Marjorie Taylor Green. I don't care what you do. Start a f***ing war. Just don't let 'em get out. If I go down, I will bring all of you down with me.""

UserspostingonFacebook(archived),Instagram(archived) andTikTok(archived)sharedthe audio in various videos, including some clips purportedly showing visuals of the White House and staffers.

In short, the audio was fake and created with OpenAI's Sora 2, an artificial-intelligence tool that allows users to create AI-generated videos with sound. OpenAIreleasedSora 2 on Sept. 30, 2025, including audio capabilities for the first time.

A Facebook video featuring the fake Trump phone call audiodisplayedtwo watermarks, including one for TikTok user @fresh_florida_air and another for Sora 2 user @bradbradt31. The @fresh_florida_air TikTokaccounthostednumerous videoscreated with Sora 2, including thevideo(archived) of Trump yelling at staffers, posted on Nov. 16.

Snopes privately messaged the TikTok account @fresh_florida_air, as well as @bradbradt31 via Instagram, to confirm they created the video and audio, and to verify whether both accounts belonged to the same person. We will update this article if we receive a response.

The same TikTok user also hosted a similar AI-generatedvideo(archived) with fake phone call audio depicting Trump as saying, ""I don't f***ing care how long this shutdown lasts. We will not lose to the Democrats. We will not release the Epstein files. I don't care if the entire country starves."" The clip, posted Nov. 5, ended abruptly with Trump supposedly saying, ""SNAP benefits can go to,"" with the sentence ending there.

Other AI-generated videos on the @fresh_florida_air TikTok account featured people wearing Trump's signature red ""Make America Great Again"" hatsinvarioussituations.

For example,one clip(archived) depicted four shirtless men wearing ""MAGA"" hats drinking alcohol and boiling in a pot over a campfire, while gleefully talking in Southern accents about wishing to donate their Trump-provided government checks back to the president's ""defense fund.""

For further reading, wepreviously examinedwhether a video showed Trump singing a song titled ""This Is Who Jesus Is to Me"" while playing a piano on the North Lawn of the White House.","Wed, 19 Nov 2025 20:37:00 +0000",2025-11-20T06:52:20.685612,"{""source_name"": ""Snopes"", ""via"": ""rss""}"
https://www.snopes.com/articles/471418/democrat-cities-more-violent-crime/,www.snopes.com,Chart allegedly proved Democrat-led cities have more violent crime. We crunched the numbers,"In the wake of the assassination of the conservative political commentator Charlie Kirk on Sept. 10, 2025, posts claiming that political party membership was a predictor of political violence spread on social media sites like Facebook and X. For example, on Sept. 18, conservative podcaster Tim Poolposted(archived) a chart that he claimed in an X post compared ""2023 combined violence rates by party."" The text of the post read, in part, ""When you get rid of fringe wackos and count crime by party control it looks a lot different.""

The chart's y-axis label said it showed the total 2023 violence rate as the ""sum of cities""while the x-axis featured two bars labeled ""Democrat"" and ""Republican."" Within hours of Pool sharing the chart, Tesla and X CEO Elon Muskreposted(archived) it to his nearly 230 million followers with the caption ""Wow.""

Pool's YouTube channel and hispodcast's website(archived) posted avideo(archived) on the same day, Sept. 18, 2025. Around the24:52 markof the video, he seems to explain how he created the chart:

Yeah I made a graph earlier where I took the — it's like 13 major citiesand then said'break down all the violent crime incidents in 2023 — which is, usually you have the more accurate data — by political party control and preference' and, guess what: it's 95% Democrat.

Pool did not name a source for the data or specify which set of 13 major cities he included, or why he chose them.We reached out to Pool for clarification about his methodology and the accuracy of his chart and will update the story if we receive a response.During adiscussion of the chart(archived) in a Nov. 18 episode of his podcast, Pool said he ""asked ChatGPT"" to generate it for him.

Our own investigation of the available datafound that Pool's chart was misleading and significantly overstated a real, but less extreme, difference in crime rates between cities with Democratic mayors and those with Republican mayors. Pool appeared to suggest his chart was evidence that the higher violent crime rates in Democratic-led cities were a direct result of the political parties of their mayors —a causal connection that social scientists have investigated and found no evidence for.Rather, experts believe the difference in violent crime rates can be attributed to other factors like economic inequalities and city-level policies.

Adatasetis a collection of data taken from one place or intended for one project. We were unable to find any datasets that directly compared cities' violent crime incidents in 2023 bypolitical party control.It was also unclear exactly what Pool meant by ""political party control,"" as people in political positions from the local to national level each play a part in ""controlling"" a city. Because the chart focused on cities, we took the phrase to mean that Pool was referring to the political affiliation of the cities' mayors.

In an attempt to reverse-engineer the methods behind Pool's chart, we collected population and violent crime data from theFBI's 2023 Crime in the U.S. (CIUS) reports,which we cross-referenced with the reported political party of the cities' mayors at the time. The FBI's violent crime categorytracks""murder and nonnegligent manslaughter, forcible rape, robbery, and aggravated assault.""

Why did we pick this dataset? The FBI is one ofthe only organizations in the U.S. that officially documents crime statistics on a large scale, and its database is considered the ""most complete estimate of national statistics available, incorporating data from more than 16,000 local police agencies covering roughly 94 percent of the population,""accordingto theBrennan Centerfor Justice at NYU Law, anonpartisan law and policy institute.

For this reason, social scientists who study urban crime rates frequently rely on CIUS reports for their data. For example, the database underpins many of the academic studies on crime rates we'll discuss later in this story.

However, the FBI's data is not completely infallible. The FBI has retroactivelyrevised databefore, and a 2025articlefrom the Council on Criminal Justice explains how the bureau's crime data sometimes conflicts with the other major U.S. crime database, theNational Crime Victimization Survey. Uniform Crime Reports (UCR), the FBI's crime database, is only tracked based on crime reported to the FBIby law enforcement. This introduces two issues: The dataset does not include unreported crimes, and some law enforcement agencies might report crimes and/or types of crimes differently than others.

It's worth noting that the CIUS report coveredmetropolitan statistical areas(MSAs), wider areas of geographical study consisting of cities and their surrounding counties based on economic interaction. The dataset provided wider MSA numbers and more specific city-based numbers when possible. The three original charts we discuss in the following sectionusemostly city numbers, though in some cases only the broader MSA numbers were available,following the FBI's organization of the data.We also used the FBI'sCrime Data Explorerto find the 2023 violent crime instances in Los Angeles and Chicago. This data was absent from the 2023 UCR document.

We used the FBI violent crime data to produce three different charts. The first, an attempt to follow Pool's description of his methodology as closely as possible, compares the sum of violent crime rates by mayoral party ofthe 13 U.S. cities with the highest reported instances of violent crime. (We picked the 13 cities with the highest violent crime instances because none of the top 13 cities by violent crime rate had a Republican mayor in 2023.)

To produce this chart, we added up the violent crime rates for the 13 U.S. cities with the highest violent crime instances in 2023 by mayoral political affiliation.(Violent crime rates are calculated by dividing the number of violent crime instances by the city's population, and then multiplying the result by 100,000, resulting in a rate of violent crime per 100,000 residents.)Unlike Pool's chart, which included only ""Democrat"" and ""Republican"" categories, we also included an ""Independent"" category for cities with mayors unaffiliated with either major party.

(We also created aversion of this chartbroken down by city.)

Although the numbers themselves do not exactly match those in Pool's chart, the general proportions are similar.The bar representing cities with Democratic mayors is significantly higher than the one for cities with Republican mayors, as in Pool's chart.

However, both the above chart and Pool's are misleading.

Using the sum of cities' violent crime rates means we added the crime rates of each city individually without averaging them. In other words, the above chartcompares the total sum of crime rates from a larger set of Democrat-run cities to the crime rates of a tiny set of Republican-led cities. (Our data compares 11 Democratic cities to a single Republican city, though we can't say for sure if Pool'schartdoes the same.)

The sum ofviolent crime rates from the large set is disproportionately larger than the sum of rates from the tiny set, and this comparison cannot be used to draw any meaningful conclusions.Because there are simply more cities with Democratic mayors, adding up their violent crime rates without averaging them andgraphingthe result naturally produces a higher bar for Democratic-run cities.

In a series of interviews, Thomas D. Stucky, aprofessor of criminal justiceatIndiana University Indianapoliswho hasconducted researchon a mayor's impact on violent crime, said handling the data this way is poor statistics. Helikenedusing the ""sum of cities"" to adding up the average temperatures of 12 cities and comparing the result to the average temperature of a single city. In a chart made this way, the collective average temperatures of the 12 cities would naturally be ""hundreds of degrees compared to the average of the one city,"" which says nothing about the actual temperature differences. According to Stucky, compiling data in this manner ""gets nonsensical in a hurry.""

So what could be a more accurate way to represent the data? Calculating the average violent crime rates across cities, instead of adding the rates together is a good start. Our secondchart, embedded below,compares the average violent crime rate by party of the mayor running the same 13 cities as in the first chart.

To get the numbers for thischart, we added together the violent crime rates in cities with Democratic mayors, then divided the result by the number of those cities. We did this for each party, then compared the results.Although using averages makes more mathematical sense, this visualization still presents a flawed reflection of the data.Our dataset of 13 cities—11 with Democratic mayors, one with a Republican mayor, and one with anindependentmayor— is much too limited to say anything about urban violent crime trends in general.

The limits of what the data can say about the cause of higher violent crime rates are clearest when we look at the proportions in the chart: the heights of the bars appear to show that cities run by independent mayors have more violent crime on average than cities withDemocratic and Republican mayorscombined.But the bar for independent mayors represents the notoriously high violent crime rate of just a single city, Detroit.Even though the chart seems to tell us that cities with independent mayors have the most crime, the data from a single outlier city is not significant enough to draw any conclusions.

So, we made a third chart using a larger dataset of the 50 U.S. cities with the highest crime instances, again examining the average violent crime rate by party of the mayor in office in 2023.

(We also created atablebreaking down the crime rates of these 50 cities.)

Thischartis more representative of the actual differences between U.S. cities by the party of their mayors. But comparing 38 Democrat-run cities to eight Republican-led cities and four independent-led citiesstilldoes not yield information concrete enough to draw conclusions about what causes the difference.

The danger of creatingcharts like these is that they appear to say much more than they actually do. Stucky explained that the ""comparison of raw averages doesn't say anything about all of the factors that could also affect crime besides political party,"" noting that a ""serious"" attempt to measure whether a mayor's political party affected violent crime rates would need to account for other possible factors, such as  ""unemployment, social safety net, [and] activities of police.""

Without knowing the sources Pool used, there is no way to confirm that he used the same dataset we used here— or that his numbers were accurate at all. Another issue is the fact that Pool did not explain why he chose the cities he used to make thecharts, or which cities those were, beyond describing them as ""major.""

The reason for the size of his dataset, 13 cities, is also unexplained. The addition or subtraction of even a single city would have a large influence on the shape of thechart. The U.S. hasover 300cities with more than 100,000 residents.Pool chose a set of less than 5% of U.S. cities to represent all of them.

As Stucky told us: Pool's chart could be ""mathematically true and at the same time highly misleading.""

The claim that cities with Democratic mayors have more crime spread long before Kirk's assassination. For example, U.S. President Donald Trump has used it as a talking point for his presidential campaignssince 2016, and cited it asjustificationfor his decision to deploy the National Guard to multiple U.S. cities in 2025. Other politicians haveused this claiminsimilar ways.

A milestone in the years-long public debate over whether the party affiliation of elected officials is causally linked with violent crime was the 2022 publication of two competing reports from think tanks.Pointing out that state-level data shows red states have more homicides (just one type of violent crime),Third Way, a non-profit and think tank that describes itself on its website as ""moderate,"" published a report on the issue in 2022, titled, ""The Red State Murder Problem,"" thatclaimedin part:

The rate of murders in the US has gone up at an alarming rate. But, despite a media narrative to the contrary, this is a problem that afflicts Republican-run cities and states as much or more than the Democratic bastions.

In response, theHeritage Foundation, aconservative research and educational institution, released a report in the same year, titled, ""The Blue City Murder Problem,"" allegedly debunking the concept of theRed State Murder Problem and arguing in part that Democrat-led cities have more violent crime as a direct result of their elected officials' political party.

Kessler and Murdock [authors of ""The Red State Murder Problem""] did their level best as political operatives to blame their political opponents for the very thing—rising crime—that leftist policies at the city and county levels have caused.

Both reports used crime data to establish a causal link between crime and the political party of different types of leaders, including mayors. We cannot concretely prove or disprove these reports as a whole — these issues are far too nuanced for a simple answer. However, many experts believe a mayor's party in particular is not a significant factor behind the differences in crime rates.

Short answer: yes, according to the available data. But, as ourcharts above showed, approaching the data in different ways produces different pictures of how much of a discrepancy exists. Even more importantly, the data does not prove that the political affiliation of mayors is the reason for the difference in numbers.

For one,correlation does not imply causation.

In other words, a city's mayor's party and the city's violent crime rate may have some relationship, but that doesn't mean mayors' political party membership directly causes the difference in numbers.

Multiple reputable studies examining violent crime rates in U.S. cities have found no evidence that the political party of a mayor has any significant causal effect on a city's violent crime rate.

For example, in 2025, thepeer-reviewedjournalSciencepublished a study, ""The partisanship of mayors has no detectable effect on police spending, police employment, crime, or arrests,"" that found no significant link between the political party of a city's mayor and crime, concluding, ""We find that the estimated impacts of partisanship on overall numbers of violent, property, drug, and other crime arrests are close to zero and are all statistically insignificant.""

The same study did not rule out the possibility that mayoral partisanship could have an effect on policy, which could ""[lead] to changes in the way that police forces act in the conduct of their jobs,"" though their findings here were also not very statistically significant.

In an accompanying The Conversation article, ""Crime is nonpartisan and the blame game on crime in cities is wrong – on both sides,"" two authors of the Science study discussed how members of both political parties misused crime statistics to further their rhetoric.

A 2024articlefrom theManhattan Institute, a conservative public policy think tank, also broke down different ways people have interpreted crime statistics in trying to assign blame to one party, concluding that ""data can say whatever a researcher wants them to say."" One of the article's authors, Robert VerBruggen, told us via email that ""the raw numbers tended to make one side or the other look bad."" Instead, he explained that differences in homicide rates at a state and county level ""were largely explained by demographic and economic differences, not by party per se.""

Stucky argued that some characteristics of a city's mayor might actually have an impact on violent crime in his 2003 paper ""Local Politics and Violent Crime in U.S. Cities,"" which appeared in the peer-reviewed journal Criminology. For example, the paper found that a mayor's race could play a part in violent crime rates— the data suggested that cities withBlack mayors tended to have lower violent crime rates.

Stucky's paper did not account for mayors' political party, but heexplainedto us that ""the little research that has been done on the subject does not provide any consistent evidence across multiple studies that [a mayor's political affiliation] affects crime, once one controls for other factors associated with crime."" Even if a causal link was found, it would likely be small in scale compared to other factors, he said.VerBruggen also echoed this claim.

There is likely more violent crime in cities run by Democratic mayors, in part, simply, because there are many more major cities run by Democratic mayors.Between 2016 and 2025, the top 100 cities of the U.S. by population wereon average64% Democrat-led and 29% Republican-led.According to a 2014 Pew Researchstudy, liberals are nearly twice as likely as conservatives to live in urban areas, resulting in more votes for Democratic mayoral candidates.

VerBruggen explained that most crimes would occur in Democrat-run cities, even if the ""risk of any given resident being victimized"" was the same, as long as Democrat-run cities made up the majority of the dataset. For example, say we're comparing 10 Democrat-led cities with a combined total of 1 million residents, and one Republican-led city with 100,000 residents. Even if the crime rates were the same between all the cities, the Democrat-led cities would have 10 times more crime than the Republican-led city.

The actual cause of violent crime in U.S. cities remains debated. Some studies havefoundit's due to economic inequality linked to a loss of traditional family structure and lack of education, for example.

VerBruggen believes that it is not a mayor's party that makes a difference, but a city's policies. He cited policing levels and even street lighting as examples of things that do affect crime rates, supported bymultiplerecentstudies. ""Rather than polarizing the issue, I think it's most helpful to study which approaches reduce crime and encourage policymakers of all parties to adopt them,"" he said.","Wed, 12 Nov 2025 14:00:00 +0000",2025-11-20T06:52:24.093827,"{""source_name"": ""Snopes"", ""via"": ""rss""}"
https://www.snopes.com/fact-check/trump-called-reporter-piggy/,www.snopes.com,Did Trump call a reporter 'piggy' on Air Force One?,"During a press gaggle on Air Force One, U.S. President Donald Trump said ""Quiet, piggy!"" to a reporter asking about the release of the Jeffrey Epstein files.

In November 2025, the U.S House Committee on Oversight and Government Reformreleasedmore than 20,000documentsrelated to convicted sex offender Jeffrey Epstein, including emails to and from his account discussing President Donald Trump, who had ayears-longrelationship with the late financier. While waiting for House vote on a bill that would compel the Department of Justice to release the so-called Epstein files, many peoplespeculatedabout what Epstein knew about Trump.

Videofootagespread across the internet claiming Trump snapped at a reporter asking about the release of the files, saying ""Quiet, piggy!""

The above footage is authentic and shows Trump calling a reporter ""piggy."" Snopes reviewed the footage several times and looked at eyewitness accounts from the scene. As such, we rate this claim as true.

A White House official did not deny to Snopes that Trump said those words. The official said: ""This reporter behaved in an inappropriate and unprofessional way towards her colleagues on the plane. If you're going to give it, you have to be able to take."" The official did not provide any evidence of inappropriate behavior by the reporter.

The full video is available on the White HouseYouTubepage and showed an interaction that took place Nov. 14, 2025 (emphasis ours):

FIRST REPORTER: Mr. President, what did Jeffrey Epstein mean in his emails when he said you knew about the girls?

TRUMP: I know nothing about that. They would've announced that a long time ago. It's really what did he mean when he spent all the time with Bill Clinton, with the president of Harvard, who, you know who that is. Summers, Larry Summers, whatever his name is. And all of the other people that he spent time with. Jeffrey Epstein and I had a very bad relationship for many years. But he also saw strength because I was president. So he dictated a couple of memos to himself. Give me a break. You're going to find out what did he know with respect to Bill Clinton, with respect to the head of Harvard, with respect to all of those people that he knew, including JP Morgan Chase. Yeah, Johnny, go ahead.

[Crosstalk]

SECOND REPORTER: Sir, if there is nothing incriminating in the files, why not [inaudible].

TRUMP [pointing]: Quiet, quiet, piggy!

Trump then responded to a question about Venezuela.

CBS News reporter Jennifer Jacob sharednotesfrom the press gaggle on Air Force One on X, saying the question came from a Bloomberg reporter: ""'Quiet, quiet, piggy,' he told a Bloomberg reporter who asked why, if there's nothing incriminating in the files, he's acting like there is.""

The Guardianreported that the Bloomberg reporter in question was Catherine Lucey. We reached out to Lucey for comment on Trump's remark and will update this report if we receive a response.

Trumpaddressedsome of his comments on Air Force One in a Nov. 16 post on Truth Social (emphasis ours):

As I said on Friday night aboard Air Force One to the Fake News Media, House Republicans should vote to release the Epstein files, because we have nothing to hide, and it's time to move on from this Democrat Hoax perpetrated by Radical Left Lunatics in order to deflect from the Great Success of the Republican Party, including our recent Victory on the Democrat ""Shutdown.""The Department of Justice has already turned over tens of thousands of pages to the Public on ""Epstein,"" are looking at various Democrat operatives (Bill Clinton, Reid Hoffman, Larry Summers, etc.) and their relationship to Epstein, and the House Oversight Committee can have whatever they are legally entitled to, I DON'T CARE!

We have coverednumerousrumors about Trump's relationship with Epstein, including an email in which EpsteincalledTrump the ""dog that hasn't barked"" and said Trump spent hours with a sex-trafficking victim at Epstein's home.

Barr, Jeremy. ""Trump Faces Criticism for Referring to Female Bloomberg Reporter as 'Piggy.'"" The Guardian, 18 Nov. 2025. US News. The Guardian, https://www.theguardian.com/us-news/2025/nov/18/trump-calls-reporter-piggy-bloomberg. Accessed 18 Nov. 2025.

Esposito, Joey, and Anna Rascouët-Paz . ""19 Rumors about Trump's Relationship with Epstein, Fact-Checked."" Snopes, 12 Nov. 2025, https://www.snopes.com//collections/trump-epstein-rumors-collection/. Accessed 18 Nov. 2025.

""President Trump Gaggles with Press on Air Force One, Nov. 14, 2025 ."" YouTube, The White House, 14 Nov. 2025, https://www.youtube.com/watch?v=9LcBiPnvqPc. Accessed 18 Nov. 2025.

Rascouët-Paz, Anna. ""7 Rumors about Epstein's Emails, Investigated."" Snopes, 18 Nov. 2025, https://www.snopes.com//collections/epstein-emails-rumors/. Accessed 18 Nov. 2025.","Tue, 18 Nov 2025 20:48:00 +0000",2025-11-20T06:52:26.914529,"{""source_name"": ""Snopes"", ""via"": ""rss""}"
https://www.bbc.com/news/articles/cly4y2enywro?at_medium=RSS&at_campaign=rss,www.bbc.com,Nvidia shares jump after revenue and outlook top estimates,"Nvidia shares jump after revenue and outlook top estimates

Danielle KayeBusiness reporter

Chief executive Jensen Huang said sales for some of Nvidia's AI components were ""off the charts""

Chip giant Nvidia beat Wall Street's expectations for revenue and upcoming sales, easing investor concerns about heavy artificial intelligence (AI) spending that have unsettled markets.

In its quarterly earnings report on Wednesday, the firm said revenue for the three months to October jumped 62% to $57bn, driven by demand for its chips used in AI data centres. Sales from that division rose 66% to more than $51bn.

Fourth-quarter sales forecasts in the range of $65bn also topped estimates, sending shares in Nvidia about 4% higher in after-hours trading.

Nvidia, the world's most valuable company, is seen as a bellwether for the AI boom. The chip-maker's results could inform market sentiment.

Chief executive Jensen Huang said in a statement that sales of its AI Blackwell systems were ""off the charts"" and that ""cloud GPUs [graphics processing units] are sold out"".

""There's been a lot of talk about an AI bubble. From our vantage point, we see something very different,"" he said, on a call with analysts.

""We excel at every phase of AI.""

The chip-maker's quarterly report garnered even more attention than usual on Wall Street amid mounting concern that AI stocks are overvalued - fears that may persist despite Nvidia's blockbuster results.

Those fears had fueled four consecutive daily drops in the S&P 500 index leading up to Wednesday, as questions swirl about returns on AI investments. The benchmark index has fallen nearly 3% so far in November.

The bar was high heading into Nvidia's results.

Adam Turnquist, chief technical strategist for LPL Financial, said the question was not whether the company would beat expectations, ""but by how much"".

""While AI valuations are dominating the news feeds, Nvidia is going about its business in style,"" said Matt Britzman, senior equity analyst at Hargreaves Lansdown.

He said valuations for certain areas of the AI sector ""needed to take a breather, but Nvidia is not in that camp"".

Mr Huang had previously said he expected $500bn in AI chip orders through next year. Investors were looking for details about when the company expects those revenues will come to fruition, and how it plans to fulfill the orders.

Colette Kress, Nvidia's chief financial officer, told analysts the company would ""probably"" be taking more orders on top of the $500bn that had already been announced.

But she also expressed disappointment about regulatory limits that stymie the company's ability to export its chips to China, saying the US ""must win the support of every developer"" including those in China.

She said Nvidia was ""committed to continued engagement"" with the American and Chinese governments.

Earlier Wednesday at the US-Saudi Investment Forum in Washington, Mr Huang joined Elon Musk to announce a massive data centre complex in Saudi Arabia that will have Musk's AI company, xAI, as its first customer.

The facility will be outfitted with hundreds of thousands of Nvidia chips.

The Wall Street Journal reported the US Commerce Department has approved the sale of up to 70,000 advanced AI chips to state-backed companies in Saudi Arabia and the United Arab Emirates, reversing an earlier decision.

The agreement was brokered following talks between US President Donald Trump and Saudi Arabia's Crown Prince, Mohammed bin Salman, who visited the White House this week.

Last month Nvidia became the first company to be valued at $5tn

The titans of the technology sector are ramping up their spending on AI, as they rush to reap the benefits of a boom that has pushed stocks to record highs.

Earnings reports from Meta, Alphabet and Microsoft last monthreaffirmed the colossal amounts of moneythese firms are shelling out for everything from data centres to chips.

Sundar Pichai, the head of Google's parent firm Alphabet,told the BBCthat while the growth of AI investment had been an ""extraordinary moment"", there was some ""irrationality"" in the current AI boom. His comments came amid other warnings from industry leaders.

Nvidia, which makes chips that are crucial for AI data centres, is at the heart of a web of deals among key players in the AI space such as OpenAI, Anthropic and xAI.

The deals have drawn scrutiny for their circular nature, as AI firms increasingly invest in one another. The agreements include Nvidia's$100bn investment in OpenAI, the firm behind ChatGPT.

Additional reporting by Lily Jamali, North America Technology Correspondent, San Francisco","Thu, 20 Nov 2025 00:21:50 GMT",2025-11-20T06:52:29.815585,"{""source_name"": ""BBC Technology"", ""via"": ""rss""}"
https://www.bbc.com/news/articles/c5yp1ky55g1o?at_medium=RSS&at_campaign=rss,www.bbc.com,Ford boss: 'Now is not the time to tax electric vehicles',"Ford boss: 'Now is not the time to tax electric vehicles'

Josh Martin,Business reporterand

Sean Farrington,Business presenter

Taxes on electric vehicles may put drivers off buying them at a time when demand has ""lost momentum"", Ford's UK boss has warned.

It comes after the BBC reported Chancellor Rachel Reeves could be consideringnew levies on EVs in the upcoming Budget.

Ford UK's managing director Lisa Brankin told the BBC: ""It's certainly not the right time to do it.""

A Treasury spokesperson said: ""Fuel duty covers petrol and diesel, but there's no equivalent for electric vehicles. We want a fairer system for all drivers.""

The Chancellor has been reported to be considering a new pay-per-mile charge for electric vehicles from 2028.

Ms Brankin told the BBC's Big Boss Interview podcast: ""That [policy], in the face of really fragile demand for electric vehicles, is just another brake.""

The admin task of calculating their mileage would put potential EV owners off making the switch, she says.

""It's really easy to sell people things they want,"" she says. ""It's hard to sell people things they don't want.

""Electric vehicles in some instances have gone from being a great thing to being something that we're trying to push people into.""

The chancellor has been reported to be considering a new pay-per-mile charge for electric vehicles

Ford sells the UK's most popular vehicle, the Ford Puma, while its commercial van the Transit holds the second-most-sold ranking.

For years its Focus model was the UK's most-popular, but the US company axed the hatchback and the last Ford Focus rolled off factory lines in Germany last week.

It employs around 6,000 people in the UK, with an engine plant in Dagenham and a transmission factory in Halewood. It hasn't manufactured a vehicle here since 2013.

Ford like other car makers is under pressure to meet the UK's net zero plan, 80% of new car sales must be EVs by 2030 or face fines.

The government has reinstated a grant worth up to £3,750 to encourage drivers to buy electric vehicles.

Ford would not be able to reach that 80% target without government help, such as the grant, Ms Brankin said.

Sales figures from car industry body, the Society of Motor Manufacturers and Traders (SMMT) show how far car makers have to go to reach the target.

Fully-electric vehicles made up around 22.4% of total new car sales, data for 2025 up to 31 October shows. This time last year it was 18.1%.

In September, the UK new car market experienced its best performance since 2020, driven by a surge inEV sales which hit a record high, according to SMMT figures.

However, Ms Brankin pointed to heavy discounting across car sales forecourts as well as a lower resale value in the second-hand EV market as indicators that the market was ""distorted"".

""When that [target] was set a number of years ago, the outlook for demand around electric vehicles was buoyant and there seemed to be momentum behind electric vehicles. What we're seeing now is that customer demand is not in line with that ambition,"" Ms Brankin said.

A large share of new EVs are sold to businesses for their employees and they benefit from lower rates of ""company car tax"" compared with diesel or petrol-fuelled options.

Ms Brankin has urged the Chancellor to retain this tax benefit of companies ""greening"" their vehicle fleets.

The shift to EVs could have consequences for the close-to 1,800 staff at the Ford diesel engine plant in Dagenham, which was the largest car factory in Europe when it was first built.

Ms Brankin said Ford was yet to make any decisions about the future of the plant, which will build diesel engines up until 2030.

""We're working really hard on and what the next life of Dagenham looks like, "" she said but there was ""nothing that we've settled on at the moment.""","Thu, 20 Nov 2025 00:03:09 GMT",2025-11-20T06:52:32.062709,"{""source_name"": ""BBC Technology"", ""via"": ""rss""}"
https://www.bbc.com/news/articles/cz919xyx7weo?at_medium=RSS&at_campaign=rss,www.bbc.com,Instagram to start closing Australian teen accounts ahead of social media ban,"Younger Australian teenagers on Instagram, Facebook and Threads are being told their accounts will be shut down ahead of the country's social media ban for under-16s.

Meta, which owns the three brands, said it had begun notifying users it believes to be between 13 and 15 years old by text, email and in-app messages that their accounts would start being deactivated from 4 December.

The ban in Australia comes into force on 10 December. It affects a number of platforms which also include TikTok, YouTube, X and Reddit.

Prime Minister Anthony Albanese said the ""world-leading"" ban was aimed at ""letting kids be kids"". Meta and other firms oppose the measure but said they would comply.

Australia's internet regulator has estimated there are 150,000 Facebook users and 350,000 teens on Instagram in the 13-15 age bracket.

From 4 December, children aged below 16 will not be able to create accounts on Meta's social media platforms.

The company said it was asking young users to update their contact details so they could be notified when they became eligible to open an account.

They can download and save their posts, videos and messages before their accounts are shut down.

Meta said that teens who said they were old enough to use Instagram, Facebook and Threads could challenge the restriction by taking a ""video selfie"" to be used in facial age scans.

They could also provide a driver's licence or other government issued-ID.

All these verification methods were tested by the UK-based Age Check Certification Scheme (ACCS) earlier this year, in a report commissioned by the Australian state.

While the ACCS said that all methods had their merits, it added: ""We did not find a single ubiquitous solution that would suit all use cases, nor did we find solutions that were guaranteed to be effective in all deployments.""

Social media platforms which fail to take ""reasonable steps"" to block under-16s face fines of up to A$50m (£25m).

""While we are working hard to remove all users who we understand to be under the age of 16 by 10 December, compliance with the law will be an ongoing and multi-layered process,"" Antigone Davis, vice-president and global head of safety at Meta, told Reuters Financial.

Meta wants to see a law where under-16s have to get parental approval before they download a social media app.

The firm told Australia's Seven News: ""Teens are resourceful, and may attempt to circumvent age assurance measures to access restricted services.""

But it said: ""We're committed to meeting our compliance obligations and are taking the necessary steps to comply with the law.""

Australia's e-Safety Commissioner, Julie Inman Grant, said the ban was aimed at protecting teens ""from pressures and risks they can be exposed to while logged in to social media accounts"".

In a move seemingly to avoid being included in the ban, gaming platform Roblox this week announced that children under 16 would be unable to chat to adult strangers.

Mandatory age checks will be introduced for accounts using chat features, starting in December for Australia, New Zealand and the Netherlands, then the rest of the globe from January.","Wed, 19 Nov 2025 17:31:45 GMT",2025-11-20T06:52:34.379377,"{""source_name"": ""BBC Technology"", ""via"": ""rss""}"
https://www.bbc.com/news/articles/c4gjg38zyd8o?at_medium=RSS&at_campaign=rss,www.bbc.com,"Major League Baseball signs deals with Netflix, ESPN and NBCUniversal","America's Major League Baseball (MLB) has signed a slew of deals with broadcast and streaming giants to show select games for the next three seasons.

Netflix, the world's largest streaming service, will air special baseball events that draw millions of viewers each year. These include the league's opening night exclusive and its Home Run Derby, where players compete to hit the most home runs.

Media companies ESPN and NBCUniversal also have acquired rights to other MLB-related programmes.

The three-year agreements will help the league expand its reach, said Baseball Commissioner Robert D Manfred Jr.

Starting with the 2026 season, the new deal will grant ESPN the rights to MLB.TV, its on-demand service that lets viewers watch teams outside their local region,said MLB on Wednesday.

It did not give details on the expected subscription fees for MLB.TV or on the value of the three agreements.

Comcast-owned NBCUniversal, meanwhile, will take over the Sunday night games, bringing back regular games to its network for the first time in a quarter of a century.

As part of the deal, Netflix will also air the World Baseball Classic in Japan.

The agreements will spread MLB coverage across a variety of platforms.

Fox Sports will continue to air the World Series and other games, while Apple TV will stream Friday Night Baseball's back-to-back matches.

The deals were a result of ESPN reportedly opting out of the final three seasons of its contract this year, which would have given the channel the rights to many of these MLB programmes.

The contract would have cost ESPN more than $1.5bn (£1.15bn) over the next three seasons.

ESPN's opting-out led to drawn-out negotiations with the league and multiple platforms to show its matches.","Thu, 20 Nov 2025 02:23:41 GMT",2025-11-20T06:52:36.097217,"{""source_name"": ""BBC Technology"", ""via"": ""rss""}"
https://www.bbc.com/news/articles/crklgrpdke8o?at_medium=RSS&at_campaign=rss,www.bbc.com,"Judge rules Meta doesn't have monopoly after Instagram, WhatsApp acquisitions","A US district judge in Washington has ruled that Facebook-parent Meta Platforms did not violate antitrust laws with its acquisitions of photo-sharing app Instagram and messaging service WhatsApp more than a decade ago.

The decision hands a defeat to the Federal Trade Commission, the US antitrust watchdog, which sued Meta in 2020 claiming the company secured a monopoly in social media by purchasing its rivals.

""The Court ultimately concludes that the agency has not carried its burden: Meta holds no monopoly in the relevant market,"" wrote Judge James Boasberg on Tuesday.

The company hailed the decision in a statement provided to the BBC, saying it ""recognizes that Meta faces fierce competition.""

In April, Judge Boasberg presided over a lengthy bench trial that featured testimony from Meta CEO Mark Zuckerberg and former Chief Operating Officer Sheryl Sandberg who argued that TikTok and YouTube had shaken up the social media landscape.

In his decision, Judge Boasberg noted that the FTC reviewed and approved of Meta's 2012 acquisition of Instagram and the 2014 acquisition of WhatsApp.

The agency had argued the company overpaid when it purchased Instagram for $1 billion and WhatsApp for $19 billion.

Judge Boasberg described a constantly changing social media landscape, ""with apps surging and receding, chasing one craze and moving on from others, and adding new features with each passing year.

Even if Meta enjoyed monopoly power in the past, he said the FTC failed to show ""that it continues to hold such power now"" as Meta's market share ""seems to be shrinking.""

In a statement to the BBC, the FTC indicated it wasn't certain whether it plans to appeal.

""We are deeply disappointed in this decision,"" said Joe Simonson, director of Public Affairs at the FTC, who added the agency was reviewing all of its options.

Simonson also told the BBC that ""the deck was always stacked against us with Judge Boasberg,"" who hasclashedmultiple times with the Trump administration and is facing an effort by congressional Republicans to have him impeached.

The BBC has asked Judge Boasberg for comment.

With its victory on Tuesday, Meta avoids a potential break-up of the company which could have included spinning off Instagram and WhatsApp.

""Our products are beneficial for people and businesses and exemplify American innovation and economic growth,"" a Meta spokesperson told the BBC on Tuesday. ""We look forward to continuing to partner with the Administration and to invest in America.""

The decision comes after the Department of Justice won two prior antitrust cases against Google - one alleging a monopoly in online search and the other in advertising technology.

But earlier this year, another district judge in Washington presiding over the online search case declined to force Google to spinoff its Chrome browser, a step the justice department had suggested was necessary to end the tech giant's search monopoly.

Against that backdrop, Tuesday's ruling against the FTC ""does feel like a change in momentum,"" said Rebecca Haw Allensworth, an antitrust law professor at Vanderbilt Law School.

""I think that's going to influence the likelihood of more cases like this being brought.""

But, Allensworth added, the ruling doesn't indicate that the government's efforts to crack down on antitrust behaviour are failing.

""It's a mixed bag,"" she said.

Many legal observers say that the FTC case against Meta was challenging from the start.

The case ""was always a difficult one, particularly given how quickly we have seen changes in the social networking market in recent years,"" said Laura Phillips-Sawyer, a professor at the University of Georgia School of Law.

Still, she said, the case revealed ""a series of statements by Zuckerberg at the time of those acquisitions that looked like a desire to squelch a nascent threat to Facebook's dominance"".

Meta's legal entanglements aren't over.

Mr Zuckerberg has been ordered to testify in a landmark trial over the impact of social media on young people.

Last month, Los Angeles County Superior Court Judge Carolyn Kuhl rejected Meta's argument that an in-person appearance in January was unnecessary.

Instagram head Adam Mosseri is also slated to testify at the trial, which stems from accusations that Meta and other social media companies make their apps addictive to young people despite being aware of mental health risks.","Tue, 18 Nov 2025 20:58:19 GMT",2025-11-20T06:52:38.062045,"{""source_name"": ""BBC Technology"", ""via"": ""rss""}"
https://www.bbc.com/news/articles/cn8xzgw623go?at_medium=RSS&at_campaign=rss,www.bbc.com,Baby Shark: How a 90-second clip created a $400m business,"Baby Shark: How a 90-second clip created a $400m business

Osmond ChiaBusiness reporter

When Kim Min-seok gave the go-ahead in June 2016 to publish a 90-second clip of a children's song, he had no idea what he was unleashing.

It became a global phenomenon, clocking up more than 16 billion views -YouTube's most watched video ever.

That song was the incredibly catchy Baby Shark.

Not only has itcaptivated toddlers and terrorised adults around the world,it laid the foundations for its creator Pinkfong to become a media business worth hundreds of millions of dollars.

“We didn’t expect it to stand out from our other content,"" Mr Kim, Pinkfong's chief executive, told the BBC from the firm's headquarters in Seoul.

""But looking back, it became a major turning point that set the stage for our global journey.”

Pinkfong chief executive Kim Min-seok at the firm's stock market listing ceremony

On Tuesday, that journey took Pinkfong to the South Korean stock market, where its shares rose by more than 9% on their debut, giving it a valuation of more than $400m (£304m).

'We didn't expect a salary'

Founded in 2010 as SmartStudy, the firm made digital content for children up to 12 years of age.

It had just three employees, including Mr Kim and the firm's chief technology officer, Dongwoo Son.

""The office was tiny - even smaller than this,"" recalled Mr Kim, gesturing to the conference room he was calling from.

It was so small ""we didn't even expect a salary at the time"", he said through a translator.

The firm was renamed Pinkfong after its cheerful and curious fox character in 2022

Pinkfong went through several major overhauls, including shifting its focus to toddlers.

The firm grew to around 100 employees and prioritised simpler, learning-based games and content. ""And that's when Baby Shark emerged,"" Mr Kim said.

The firm has been known as The Pinkfong Company since 2022, a name inspired by a cheerful and curious fox that featured in one of its early cartoons.

It now has around 340 employees, with offices in Tokyo, Shanghai and Los Angeles.

The Baby Shark moment

Baby Shark is believed to have originated in the US in the 1970s and was often sung at children's summer camps.

The song, which repeats the phrase ""Baby shark, doo, doo, doo, doo, doo, doo"" is ""attractive for children, though possibly annoying for adults,"" said media analyst Kevin Chew from the Nanyang Technological University.

Mr Kim is also very aware of just how catchy it is.

""It's like a K-pop song. It's very fast-paced, rhythmical and it's addictive,"" he said, adding that the tune has a ""chanting"" effect, which makes it easy for children to remember.

But it was not an instant hit and only gained traction when its dance routine was featured at children's events in South East Asia.

Videos of children and adults dancing to the song started to spread online and the clip went viral.

There was a ""festival-like feeling"" in the Pinkfong office, as the team watched its viewing numbers soar, Mr Kim said.

In November 2020, the Baby Shark clip claimed the title of YouTube's most viewed.

It generated around half of the firm's revenue in the years immediately after the video's release and became a springboard for new content and merchandise, he said.

Baby Shark: It's got a catchy tune and plans for world domination - but the toddler hit is older than you think

But Pinkfong faced a legal challenge in 2019 when it was accused ofplagiarising the work of an American composer.

South Korea's Supreme Court rejected the case, after the company argued that its version was derived from a folk song in the public domain.

The victory, Mr Kim said, gave the firm a lift as its shares went public. He added that the stock market application had been filed before the verdict was announced.

One-hit wonder?

Pinkfong's other franchises like Bebefinn and Sealook are growing fast but the firm must prove its success is not just reliant on Baby Shark, said Korea University business lecturer Min Jung Kim.

The company's target audience is a major plus as toddlers tend to watch the same material repeatedly, she said.

Kim Min-seok insists his business can grow beyond Baby Shark, which currently accounts for about a quarter of Pinkfong's revenue. Meanwhile, Bebefinn has leapt ahead, generating roughly 40% of the firm's earnings.

One parent told the BBC that his family has mixed feelings about Pinkfong's videos.

Father of two Saleem Nashef said he appreciates the educational qualities of the firm's content but his wife thinks Baby Shark is ""too over-stimulating for kids"".

Still, the viral video is apparently inescapable, as his daughter, who is about to turn three, will have a Baby Shark-themed birthday party.

Whether Pinkfong can create other characters to match Baby Shark's commercial appeal remains unclear, said Prof Kim.

It raised almost $52m in its stock market debut and plans to use the money to expand its line-up of films and characters, said Mr Kim.

The company also aims to become a ""tech-driven"" content creator, using viewing patterns and other data to shape its new projects.

Pinkfong has already achieved ""what many creators have always dreamed of,"" Mr Kim said.

But now it must show investors that it is not just a one-hit wonder.","Tue, 18 Nov 2025 23:00:46 GMT",2025-11-20T06:52:40.017844,"{""source_name"": ""BBC Technology"", ""via"": ""rss""}"
https://www.bbc.com/news/articles/c2lp5pn9e1qo?at_medium=RSS&at_campaign=rss,www.bbc.com,Roblox blocks children from chatting to adult strangers,"Roblox blocks children from chatting to adult strangers

Shiona McCallumSenior Tech Reporter

Children will no longer be able to chat to adult strangers on Roblox - one of the world's most popular gaming platforms - as part of an expansion of its safety measures.

Mandatory age checks will be introduced for accounts using chat features, starting in December for Australia, New Zealand and the Netherlands, then the rest of the globe from January.

Roblox has faced criticism for allowing youngsters to access inappropriate content and communicate with adults, and is being sued over child safety concerns in several US states.

The launch also comes just ahead ofAustralia's social media ban for under-16s- the government is under pressure to include gaming platforms such as Roblox.

In March, the chief executive of Roblox, Dave Baszucki, said in aBBC interviewthat the company went to great lengths to keep children safe.

However he also urged parents to be guided by their own instincts.

""My first message would be, if you're not comfortable, don't let your kids be on Roblox,"" he said.

""That sounds a little counter-intuitive, but I would always trust parents to make their own decisions.""

'Deliver change'

Rani Govender, policy manager for child safety online at the NSPCC, said action had been needed because young people had been exposed to ""unacceptable risks"" on Roblox, ""leaving many vulnerable to harm and online abuse.""

The charity welcomed the platform's latest announcement but called on Roblox to ""ensure they deliver change for children in practice and prevent adult perpetrators from targeting and manipulating young users.""

The platform averaged more than 80 million daily players in 2024, about 40% of them under the age of 13.

The facial checks uses the device's camera to estimate a user's age

The UK's Online Safety Act has strict laws for all tech firms specifically aimed at protecting children from online harms.

The communications regulator, Ofcom, is responsible for enforcing the act.

Anna Lucas, online safety supervision director at Ofcom, said she was pleased about the new age checking measures.

""Platforms must now take steps to keep kids safe, and we're ensuring they meet their responsibilities. There's more to do, but change is happening.""

In the US, Roblox is facing lawsuits in Texas, Kentucky and Louisiana over child safety concerns.

Roblox says it will become the first large gaming platform to make facial age verification a requirement for accessing the chat features.

Matt Kaufman, chief safety officer for Roblox, told a press briefing the age estimation technology is ""pretty accurate.""

He claimed the system can make close estimates of ""within one to two years"" bracket for users aged between five and 25.

Currently it can be used voluntarily by anyone in the world.

Users who complete the process will be placed into age groups: under nine, 9 to 12, 13 to 15, 16 to 17, 18 to 20 and 21+.

Players can only chat with others in similar age ranges, unless they add someone as a ""trusted connection"", which is a feature for people they know.

Under-13s will still be blocked from private messages and certain chats unless a parent gives permission.

The new approach follows concerns about adults contacting younger players.

In a BBC test earlier this year, it was possible for a 27-year-old user and a 15-year-old user on unlinked devices to exchange messages.

At the time, Roblox said attempts to circumvent its rules often involved users trying to take conversations to different platforms.

Privacy and verification

Age checks will use facial estimation technology through the device's camera inside the Roblox app, to estimate a user's age.

Images are processed by an external provider and deleted immediately after the check has been completed, according to the company.

Roblox says parents will still be able to manage their child's account, including updating a child's age once verification is complete.

The platform already prohibits image and video sharing in chats and heavily restricts links to external sites.

The company argues the new system will offer more ""age-appropriate"" experiences across the platform, and says it expects other firms to adopt similar methods.

The changes come as campaign groups ParentsTogether Action and UltraViolet stage a first-of-its-kind virtual protest inside Roblox.

The group will deliver a digital petition, which has been signed by more than 12,000 people, demanding the platform adopt stronger child-safety measures.

It calls for sweeping changes, declaring, ""Roblox must stop being a playground for predators.""","Wed, 19 Nov 2025 01:16:47 GMT",2025-11-20T06:52:42.050940,"{""source_name"": ""BBC Technology"", ""via"": ""rss""}"
https://www.bbc.com/news/articles/c629pny4gl7o?at_medium=RSS&at_campaign=rss,www.bbc.com,Cloudflare apologises for outage which took down X and ChatGPT,"A number of high-profile websites, including X and ChatGPT, went down for many people on Tuesday, due to problems affecting major internet infrastructure firm, Cloudflare.

Thousands of users began reporting issues with the sites, as well as other services, to outage monitoring site Downdetector shortly after 11:30 GMT.

Cloudflare said the ""significant outage"" occurred after a configuration file designed to handle threat traffic did not work as intended and ""triggered a crash"" in its software handling traffic for its wider services.

""We apologise to our customers and the Internet in general for letting you down today,"" it said in a statement.

""Given the importance of Cloudflare's services, any outage is unacceptable,"" the company added.

It said while the issue had been resolved, some services might still encounter errors as they came back online.

A wide range of apps and websites were impacted by the outage.

Users reported encountering delays or technical issues when trying to access services such as Grindr, Zoom and Canva.

Meanwhile social media platform X (formerly Twitter) was displaying a message on its homepage for some users which said there was a problem with its internal server due to an ""error"" originating with Cloudflare.

ChatGPT's site was also displaying an error message telling some users: ""please unblock challenges cloudflare.com to proceed.""

Cloudflare is a huge provider of internet security across the world, carrying out services such as checking visitor connections to sites are coming from humans rather than bots.

It says 20% of all websites worldwide use its services in some form.

The range of sites affected was demonstrated by the fact Downdetector itself - a site many flock to when sites stop loading or appear to have issues - also displayed an error message as many tried to access it on Tuesday.

Alp Toker, director of NetBlocks, which monitors the connectivity of web services, said the outage ""points to a catastrophic disruption to Cloudflare's infrastructure"".

""What's striking is how much of the internet has had to hide behind Cloudflare infrastructure to avoid denial of service attacks in recent years,"" he told the BBC - highlighting how the company aims to protect sites against malicious attempts to overwhelm them with traffic requests.

He said that however, as a result of this - and the convenience of its services - it had also become ""one of the internet's largest single points of failure.""

Cloudflare has stressed the problem was the result of a technical problem.

""To be clear, there is no evidence that this was the result of an attack or caused by malicious activity,"" it said in its statement.

The company's share price was trading around 3% lower shortly after 15:00 GMT.

Issues affecting Cloudflare's services come after an outage impacting Amazon Web Services last month sawmore than 1,000 sites and apps knocked offline.

Another major web services provider, Microsoft Azure,was also affected shortlyafterwards.

""The outages we have witnessed these last few months have once again highlighted the reliance on these fragile networks,"" said Jake Moore, global cybersecurity advisor at ESET.

""Companies are often forced to heavily rely on the likes of Cloudflare, Microsoft, and Amazon for hosting their websites and services, as there aren't many other options.""","Tue, 18 Nov 2025 15:48:55 GMT",2025-11-20T06:52:43.994449,"{""source_name"": ""BBC Technology"", ""via"": ""rss""}"
https://www.bbc.com/news/articles/c78z2m43ykjo?at_medium=RSS&at_campaign=rss,www.bbc.com,Man who cryogenically froze late wife sparks debate by dating new partner,"Man who cryogenically froze late wife sparks debate by dating new partner

Laura CressTechnology reporter

A Chinese man who cryogenically froze his dead wife has sparked an online moral debate after Chinese media revealed he had been dating a new girlfriend as his former partner lay preserved in liquid nitrogen.

As a sign of his devotion, Gui Junmin decided to freeze his wife Zhan Wenlian's body after she died from lung cancer in 2017, aged 49, making her China's first cryogenically preserved person.

But after a November interview revealed he had been dating a different partner since 2020, Chinese social media has been torn on Mr Gui's predicament.

Whilst some asked why the 57-year-old didn't just ""let go"" another commenter remarked he appeared to be ""most devoted to himself"".

After Zhan Wenlian was given months to live by doctors, Gui Junmin decided to use cryonics - which is scientifically unproven - to preserve her body once she died.

Following her death, he signed a 30-year agreement to preserve his wife's frozen body with theShandong Yinfeng Life Science Research Institute.

Since then, Zhan's body has been stored in a 2,000-litre container at the institute in a vat of -190C liquid nitrogen.

A 'utilitarian' relationship

Chinese newspaper Southern Weekly revealed that although Mr Gui lived alone for two years after the procedure, in 2020 he began dating again, despite his wife remaining in cryopreservation.

He told the newspaper that a severe gout attack which left him unable to move for two days began to change his mind about the benefits of living alone.

Soon after, he started seeing his current partner Wang Chunxia, although Mr Gui suggested to the paper the love was only ""utilitarian"" and that she hadn't ""entered"" his heart.

Reacting to the news, some commentators on the Chinese social media site Weibo showed sympathy with Mr Gui's plight, highlighting how long it had been since his wife was put in the cryogenic chamber.

Some believed it was time for him to move on from his frozen former spouse, adding he should, ""let the departed...rest in peace"".

But others suggested the he had acted selfishly to only ""satisfy his emotional needs"", with one post questioning ""Would Zhan agree to this? Is it fair to Wang?"".

What is cryonics?

Cryonics is where the whole body is cooled down to sub-zero temperatures, infused with cryoprotectants - which is similar to antifreeze - to prevent ice crystal formation, then preserved in liquid nitrogen.

The hope is that the body can one day be revived when future technology makes this possible.

The practice is currently used at a smaller scale in day-to-day medicine, where living cells such as blood cells, sperm and embryos are frozen at ultra-low temperatures to be stored.

It's estimated that over 500 people have been cryogenically preserved worldwide, the majority of them in the US.

No one has ever been successfully revived following cryopreservation, and scientists believe that preserving and reawakening the complete human body is still a remote possibility.","Tue, 18 Nov 2025 14:13:36 GMT",2025-11-20T06:52:46.236920,"{""source_name"": ""BBC Technology"", ""via"": ""rss""}"
https://www.bbc.com/news/articles/cwy7vrd8k4eo?at_medium=RSS&at_campaign=rss,www.bbc.com,Google boss says trillion-dollar AI investment boom has 'elements of irrationality',"Google boss says trillion-dollar AI investment boom has 'elements of irrationality'

Faisal Islam,economics editorand

Rachel Clun,business reporter

Alphabet boss Sundar Pichai has warned of some ""irrationality"" in the current AI boom

Every company would be affected if the AI bubble were to burst, the head of Google's parent firm Alphabet has told the BBC.

Speaking exclusively to BBC News, Sundar Pichai said while the growth of artificial intelligence (AI) investment had been an ""extraordinary moment"", there was some ""irrationality"" in the current AI boom.

It comes amid fears in Silicon Valley and beyond of a bubble as the value of AI tech companies has soared in recent months and companies spend big on the burgeoning industry.

Asked whether Google would be immune to the impact of the AI bubble bursting, Mr Pichai said the tech giant could weather that potential storm, but also issued a warning.

""I think no company is going to be immune, including us,"" he said.

In a wide-ranging exclusive interview at Google's California headquarters, he also addressed energy needs, slowing down climate targets, UK investment,the accuracy of his AI models, and the effect of the AI revolution on jobs.

The interview comes as scrutiny on the state of the AI market has never been more intense.

Alphabet shares have doubled in value in seven months to $3.5tn (£2.7tn) as markets have grown more confident in the search giant's ability to fend off the threat from ChatGPT owner OpenAI.

A particular focus is Alphabet's development of specialised superchips for AI that compete with Nvidia, run by Jensen Huang, which recently reached a world first $5tn valuation.

As valuations rise, some analysts have expressed scepticism about a complicated web of $1.4tn of deals being done around OpenAI, which is expected to have revenues this year of less than one thousandth of the planned investment.

It has raised fears stock markets are heading for a repeat of the dotcom boom and bust of the late 1990s. This saw the values of early internet companies surge amid a wave of optimism for what was then a new technology, before the bubble burst in early 2000 and many share prices collapsed.

This led to some companies going bust, resulting in job losses. A drop in share prices can also hit the value of people's savings including their pension funds.

In comments echoing those made by US Federal Reserve chairman Alan Greenspan in 1996, warning of ""irrational exuberance"" in the market well ahead of the dotcom crash, Mr Pichai said the industry can ""overshoot"" in investment cycles like this.

""We can look back at the internet right now. There was clearly a lot of excess investment, but none of us would question whether the internet was profound,"" he said.

""I expect AI to be the same. So I think it's both rational and there are elements of irrationality through a moment like this.""

His comments follow a warning from Jamie Dimon, the boss of US bank JP Morgan, who told the BBC last month that investment in AI would pay off, but some of the money poured into the industrywould ""probably be lost"".

But Mr Pichai said Google's unique model of owning its own ""full stack"" of technologies - from chips to YouTube data, to models and frontier science - meant it was in a better position to ride out any AI market turbulence.

The tech giant is also expanding its footprint in the UK. In September, Alphabet announced it wasinvesting in UK artificial intelligence, committing £5bn to infrastructure and research over the next two years.

Mr Pichai said Alphabet will develop ""state of the art"" research work in the UK including at its key AI unit DeepMind, based in London.

For the first time, he said Google would ""over time"" take a step that is being pushed for in government to ""train our models"" in the UK - a move that cabinet ministers believe would cement the UK as the number three AI ""superpower"" after the US and China.

""We are committed to investing in the UK in a pretty significant way,"" Mr Pichai said.

However, he also warned about the ""immense"" energy needs of AI, which made up1.5% of the world's electricity consumption last year, according to the International Energy Agency.

Mr Pichai said action was needed, including in the UK, to develop new sources of energy and scale up energy infrastructure.

""You don't want to constrain an economy based on energy, and I think that will have consequences,"" he said.

He also acknowledged that the intensive energy needs of its expanding AI venture meant there was slippage on the company's climate targets, but insisted Alphabet still had a target of achieving net zero by 2030 by investing in new energy technologies.

""The rate at which we were hoping to make progress will be impacted,"" he said.

AI will also affect work as we know it, Mr Pichai said, calling it ""the most profound technology"" humankind had worked on.

""We will have to work through societal disruptions,"" he said, adding that it would also ""create new opportunities"".

""It will evolve and transition certain jobs, and people will need to adapt,"" he said. Those who do adapt to AI ""will do better"".

""It doesn't matter whether you want to be a teacher [or] a doctor. All those professions will be around, but the people who will do well in each of those professions are people who learn how to use these tools.""","Tue, 18 Nov 2025 12:16:04 GMT",2025-11-20T06:52:47.963165,"{""source_name"": ""BBC Technology"", ""via"": ""rss""}"
https://www.theverge.com/ai-artificial-intelligence/824608/trump-executive-order-ai-state-laws,www.theverge.com,Here’s the Trump executive order that would ban state AI laws,"President Donald Trump is considering signing an executive order as soon as Friday that would give the federal government unilateral power over regulating artificial intelligence, including the creation of an “AI Litigation Task Force” overseen by the attorney general, “whose sole responsibility shall be to challenge State AI laws.”

According to a draft of the orderobtained byThe Verge,the Task Force would be able to sue states whose laws are deemed to obstruct the growth of the AI industry, citing California’s recent laws on AI safety and “catastrophic risk” and a Colorado law that prevents “algorithmic discrimination.” The task force will occasionally consult with a group of White House special advisers, including David Sacks, billionaire venture capitalist and the special adviser for AI and crypto.

In recent days, Trump has repeatedly posted his desire to have a state AI law moratorium, and reiterated it on Wednesdayduring his appearance at the US-Saudi Investment Forum, couching it as a way to fight “woke” ideology. “You can’t go through 50 states. You have to get one approval. Fifty is a disaster. Because you’ll have one woke state and you’ll have to do all woke. You’ll be back in the woke business. We don’t have woke anymore in this country. It’s virtually illegal. You’ll have a couple of wokesters.”

As part of the AI Action Plan released earlier this year, Trump had directed several federal agencies, including the FCC, to explore ways that they could circumvent “onerous” state and local regulations in order to promote the industry’s growth and innovation. The full executive order lays out a 90-day roadmap for several key agencies to implement that plan along with the Department of Justice: the Federal Trade Commission, the Department of Commerce, and the Federal Communications Commission.

Within 90 days of the order being signed, the secretary of commerce will be directed to publish a report identifying which states are in violation of Trump’s AI policy directives, as well as research which states may become ineligible for the Broadband Equity Access and Deployment (BEAD) program, which funds rural broadband access for several states. The FTC, meanwhile, will be directed to issue a statement on whether states that require AI companies to change their algorithms would be in violation of laws prohibiting unfair and deceptive practices.

During anappearance atPolitico’s AI & Tech Summit in September, FCC Commissioner Brendan Carr floated one potential interpretation of the Communications Act that would allow them to override state law. “Effectively, if a state or local law is effectively prohibiting the deployment of this ‘modern infrastructure,’ then the FCC has authorities to step in there,” he toldPolitico’s Alex Burns.

Carr also brought up the possibility that the FCC’s regulatory powers could override a potential new law in California that would have required AI companies to disclose their safety testing models, saying that it would fulfill Trump’s goal of blocking “woke AI” that contained ideological biases.

He cited theEuropean Union’s Digital Safety Actand raised his concern “their AI models are not going to be truth-seeking AI models, but they’re going to be woke AI models, going to be AI models that are promoting DEI.  And so again, President Trump has, as part of his action plan, steps to make sure that we don’t have that type of woke DEI embedded AI models developing here. When it comes to California, again, not familiar exactly with all the intricacy of that, but to the extent that they’re moving in that direction and away from truth seeking, it could be a problem.”

The notion that the FCC should have veto power over state AI laws — as well as other parts of Trump’s order — could easily be challenged in court. But moves like the litigation task force could still throw up roadblocks to states regulating AI.

Punchbowl Newsreported on Wednesdaythat the executive order is the White House’s backup plan should Congress fail to pass a state AI law moratorium, this time via the upcoming reauthorization of the National Defense Authorization Act — a bill that absolutely must pass in order for the government to fund its national security apparatus.

Earlier this year, Congress attempted to slip a moratorium into a draft of Trump’s “Big Beautiful Bill” that laid out the spending for his second-term agenda, but it failed after a bipartisan group of senators voiced opposition to the act. Earlier this week, House Majority Leader Steve ScalisetoldPunchbowl Newsthat Congress was considering a second run at a moratorium by attaching it to the NDAA.

But just like the Big Beautiful Bill fight, a moratorium buried inside the NDAA’s passage might run into opposition particularly if the punishment is the same: the withholding of rural broadband funding. “The real question is, how big of a grant does it take to put pressure on state lawmakers to change their AI regulations?” Adam Thierer, a senior fellow at the R Street Institute who had initiated the concept of an AI moratorium, toldThe Verge. “This came up in the previous moratorium fight and some people worried that California would just ignore BEAD-related budget threats, for example. It might take multiple budget revocations or limitations to really put pressure on a state as big as California.”",2025-11-19T18:03:28-05:00,2025-11-20T06:52:50.186589,"{""source_name"": ""The Verge"", ""via"": ""rss""}"
https://www.theverge.com/23618862/best-iphone-camera-battery-screen-guide,www.theverge.com,The best iPhones,"Editor’s note:Black Fridaydoesn’t officially take place until Friday, November 28th; however, if you want to shop ahead of time, we’ve rounded up thebest early Black Friday dealsyou can already get.

If you’ve been holding off on getting a new iPhone, now’s the perfect time to size up your options. Apple’s 2025 iPhone lineup is now available, which includes the iPhone 17, 17 Pro, 17 Pro Max, and a brand-new model, the ultra-thin iPhone Air. These new phones offer a number of new features over their predecessors, such as upgraded cameras, faster chips, better battery life, and even better screens — Apple Intelligence, however, isstill a work in progress.

Alongside the new hardware, Apple alsolaunched iOS 26(yes, the numbering system has changed and we’re jumping from iOS 18), which includes a newLiquid Glass user interface, live translation, wallpapers in messages, and more. The software marks Apple’sbiggest visual redesign since iOS 7, and despite some very polarizing reactions, we think itlooks fine.

If your current iPhone is humming along, there’s no need to rush out and get a new one. But if you’re questioning whether it’s the year to replace your iPhone that’s a few generations old, then I think the answer is an easy yes. There are real gains to be had this time around, especially in the basic iPhone 17, which features a higher-refresh-rate display than last year’s model for smoother-looking animations, plus double the base storage to 256GB — all without raising the price, despite thecurrent tariff situation.

Collapse

There’s no shortcut to properly testing a phone; I put my personal SIM card (physical or otherwise) in each phone I review and live with it for a minimum of one full week. I set up each phone from scratch, load it up with my apps, and go about living my life — stress testing the battery, using GPS navigation on my bike while streaming radio, taking rapid-fire portrait mode photos of my kid — everything I can throw at it. Starting over with a new phone every week either sounds like a dream or your personal hell, depending on how Into Phones you are. For me, switching has become so routine that it’s mostly painless.

Collapse

The most expensive, souped-up iPhone isn’t automatically the best one for everyone. What I look for is a happy medium — features that will satisfy most people at the best price. Sometimes, that’s last year’s model.

Collapse

Battery performance can vary significantly between current iPhone models, primarily due to the size of the phone. Everyone wants a phone that can last a full day, and these recommendations reflect that.

Collapse

One size does not fit all. Some people like a small phone, others want the biggest screen money can buy. This list includes iPhones for people in both camps.

The best iPhone for most people

$799

Screen:6.3-inch 2622 x 1206 OLED, 120Hz refresh rate /Processor:A19 /Cameras:48-megapixel f/1.6 main with sensor-shift IS; 48-megapixel ultrawide; 18-megapixel selfie /Battery:Not advertised /Charging:40W wired, 25W wireless MagSafe / Qi2 /Weather-resistance rating:IP68

The iPhone 17 marks a turning point for the standard model. After years with a lower-quality screen, the cheapest model finally got two major upgrades for 2025: an always-on display and a high-refresh-rate panel. These features make it feel meaningfully better than the iPhone 16 and prior models in everyday use, bringing it closer than ever to the Pro models. And at the same $799 starting price as the previous generation, this year’s update is a no-brainer.

While the iPhone 17’s 48-megapixel main camera is carried over from last year, the ultrawide camera has been changed from a 12-megapixel sensor to a 48-megapixel sensor, and it delivers sharper and more vibrant photos. The device features an 18-megapixel Center Stage selfie camera, which is also in the Air and 17 Pro. Your selfies may not look materially better, but the front camera’s square sensor elevates the user experience, making it possible to take horizontal selfies while holding the device vertically (no need to rotate the phone).

The iPhone 17’s always-on display lets you quickly glance at notifications.Photo by Amelia Holowaty Krales / The Verge

Apple also gives you double the storage — 256GB versus 128GB in the base iPhone 16 — and improved battery life. The standard 17 still lacks a proper telephoto camera, and the A19 chip is slower than the A19 Pro found in the Pro models. Still, it’s a big step up in almost every way, even if it looks basically the same as every iPhone from the past six years.

$1099

Screen:6.3-inch 2622 x 1206 OLED, 120Hz refresh rate /Processor:A19 Pro /Cameras:48-megapixel f/1.78 with sensor-shift IS; 48-megapixel 8x telephoto with OIS; 48-megapixel ultrawide; 18-megapixel selfie /Battery:Not advertised /Charging:40W wired, 25W MagSafe / Qi2 /Weather-resistance rating:IP68

The iPhone 17 Pro introduces a bold redesign and a number of notable upgrades, including the lineup’s most advanced camera setup yet. It also features rounded edges, and similar to last year, it’s on equal footing with the 17 Pro Max in terms of performance. The biggest differences are that the Pro Max offers a larger display, a larger battery, and up to 2TB of storage.

Whereas the iPhone 17 is for most people, the 17 Pro is geared more toward creators. The device has three 48-megapixel cameras, including a 48-megapixel telephoto, and it offers several pro features aimed at those who want to take the best possible photos and videos. Some of those features include Genlock support, which lets videographers sync up timecodes across multiple cameras, and support for ProRes RAW recording. It also sports the upgraded Center Stage selfie camera found in other 2025 iPhone models.

The iPhone 17 Pro offers a smaller form factor compared to the 17 Pro Max.Photo by Vjeran Pavic / The Verge

Despite the additions and improvements, there’s little here that makes the 17 Pro an absolute must-upgrade. However, it comes in an irresistible orange, which is apparently thenew “it” color.

The iPhone with the best battery life

$1199

Screen:6.9-inch 2868 x 1320 OLED, 120Hz refresh rate /Processor:A19 Pro /Cameras:48-megapixel f/1.78 with sensor-shift IS; 48-megapixel 8x telephoto with OIS; 48-megapixel ultrawide; 18-megapixel selfie /Battery:Not advertised /Charging:40W wired, 25W MagSafe / Qi2 /Weather-resistance rating:IP68

The iPhone 17 Pro Max’s redesign isn’t just about looks. Apple hollowed out the device’s aluminum frame to fit in the biggest battery yet in an iPhone. Apple says the device offers up 39 hours of video playback, which is 12 more hours than last year’s iPhone 16 Plus, our previous battery champ. The device can easily push through a full day and then some, though your mileage will vary depending on how often you play mobile games, watch videos, and doomscroll on social media.

The bigger iPhone 17 Pro Max means a bigger battery.Photo by Vjeran Pavic / The Verge

There are other benefits to going with the 17 Pro Max. It has the largest display among the latest iPhone lineup — 6.9 inches — and offers up to 2TB of storage, giving creators more room than ever for storing their media. If you want the most iPhone you can possibly get, including the longest battery life, then the 17 Pro Max is the way to go.

The best iPhone for people who hate bulky phones

$999

Screen:6.5-inch 2736 x 1260 OLED, 120Hz refresh rate /Processor:A19 Pro /Cameras:48-megapixel f/1.6 main with sensor-shift IS; 18-megapixel selfie /Battery:Not advertised /Charging:30W wired, 20W MagSafe / Qi2 /Weather-resistance rating:IP68

The iPhone Air is Apple’s biggest redesign since the iPhone X was released in 2017. It’s shockingly thin and light, at 5.6mm and 165 grams, respectively. Thanks to its titanium frame and Ceramic Shield 2 display, it’smore durablethan you might expect, too. The device feels deceptively small, despite having a 6.5-inch display. You really have to see and feel the phone yourself to get the appeal.

The iPhone Air is the thinnest iPhone ever, though it still has a chunky camera hump.Photo by Vjeran Pavic / The Verge

But the thinner design comes with a few substantial compromises compared to the other models available this year. One of the biggest is that the Air features a single 48-megapixel camera on the back. That’s not to say the device’s camera isbad. But it’s a far less versatile system than even the far more affordable iPhone 17, which has a dual-camera setup. The second compromise is on battery life, which is just okay. It’s not terrible, but it’s not great, either.

At $999, you’re paying a lot for middling battery life and camera performance. Those who primarily care about design, though, may be more forgiving about those shortcomings.

The best inexpensive-ish iPhone

$599

Screen:6.1-inch Super Retina XDR /Processor:A18Cameras:48MP Fusionwith 1x and 2x optical zoom, 12-megapixel selfie/Battery:Not advertised /Charging:20-watt wired,7.5W Qi, no MagSafe/Weather-resistance rating:IP68

This recommendation comes with a heavy sigh. Yes, the 16E is the cheapest new iPhone Apple sells. Yes, it’s a good phone. It has a capable camera, reliable performance, full water resistance, wireless charging, and will be supported with software updates for years to come. But its $599 price tag starts to feel like too much when you consider what it’s missing.

There’s no MagSafe, which you can kind of add by way of a MagSafe case, but it’s a bummer not to have it built in when it has basically become a standard iPhone feature. There’s no ultrawide camera, no Dynamic Island housing timely information, no camera control button (not a huge loss, honestly), and no Ultra Wideband for precise object tracking. It does support Apple Intelligence, but that doesn’t feel like much of a consolation, given that it’s very much still a work-in-progress.

The 16E will most likely receive more years of software support than a previous-gen model like the iPhone 14 or 15. And sure, Apple Intelligence might turn into something useful someday. The 16E is a good choice if you want the path of least resistance to blue bubbles and FaceTime at your fingertips. But if you’d like MagSafe, a more advanced camera, and some of the other bells and whistles that got lost on the way to the 16E, then it’s not a bad idea to look at one of the older iPhones.

Apple’s latest iPhone lineup is available now, but there are already reports about what’s next. One report suggests Apple is readying abook-style foldable iPhone for 2026, which allegedly looks liketwo iPhone Air models put side by side. Apple is reportedly still working to flatten the crease that appears when the phone is unfolded, but has otherwise settled on a design. Looking ahead to 2027, a report claims Apple is planning aredesigned “all-screen” iPhoneto celebrate the device’s 20th anniversary. These upcoming releases are allegedly part of Apple’s three-year plan — starting with the new iPhone Air — that’s aimed at refreshing its smartphone lineup.

Update, November 19th:Updated to reflect current pricing / availability.Brandon Russell contributed to this article.",2025-11-19T18:00:00-05:00,2025-11-20T06:52:51.949659,"{""source_name"": ""The Verge"", ""via"": ""rss""}"
https://www.theverge.com/news/824513/mlb-netflix-nbc-peacock-espn,www.theverge.com,Netflix signs a three year deal to stream MLB live events and games,"Today, Major League Baseballannounced new media rights deals with ESPN, NBCUniversal, and Netflixthat run for the next three seasons. The Netflix deal brings live MLB games to its platform and continues to grow its library of sports programming in an arrangement thatFront Office Sportsreports is worth about $50 million per year.

Netflixwill stream a single game on Opening Night of each season, the Home Run Derby, and one “special event game” each year. In 2026, that will cover the “Field of Dreams” game broadcast from Dyersville, Iowa, on August 13th, 2026, between the Minnesota Twins and Philadelphia Phillies.

The games signed up by all three networks cover a media deal that MLB previously had with ESPN alone, andon NBC’s end, gives it the Sunday Night Baseball game, as well as draft coverage and other games for its networks. According to the league, “Some Sunday night games will stream on Peacock and simulcast on NBCSN during weeks there is overlap with previously negotiated media rights deals on NBC,” while Peacock will also carry MLB’s Sunday Leadoff games that start around noon and simulcast on the newly relaunched NBC Sports Network.

Andfor ESPN, it has a 30-game broadcast package each season that will be exclusive to its channels and the ESPN app, 150 out-of-market games streaming (one per day) in the ESPN app, and the ability to sell MLB Network and some in-market games via the ESPN app.",2025-11-19T17:53:46-05:00,2025-11-20T06:52:53.690876,"{""source_name"": ""The Verge"", ""via"": ""rss""}"
https://www.theverge.com/tech/824111/nvidia-q3-2026-earnings-data-center-revenue,www.theverge.com,"Nvidia says some AI GPUs are ‘sold out,’ grows data center business by $10B in just three months","Nvidia just sold more AI chips than it’s ever sold before, blowing past its own estimates intoday’s Q3 2026 earnings. Not only did it pull in a record $57 billion in revenue — and roughly $4,000 of pure profit per second — it grew its data center business by $10 billion in a single quarter alone. It reported a record $51.2 billion from that data center business, a 66 percent increase over last year.

A lot ofeyes are on Nvidia’s data center revenueright now as a bellwether for the “AI bubble” as a whole. Nvidia doesn’t seem to expect its data center growth to slow down despite fears of that bubble popping — its Q4 outlook is a whopping $65 billion, which would require it to grow quarterly revenue by another $8 billion in just three more months.

NvidiaCEO Jensen Huang saysthe company’s selling every AI server chip it can make: “Blackwell sales are off the charts, and cloud GPUs are sold out.” Turns out that doesn’tliterallymean Blackwell is sold out, though: “We’ve got plenty of Blackwells to sell you, we have lots of Blackwells coming,”he clarified onBloombergTV.

Nvidia adds that itsBlackwell Ultra chip is driving the bulk of its latest data center surge: “Blackwell Ultra is now our leading architecture across all customer categories while our prior Blackwell architecture saw continued strong demand.”

Additionally, gaming revenue is up 30 percent year-over-year, a good sign for Nvidia’s Blackwell gaming chips, which got off to a bit of a rocky start with somemixed reviews of the RTX 50-series GPUsearlier this year.

During today’s investor call, Huang seemed confident when concerns about an “AI bubble” were raised, saying, “There’s been a lot of talk about an AI bubble. From our vantage point, we see something very different.” He went on to recap many of the same claims Nvidia has been making for years about how AI will change everything, and added that AI has “reached a tipping point,” saying, “The transition to agentic and physical AI will be revolutionary.”

Update, November 19th:Added comments from Nvidia’s investor call; updated headline after Nvidia clarified to Bloomberg that it still has “plenty of Blackwells to sell you.”",2025-11-19T17:15:16-05:00,2025-11-20T06:52:55.393793,"{""source_name"": ""The Verge"", ""via"": ""rss""}"
https://www.theverge.com/news/823213/google-scholar-labs-ai-search,www.theverge.com,Google’s new Scholar Labs search uses AI to find relevant studies,"Google hasannouncedit’s testing a new AI-powered search tool,Scholar Labs, that’s designed to answer detailed research questions. But its demonstration highlighted a bigger question about finding “good” science studies. How much will scientists trust a tool that forgoes typical ways of gauging a study’s popularity with the scientific establishment in favor of reading the relationships between words to help surface good research?

The new search tool uses AI to identify the main topics and relationships in a user’s query and is currently available to a limited set of logged-in users. The demo video from Scholar Labs featured a question about brain-computer interfaces (BCIs). I have a PhD in BCIs, so I was eager to see what Scholar Labs pulled up.

The first result was a review paper of BCI research published in 2024 in a journal calledApplied Sciences. Scholar Labs includes explanations for why the results matched the query, so it pointed out that the paper discusses research into a noninvasive signal called electroencephalogram and surveys some leading algorithms in the field.

Scholar Labs uses AI to surface science papers that Google says best match the user’s research question.Screenshot: Google Scholar Labs

But I noticed that Scholar Labs lacks the filters for common metrics used to separate “good” studies from “not-so-good” ones. One metric is the number of times that a study has been cited by other studies since its publication, which loosely translates to a paper’s popularity. It’s also associated with time: A recently published study might have zero citations or rack up hundreds within a few months; a study from the ’90s may tout thousands. Another metric is the “impact factor” of a science journal. Journals that publish widely cited studies have a higher impact factor and thus have a reputation for being more rigorous or meaningful to the scientific community.Applied Sciencesself-reports animpact factor of 2.5.Nature, for comparison, says its impact factor is48.5.

The original Google Scholar has an option for ranking studies by “relevancy” and lists the number of citations for each result. The goal of the new Scholar Labs is to dig up “the most useful papers for the user’s research quest,” Google spokesperson Lisa Oguike toldThe VergeIt does so by ranking papers in the same way as the researchers themselves, Google says, by “weighing the full text of each document, where it was published, who it was written by, as well as how often and how recently it has been cited in other scholarly literature.”

However, the new Scholar Labs will not sort or limit results based on a paper’s citation count or a journal’s impact factor, Oguike toldThe Verge.

“Impact factors and citation counts depend on the research area of the papers and it can be hard for most users to guess suitable values in the context of specific research questions,” Oguike wrote. “Limiting by impact factor or citation counts can often miss key papers -- in particular, papers in interdisciplinary/adjacent fields/journal or recently published articles,” Oguike added.

Metrics like citation count and impact factor are “pretty coarse assessments of a paper’s quality,” associate professor of neurology at Vanderbilt University Medical Center Matthew Schrag said in an interview withThe Verge, agreeing with Google’s statement. They “speak more about the social context of the paper” rather than its quality, although “those two things hopefully are correlated,” he said.

Schrag, who researches Alzheimer’s disease, is one of the many scientists-sleuths who have flaggeddubious data in published science studies. The efforts of data sleuths like Schrag, and a closer attention by the science community at large, have resulted in studies pulled from well-regarded journals because ofdoctored images, corrections issued byNobel Prize winners, andfederal investigationsinto faked data.

Still, it’s difficult tonotuse citation count or a journal’s reputation to casually vet a study, especially when entering a new field. Professor of rehabilitation sciences at Tufts University, James Smoliga, a frequent user of the original Google Scholar, finds himself believing highly cited papers to be more trustworthy. “I’m guilty of it just like everybody else is,” he said toThe Verge. He does so despite havingdebunkedthe methods used in a study with thousands of citations. “And I know myself that’s not the case but yet I still fall for that trap because what else am I going to do?”

I repeated the Scholar Labs demo query about BCI research for stroke patients in PubMed, a leading repository of biomedical and health research run by the US National Institutes of Health National Library of Medicine. Unlike Scholar Labs, PubMed relies extensively on filters and terms connected withors andands. I narrowed my results to only review articles of clinical research, meaning only done on humans, from the past five years. I excluded preprints, which are studies posted directly to a paper repository like arXiv or bioRxiv without having gone through a review process from other scientists. Two of the six results focused exclusively on electroencephalogram as the primary type of noninvasive BCI used to help stroke patients.

PubMed allows users to filter search results by factors like time, article type, and peer-review.Screenshot: PubMed

Users will be able to ask for “recent” papers in their query and specify a period of time in their request, and Scholar Labs uses the “full-text of research papers” to find results that match the user query, Oguike added.

Google is calling Scholar Labs a “new direction for us” and says it plans to incorporate user feedback in the future. It has a waitlist for access.

Schrag thinks AI-powered search, like that of the new Scholar Labs, has a place in the scientific ecosystem. It could, in theory, cast a wider net to surface papers that otherwise slipped through the cracks, or add additional context about a paper’s popularity across social media platforms, he added. Studies need a holistic appraisal, he said, which AI might be able to address. “You have to have a sense of what the standards in the field are in terms of rigor and whether a study meets that,” he added.

Ultimately, scientists are responsible for determining what science is impactful, Schrag said. It requires reading and engaging with science literature “to be the final arbiters and not to let algorithms be the final arbiter of what we consider high quality.”",2025-11-19T16:50:54-05:00,2025-11-20T06:52:57.102854,"{""source_name"": ""The Verge"", ""via"": ""rss""}"
https://www.theverge.com/tech/809421/holiday-gift-guide-2025,www.theverge.com,The Verge’s 2025 holiday gift guide,"The holidays have a way of sneaking up on us. One minute you’re trick-or-treating with your kids, and the next you’re panic shopping in a Buc-ee’s gift aisle. But it doesn’t have to be that way. With the right cheat sheet, you can keep the holiday spirit high and stress levels low.

Fortunately, we did some planning on your behalf. As much as we love playing with the latest gadgets and gizmos here atThe Verge, we also love recommending them. That’s why, after consulting with our expert team of writers and editors, we’ve compiled a medley of gift ideas that won’t be regifted come this time next year — fromnoise-canceling earbudsande-readerstovintage-inspired Polaroid cameras. Not every gift needs to be a grand gesture, though. Sure, anew gaming handheldmakes for a great gift, but so does anaffordable power bank.

The list below is just a fraction of what we’re recommending this holiday season. In the coming weeks, we’ll also be publishing guides for specific budgets and hobbies, whether you’re shopping for mom, dad, or even the avid tinkerer in your life. ’Tis the season, after all.

Photographer, photo editor: Amelia Holowaty Krales

Art director and designer: Cath Virginia

Creative director: Kristen Radtke",2025-11-19T16:00:45-05:00,2025-11-20T06:52:59.394521,"{""source_name"": ""The Verge"", ""via"": ""rss""}"
https://www.theverge.com/gadgets/824237/m4-macbook-air-apple-m1-laptop-black-friday-deal-sale,www.theverge.com,"I’m out of reasons to recommend Apple’s M1 MacBook Air, even at $600","This is just a little public service announcement ahead of Black Friday. Walmart will once again tout the M1 MacBook Air as an unbeatable deal for laptop shoppers. It sure is tempting at$599, especially if you haven’t seen the deal before. It might even be the right choice for some people.

But for mostVergereaders buying either for themselves or for someone who needs to get stuff done, it’s not a great value. Not when the2025 M4 model, with its spec enhancements, design tweaks, and processing speed improvements, is just $150 more. You can currently get one of those on sale starting at $749.99 fromAmazonandBest Buy.

Apple’s M-series processors have gotten more powerful every year, and the M4 represents the fourth generation. That’s not to say the M1 MacBook Air is a bad machine. You can do a lot worse with $600. Compared to some of Apple’s Intel-based laptops, the 2020 model raised the bar for performance and battery life. But its compromises become more apparent with each passing year. You should also just buy the laptop that will get more software updates.

The $599 M1 MacBook Air includes just 8GB of RAM, which is less than most flagship smartphones have these days. It’s surprisingly speedy when handling a light load, but my spouse owns one, and it’s a pretty sluggish experience when you load it with a lot of browser tabs. The newer MacBook Air comes with 16GB of RAM by default, and the M4 processor lets it fly through tasks faster. It has a similar array of ports (two USB-C ports, one headphone jack), though its USB-C ports are faster with Thunderbolt 4 support. It also has a dedicated MagSafe charging port, so you don’t have to sacrifice one of the precious USB-C ports for charging.

And those are just the biggest spec differences; Apple ditched the wedge-shaped design of the M1 and earlier MacBook Air models starting with the M2 model. They look more sophisticated, almost like a MacBook Pro. The screen is bigger thanks to smaller bezels, and there’s a notch that contains the 12-megapixel Center State webcam — another big improvement over the M1 model.

Look, I could go on and on. Our reviews do a great job of spelling out every little difference, including in-depth metrics from testing processing-intensive applications. But, in short, the M4 runs laps around the M1, and for just $150 more, the M4 MacBook Air is the clear winner if you’re looking for a semi-affordable MacBook this holiday.",2025-11-19T15:51:09-05:00,2025-11-20T06:53:01.185870,"{""source_name"": ""The Verge"", ""via"": ""rss""}"
https://www.theverge.com/23769840/best-bluetooth-trackers,www.theverge.com,The best Bluetooth trackers for Apple and Android phones,"Editor’s note:Black Fridaydoesn’t officially take place until Friday, November 28th; however, if you want to shop ahead of time, we’ve rounded up thebest early Black Friday dealsyou can already get.

Some people rarely lose things. Wallets are always exactly where they’re supposed to be, keys never go missing, and remotes never slip between the couch cushions. And then there’s the rest of us — the folks who can’teverseem to find the thing that wasrightthere a few seconds ago. For us, there are Bluetooth trackers.

Bluetooth trackers have been around for a long time, and they all generally work the same way. You stick the tracker onto an object, pair it with your phone, and then, when you lose said object, you can go into an app and ring the tracker. But these days, Bluetooth trackers can do a lot more. Some have ultra-wideband chips that enable precision tracking, so you can find exactly where in a room your item is. Increasingly, trackers also tap into large networks — like Apple’s and Google’s — making it easier to locate lost items outside the home. Many will notify you if they detect you’ve left the device behind or come with QR codes that link to your contact information so people can easily return lost devices.

Collapse

Bluetooth trackers are meant to find lost items. To test that, we lose items — both organically (some of us really do misplace wallets and keys daily) and in more controlled test environments. For the latter, one example is testing how these trackers perform in office environments or in multi-story houses. Sometimes, we also enlist the help of family and friends to “hide” objects to evaluate precision finding features. We’ll also enlist help to simulate and evaluate unwanted tracking alerts. In our testing, we’re also looking to assess factors like Bluetooth and network (ie., Find My, Tile, etc.) range, battery life, and how loud chimes / alerts are.

Collapse

Are you limited to Bluetooth range, or can you make use of wider networks like Apple’s Find My, Google’s Find Hub network, or Amazon Sidewalk? Is it hard to hear the tracker when you ring it?

Collapse

A technology that lets you track small objects can be abused to trackpeoplewithout their consent. Tracker companies know this, and an increasing number now come with anti-stalking features. These features may never prevent abuse 100 percent of the time, but we investigate whether these features were crafted with care, how well the company educates users about them, and if the company is proactive about updating them according to feedback from experts.

Collapse

Do you need to pay a subscription fee to get all available features? If so, is it worth the moolah?

Collapse

Most Bluetooth trackers last at least a year, but not all of them allow you to replace the battery. That means you have to buy a whole new tracker when the battery dies. I prefer the ability to replace batteries whenever possible.

These features are incredibly handy but also have thepotential for misuse. Take AirTags. When Apple launched the trackers, it hadn’t anticipated they’d be used to track people or stolen items — butthat’s exactly what happened. It’s sincebeefed upits anti-stalking features, and companies like Tile have alsofollowed suit. Apple and Google have launched a standard that enablesunwanted tracking alerts across both Android and iOS devices— and major players like Tile, Samsung, and Chipolo are on board. But until this standard is up and running, it pays to be aware of each tracker’s current approach when you’re deciding the best option for you.

As a consummate Loser of Things, I’ve tested my fair share of Bluetooth trackers on wallets, keys, and luggage. Here’s what I’d recommend if you, too, have a hard time finding things.

The best tracker for iPhone users

$18

Apple’s AirTags can help you find your lost items with their ultra wideband technology. You’ll get the best compatibility with an iPhone, though Apple released an Android app that can detect an AirTag’s location and notify you if one seems to be following you.

When Apple launched AirTags in 2021, it really did shake up the category. That’s because AirTags are equipped with Apple’s Ultra Wideband (UWB) chipandtap into Apple’s vast Find My network. That’s a potent combo. And even though you can now getthird-party accessories that work with the Find My network— including the Pebblebee trackers featured later in this guide — AirTags are still the best, thanks to UWB.

Basically, UWB enables precision tracking while Find My compatibility expands range far, far beyond Bluetooth’s limitations. With precision tracking, all you have to do is open the Find My app, tap “Find,” and you should see an arrow pointing you in the exact direction you need to go to find your item. Using the Find My network also means that so long as there’s an Apple device nearby, a lost AirTag can ping its location to Apple’s iCloud servers without notifying the owners of those other devices. And there are over a billion Apple products out there.

That accuracy is super convenient. My keys fell out of my pocket while running once, and I didn’t notice until my phone pinged me to say my keys were no longer with me. While I wasn’t able to use the precision tracking outdoors, Icouldsee the last reported location in the Find My app. Twenty minutes had already passed, but I still was able to find my keys. I haven’t had that degree of success with any other item tracker.

AirTags come with UWB-powered precision tracking.Photo by Vjeran Pavic / The Verge

However, this accuracy is a double-edged sword. In 2022, I ran a test to see whether I could track a friend and my spouse (with their consent) in real time. And I could, to a disturbing degree. While Apple’s unwanted tracking prevention measures worked, there were also inherent flaws. (You can read about our testing in fullhere.) However, Apple has sinceimproved unwanted tracking alertsby shortening the time before you’re notified an unknown AirTag is in your vicinity, making chimes louder, and creatinga separate appthat lets Android users scan for unknown AirTags. Apple also now informs users during setup that unwanted tracking is a crime and that AirTags are “intended solely to track items that belong to you.”

Apple has also added more ways to share AirTag locations with trusted people. iOS 17introduced AirTag sharing, which means shared items won’t trigger unwanted tracking alerts. As of iOS 18.2, you can alsoshare the location of a lost AirTagwith other people via a temporary link. So if an airline loses your luggage, you can send them a link that shows them an interactive map of your item’s last known location. (Apple is partnering with more than 15 airlines for this particular use case.)

The only thing I really don’t like about AirTags is they aren’t truly $29. They’re $29 plus the cost of whatever accessory is needed to attach them to the item you want to track. For example, you’ll need a holder to attach it to your keys or luggage. Thankfully, there’s a robust third-party accessory market, so you don’t have to pay Apple’s prices if you don’t want to. The fact that you can easily replace the battery with a regular CR2032 coin cell battery helps take the sting out, too. I just did it for two of my AirTags, and it was much,muchcheaper than having to buy two new ones.

The best Bluetooth tracker for Android users

$35

The Tile Pro is the company’s loudest Bluetooth tracker and has the widest range at 400 feet. It also has a user-replaceable battery, unlike other Tiles.

More and more trackers now support both Google’s and Apple’s Find My networks, but Tile’s trackers — especially the $34.99Tile Pro— are still our top recommendation for Android users or mixed iOS / Android households. Functionally, the platform-agnostic trackers can do just about anything an AirTag can. Like AirTags,Tile devices can tap into a larger network— in this case, theTile Networkand Amazon Sidewalk — to help you find your devices outside of your phone’s Bluetooth range. While this network isn’t as expansive as Apple’s or Google’s, Amazon Sidewalk’s coverage hasimproved significantly. In our April 2025testing of Google’s Find Hub-compatible trackers— including the Chipolo Pop, Pebblebee Clip Universal, and theMoto Tag— we found that Tile still did better at tracking items outside the home.

Unfortunately, Tile still can’t do true real-time tracking, and it still doesn’t offer a tracker with UWB, so it lacks the AirTag’s precision tracking. The companyannouncedone back in 2021, but we’re still waiting, partly because Apple iseffectively blocking UWB compatibilityfor third parties in iOS and becauseTile’s priorities shiftedonce it wasacquired by Life360.

A note about Google’s Find Hub network

Initially, the network lagged behind Apple’s, but it’s starting to catch up. Afterseveral weeks of testing Find Hub-compatible trackers— specifically the Chipolo Pop, Pebblebee Clip Universal, andMoto Tag— in April, we found the network’s improved significantly over the past year, more so in busy areas. Still, it’s clear Google prioritized privacy over precision.

Google is making some progress, though. In May, Googleadded UWB supportfor more precise tracking with Motorola’s Moto Tag and, eventually, other compatible phones and trackers. Google also plans to roll out satellite connectivity later in 2025, with the ability toshare tracker locations with airline staffarriving in early 2026.

That said, Life360’s acquisition has brought some meaningful upgrades. Pressing a Tile button three times now sends an SOS alert to emergency contacts through Life360. You can also add others to your Circle so they can view and ring nearby Tiles on a shared Life360 map. More recently, Tile trackershave become fully integratedinto Life360, letting users manage their trackers directly within the Life360 app. This merger unlocked a few premium features for free, including push alerts for forgotten items and two-day location history.

Still, most of the good stuff — like 30-day location history, unlimited sharing with friends and family, free replacements for damaged Tiles, and up to $100 reimbursement for lost items — sits behind a $29.99/year subscription. Fortunately, Tile offers new members a one-year free trial, and one subscription covers all your devices. You also still get a lot of core functionality without paying: you can find your Tile via Bluetooth, view its last known location on a map, ring your phone from the Tile, and share access with one other person for free.

Tile also stands out for its versatility. While AirTags come in a single puck-like design, Tile offers four distinct form factors to suit different needs. The card-shapedTile Slim($29.99), for example, is the best option if you’re constantly losing your wallet. The squareTile Mate($24.99) comes with a hole so you can stick it on a key ring or carabiner, and is probably the most versatile. The $24.99Tile Sticker, meanwhile, is a small disc that comes with a sticky backing so you can put it on remotes, pet collars, and anything else you can stick it on.

The best Tile will depend on what you’re looking to track. My personal favorite, however, is the $34.99Tile Pro, which is shaped like a key fob, is larger than the Mate, and can also be attached to other items. Of the four, it has the longest Bluetooth range at 500 feet and the loudest ring. It’s also the only one that has a replaceable one-year CR2032 battery.

The back of the Tile Pro now has a QR code. If you find a Tile, you can scan the code to see the owner’s contact information so you can return it.Photo by Victoria Song / The Verge

Last but not least, Tile may actually be better than AirTags for tracking stolen items. The company rolled out ananti-theft featurein 2023, which renders Tile devices invisible to unwanted tracking detection in the event someone steals your item. Just know that to use it, Tile requires you to submit a government ID for verification, agree to Tile working with law enforcement without a subpoena, and consent to a $1 million fine if you misuse this feature. For anti-stalking measures, Tile also has a “Scan and Secure” feature, which allows you to use the Tile app to scan for unknown Tile devices in your vicinity. While better than nothing, it’s a flawed measure, as it requires the potential victim to proactively scan their surroundings.

The best AirTag and Tile alternative

$35

The Pebblebee Clip Universal supports Apple’s Find My and Google’s Find Hub networks, but also has a 500-foot Bluetooth range, LEDs that flash to help you locate it, and a rechargeable battery that lasts up to 12 months on a single charge.

If you’re looking for an AirTag or Tile alternative, the Pebblebee Clip Universal is an excellent choice. It’s one of a growing number of trackers that support both Apple’s Find My and Google’s Find Hub networks, a major improvement over its predecessor. This makes setup seamless for both iOS and Android users, while also enabling more accurate and reliable tracking than Pebblebee’s own network could provide.

The thing I like best about the Pebblebee Clip Universal is its rechargeable battery. A single charge lasts up to one year, up from six months — though you may get longer than that depending on your usage. It has a USB-C port, too, so you don’t have to sweat it if you lose the charger it comes with. You love to see it.

The Pebblebee Clip Universal also has an LED strip at the bottom that lights up when you ring the tracker. That’s helped me spot my car keys more quickly when they’d fallen under the car seat or other dark areas. The ringtone is also quite loud, and the 500-foot Bluetooth range is actually about 100 feet more than the Tile Pro, our pick for Android users. And while larger than an AirTag, the Pebblebee Clip Universal also comes with a snap-on key ring so you don’t have to buy another accessory to attach it. It’s also IPX6-rated for water resistance.

Clip Universal owners can still use Pebblebee’sappto set voice tags and ask Amazon Alexa or Google Assistant to help find their device. You can also use the “Find Phone” feature, which lets you double-tap to ring your phone.

Pebblebee recently added afree “panic alarm” safety featurethat’s similar to Tile’s SOS alert. Compatible with both Apple’s Find My and Google’s Find Hub network, theAlertfeature lets you press the Clip’s button to activate a loud 97-decibel siren and flashing light, which you can disable via Silent Mode. No matter what, the Pebblebee app will still text your location to a trusted contact — or up to five people, with live location sharing if you pay for the $2.99 monthly Alert Live subscription.

That said, Clip Universal owners can’t use the Pebblebee app for tracking, and so only last-gen Clip owners can take advantage of the Pebblebee app’s extensive customizable geofencing features. That means, for instance, Clip Universal owners can no longer set up custom areas on a map and be notified whenever a device enters or leaves the area. They also can’t use the app to designate safe zones, which was useful to avoid unnecessary “left behind” notifications in familiar places like home or work. The latter can be done in Apple’s Find My app, though Google’s Find Hub doesn’t yet have an equivalent feature.

The best AirTag alternatives for wallets

$35

The Pebblebee Card has a rechargeable battery that lasts for up to 18 months. It supports Apple’s Find My and Google’s Find Hub, but you can also use the Pebblebee app for voice tagging.

You could be like my spouse, who stuffs an AirTag in their bifold wallet and then makes a surprised Pikachu face every time it falls out. Or, you could opt for a Find My-compatible alternative specifically designed for wallets, like the$34.99 Pebblebee Card Universal. It plays nice with both Apple’s Find MyandGoogle’s Find Hub networks, giving you cross-platform flexibility and the benefits of each — all with a super loud ringtone. It doesn’t come with precision tracking because it lacks UWB, but it makes up for it with those loud ringtones. As part of the Find My network, it alsosupports unwanted tracking alerts.

The Pebblebee Card Universal also stands out because of its rechargeable battery, which lasts up to 18 months on a single charge. Like the Pebblebee Clip Universal, it works with the Pebblebee app to support voice tagging and even has a button you can press to locate your phone.

Other Bluetooth trackers to consider

The $25$29Chipolo Popoffers a similar form factor to Apple’s AirTag in a lighter, more colorful package with a hole for a keychain or lanyard, a louder beep, and compatibility with both Apple’s Find My or Google’s Find Hub networks (though only one at a time). You can even use the Pop as a remote camera shutter and press the built-in button twice to find your lost phone. Unlike Chipolo’s other trackers, it boasts a wider 300-foot Bluetooth range, a more robust IP55 rating for water and dust resistance, and includes a user-replaceable battery that can last up to a year.

In my testing, tracking was accurate on both Apple’s and Google’s networks in most cases, Google’s struggled to track items outside my home as reliably as the Tile. And without UWB, the Pop couldn’t match the AirTag’s pinpoint precision. Still, the Chipolo app provides Android users with reliable out-of-range alerts and left-behind notifications — something Pebblebee and Moto Tag’s trackers lack —which, in my experience, triggered even faster than the AirTag and Tile.~ Sheena Vasani, Commerce Writer

If you’re a Samsung Galaxy phone user, the $17.80$29.99Samsung SmartTag2gets you UWB tracking and can tap into the Galaxy Find network, which operates similarly to Apple’s Find My network. It’s a great AirTag alternative but isn’t our overall pick for Android because it’s limited to Samsung Galaxy users. But for Samsung users, the latest SmartTag2 includes an improved Compass View, longer battery life, and a better app experience. It’s also got a newer oblong design with a larger key ring than the original SmartTag.

Motorola’s$19.99$29Moto Tagis the first tracker on Google’s Find My Device network to offer ultra wideband for locating lost items on phones equipped with a UWB chip, which is a feature Google only recently enabled via a firmware update. Like Apple’s AirTag, it can guide you directly to your missing item via directional cues in the Find My Device app. It worked well in my testing, helping me find the exact location of nearby items in my small apartment, though Apple’s AirTag was occasionally more precise when tracking objects farther away or through walls. The Moto Tag was also less effective than Tile’s trackers at locating items outside my home.

Still, if you want a tracker to find things around the house, the Moto Tag is a solid pick. It also fits most AirTag accessories, carries an IP67 rating for dust and water resistance, and uses a replaceable CR2032 battery that lasts up to a year. It can ring your misplaced phone, too, and doubles as a remote shutter for Motorola phones.~ Sheena Vasani, Commerce Writer

The $16.88$29.99Eufy Security SmartTrack Cardis another good option designed for wallets. It comes with a little clip attachment so it doesn’thaveto be stuffed in your wallet; you could clip it onto a laptop case, for example. This also has the same benefits when used with the Find My network as the Pebblebee Card Universal. On the back, there’s also a QR code — similar to the ones Tile uses — that helps good samaritans return your item to you. Like the Pebblebee Card Universal, you can share it with multiple people if you set it up via the Eufy Security app. The bummer here is it doesn’t work with Android, lacks UWB and a replaceable battery, and isn’t rechargeable like its successor,Eufy’s $29.99$34.99SmartTrack CardE30. That said, though, the built-in battery should purportedly last you three years.

The $35Chipolo Card Spotor $23$35Card Pointis also a good option for wallets if you want something a bit simpler, though it lacks the QR code, and its battery only lasts two years. If you do opt for Chipolo, double-check that the specific tracker you’re buyingworks on the network you want to use. For example, the Chipolo Card and Chipolo Card Spot can both be used with iPhones, but the Chipolo Card only works with the Chipolo app, while the Card Spot only works with Find My. The Chipolo Card Point is for Android users and works with Google’s Find Hub network.Read my full Chipolo Card Spot review.

Update, November 19th:Adjusted prices and availability. Mentioned the new Pebblebee trackers and added some of our impressions of the Chipolo Loop. Sheena Vasani also contributed to this guide.",2025-11-19T14:30:13-05:00,2025-11-20T06:53:03.190475,"{""source_name"": ""The Verge"", ""via"": ""rss""}"
https://www.theverge.com/news/824255/google-tv-reference-remote-solar-power-epishine-ohsung-electronics,www.theverge.com,Future Google TV devices might come with a solar-powered remote,"Epishine, a company that makes solar cells optimized for indoor lighting, has announced its technology is being used in anew remote control for Google TV devices, asspotted by9to5Google. The remote will rely on rechargeable batteries instead of disposable ones, and thanks to the use of solar cells on both sides it may only run out of power when it gets buried and forgotten in the dark abyss of your couch cushions.

The new remote is made byOhsung Electronics, which is an official Google reference remote supplier. Companies making Google TV streaming boxes or dongles can design their own remote controls from scratch, but they can also use Google’s reference remote designs as a shortcut to accelerate their hardware development.Walmart’s Onn devices, for example, include remotes based on Google’s designs.

The new solar powered option using Epishine’s technology will be known as the G32 reference remote, but it’s not being bundled with any Google TV devices just yet, and you can’t purchase it on its own. Existing versions of Google’s reference remotes include theG10 with 22 buttons and the G20 with 38 buttons, but companies can customize these designs to provide quick access to streaming platforms besides popular options like Netflix and YouTube.

It’s not the first time a remote control has included a solar cell to keep it powered indefinitely. Last yearHama announced a universal remote using Exeger’s Powerfoyle solar cell technology, and years agoSamsung released a solar remotefor its own TVs. But the technology could potentially become more commonplace now that Google has made it much easier for smaller companies to implement.",2025-11-19T13:56:30-05:00,2025-11-20T06:53:04.925155,"{""source_name"": ""The Verge"", ""via"": ""rss""}"
https://www.theverge.com/tech/800444/best-tool-gift-ideas-2025,www.theverge.com,The Verge’s 2025 holiday gift guide for tinkerers,"As AI tools continue to rise in popularity, it’s easy to forget the satisfaction of using something that doesn’t need an update or a prompt to help you get things done. I’m talking about tools. They’re simple and rugged, and they don’t make things needlessly complicated. And now that the holidays are approaching, these tools can help you tackle projects you didn’t finish over the summer (or, let’s be real, two summers ago).

If you’re shopping for someone who would rather read a repair manual than scroll through a social media feed, you’re in the right place. We’ve rounded up options ranging from a long-lasting cast-iron skillet to a versatile multitool that’s useful for numerous tasks. There are also tools for tinkering with gadgets, like iFixit’s comprehensiveManta Driver KitandCanaKit’s Raspberry Pi 5 Starter Kit Pro. Other tools we include can help you toimprove your fitnessor write and read on a tablet that’sfree of incessant notifications.

Photographer, photo editor: Amelia Holowaty Krales

Art director and designer: Cath Virginia

Creative director: Kristen Radtke",2025-11-19T11:17:53-05:00,2025-11-20T06:53:06.764514,"{""source_name"": ""The Verge"", ""via"": ""rss""}"
