post_id,sentence_idx,claim_text,created_utc
1kqx4ua,0,The most interesting iteration in gaming recently to me is seeing the enemies crosshairs.(Overwatch/Rivals).,1747718570.0
1kqx4ua,1,Both Overwatch and Rivals has this feature and it honestly makes me laugh when you see these absurd ones or just see hearts all the time.,1747718570.0
1kqwhfs,0,Neill Druckmann says Naughty Dog is working on another game alongside Intergalactic.,1747716127.0
1kqw8z2,0,How do you feel about voice acting in horror games about player exploration?.,1747715274.0
1kqw8z2,1,[removed],1747715274.0
1kquvsr,0,Just kickin it with the homies..,1747710666.0
1kqssjy,1,[removed],1747704211.0
1kqs9nc,0,"What's a fun, non-Bethesda, RPG for someone wanting to delve into the genre?.",1747702622.0
1kqs9nc,1,"I've had some friends recommend RPGs to me before that I just don't end up liking, but I feel that's because they tend to ignore the fact that I dislike turn-based combat no matter how good the surrounding game is (the only exception being the South Park games since I'm a big fan of the show) and constantly upsell me on games that have it anyways.",1747702622.0
1kqrif3,0,"Clair Obscur - Be honest, how many of you are in this photo?.",1747700317.0
1kqr6r6,1,[removed],1747699349.0
1kqpt6w,1,Not even I expected this.. https://preview.redd.it/9vk4oz4ljt1f1.png?width=850&amp;format=png&amp;auto=webp&amp;s=830933d48cf37fd87d84da18e1a1fa88ec9f4a9e,1747695412.0
1kqpt6w,2,"Well well well, this did not age how I expected it to...",1747695412.0
1kqplh3,0,He terrified me for some reason.,1747694805.0
1kqokyn,0,Looking for a multiplayer/co-op game to play with my GF that has a lot of replay value but doesn't feel repetitive..,1747692123.0
1kqokyn,1,"We have played all kinds of games together, ranging from Borderlands 1/2/3, Fallout 76, Elder Scrolls Online, GTA Online, Phasmophobia, Minecraft, Stardew Valley, World of Warships Legends, Hunt: Showdown, Palworld and a good bit more.",1747692123.0
1kqokk0,1,"The ""new"" Fusion by PowerA, hooked me when I saw it comes with Hall Effect joysticks and triggers!",1747692094.0
1kqokk0,2,"I've been playing The Finals, C&amp;C: Kane's Wrath, Revenge of the Savage Planet, and Deep Rock Galactic (Rock and Stone, everyone!)",1747692094.0
1kqkxqu,0,Wanted to share The Witcher wood wall art piece I made.,1747683364.0
1kqkxqu,1,I hope you like it..,1747683364.0
1kqkhpz,1,Will be doing story content for all of them.,1747682344.0
1kqkhpz,2,For those unaware the specific title is a Gundam crossover game that has an original story similar to Super Robot Wars.,1747682344.0
1kqiak0,0,"What was the best (idea of a) movie about a game, but got worse you watch it?.",1747677260.0
1kqgpt7,0,"Alex Kidd in Miracle World / MASTER SYSTEM: IN THE STEPS OF THE ELEPHANT, BRO.👍🫵. [removed]",1747673629.0
1kqgiwp,0,"Assassin's Creed / PS3 : HIGH TURKISH DOME IN DAMASCUS, BLACK MARKET.👍🫵. [removed]",1747673171.0
1kqfufq,0,The Witcher 3: Wild Hunt — 10th Anniversary Trailer.,1747671561.0
1kqfqit,0,Anno 117: Pax Romana – Gameplay Reveal Trailer.,1747671303.0
1kqd1bx,0,Anyone familiar with how to turn off this overlay?,1747664768.0
1kqd1bx,3,Anyone familiar with how to turn off this overlay?,1747664768.0
1kqb6vj,0,I love that Death Stranding made a superhero out of a deliveryman.,1747659914.0
1kqb6vj,1,"As a former deliveryman, one of the reasons Death Stranding became my favorite is because Kojima made a superhero out of one of the most ""basic"" jobs.",1747659914.0
1kqaz1v,1,[removed],1747659312.0
1kqaxvf,0,I feel you 😂.,1747659212.0
1kqamku,0,What have you had enough of?.,1747658298.0
1kqamku,1,[removed],1747658298.0
1kq9gio,0,"What is the most emotional plot twist you ever experienced in a game, for me it was the truth of this individual..",1747654652.0
1kq9gio,1,[removed],1747654652.0
1kq8fku,0,"What's a game you only spent 20-40 mins on but had the best time in.. I ended up putting 4 hours into I am your beast, but that is my best example.",1747650979.0
1kq72vs,1,[removed],1747645477.0
1kq4q73,1,I'm already calling it 5 minutes in.,1747635426.0
1kq3nb3,0,"Morale at Bungie reportedly at an all-time low as the FPS dev investigates stolen assets in Marathon: ""The vibes have never been worse"".",1747631101.0
1kq25fw,0,"Khajit has wares, if you have coin..",1747625714.0
1kq22bl,0,Video Game Addiction Case Mostly Sent to Arbitration-Orellana v. Roblox.,1747625417.0
1kq22bl,1,Roblox won a decisive dismissal in a different addiction case (Angelilli v. Activision) that casts a long shadow over the tenability of this case.,1747625417.0
1kq1gpg,0,I just submitted my first game to Steam after a year of solo dev — it’s a tycoon sim based on my real HVAC job.,1747623371.0
1kq1gpg,1,"Built this from scratch with HTML, JS, and Electron.",1747623371.0
1kpx98q,1,Like what do you mean Wii and Stadia in the same trailer.,1747610064.0
1kpwrf9,0,What’s the most difficult decision you’ve had to make in a game?.,1747608595.0
1kpwrf9,1,[removed],1747608595.0
1kpwpba,0,What do you think was the most difficult decision you had to make in any video game?.,1747608425.0
1kpwpba,1,[removed],1747608425.0
1kpv3wi,0,"Take-Two boss makes lofty GTA 6 promises, despite sky-high hype: ""Rockstar Games is trying to create the best thing anyone's ever seen in entertainment"".",1747604069.0
1kpv0od,0,Logo evolution of notable gaming brands (part 2).,1747603829.0
1kptqm1,1,[removed],1747600439.0
1kptpy6,0,The Doom Song.,1747600390.0
1kpt4ok,0,What's a gaming moment you remember using a walkthrough for?.,1747598877.0
1kpsxpm,0,The world's only Warhammer academic conference is returning in September to present more talks.,1747598380.0
1kpsm82,1,"Is there anything crazier than the pooping unicorn from Red Faction, or the dubstep gun from Saints Row?",1747597544.0
1kps2q2,1,10 years later and I still find Blood and Wine to be one of the most bang for your buck DLCs out there.,1747596152.0
1kps2q2,2,There's just so much content in an entirely new zone that looks and feels amazing.,1747596152.0
1kpq9vu,0,How the mighty have fallen.,1747591538.0
1kpq1zg,1,[removed],1747590996.0
1kppzfd,0,Sword Of Xolan / ANDROID: BOY THIS ACT III IS HARD TO PASS.👍🫵. [removed],1747590822.0
1kppq4h,1,Let’s make it!,1747590171.0
1kppq4h,2,Submit up to three different tracks on the comments as separate comments.,1747590171.0
1kppmax,2,[removed],1747589910.0
1kpoclv,2,[removed],1747586677.0
1kpo1fn,0,Which game has the most interesting turn based combat?.,1747585860.0
1kpo1fn,1,"Last year I decided I was going to build a game, and began work on a dice-based RPG.",1747585860.0
1kpn77t,0,Do you think 2025 could be one of the all time greatest years for gaming?.,1747583696.0
1kpn77t,1,[removed],1747583696.0
1kply4z,0,"I miss fighting games, what's popping for casuals these days?.",1747580366.0
1kply4z,1,I've got the fighting game itch and want to get back into playing.,1747580366.0
1kpji9d,0,Gamers 30+ what has changed in your gaming habits as compared to when you were younger?.,1747573469.0
1kpji9d,1,For me thinking about games more than playing them,1747573469.0
1kpht5d,0,Blue Prince is one of the best games I’ve ever played..,1747567822.0
1kpht5d,1,I didn’t hear anything about this game other than some comment on r/gamepass saying it was fun and you should try it out.,1747567822.0
1kpeq64,1,[removed],1747554890.0
1kpbsbd,0,The battle royale genre has done irreversible damage to shooter games in general.,1747542984.0
1kpbsbd,1,"Everyone just hides in buildings now, even in regular shooting games.",1747542984.0
1kpbjsr,0,"Yes, Notch Still Plays TF2.",1747542067.0
1kpbjsr,1,[removed],1747542067.0
1kpa8t2,0,[SKIT] Nintendo CEO explains Terms of Service change to customer.,1747537482.0
1kp6knz,1,Been trying to find new games to play with my girlfriend.,1747525407.0
1kp6knz,2,"Thing is, she loves either making a girly character or playing a girly character with cute skins.",1747525407.0
1kp678q,0,What are games that had unconventional and/or “cancelled” final bosses?.,1747524276.0
1kp678q,1,"Cancelled meaning the final boss fight either didn’t actually happen for plot reasons or wasn’t a traditional final boss battle in some way, and that was the end of the game.",1747524276.0
1kp2dfh,0,The development of GTA 6 has reportedly cost over $1 billion.,1747513374.0
1kp2dfh,1,[removed],1747513374.0
1kp2570,0,I like the night sky in Days Gone.,1747512753.0
1kp2570,1,The remastered versions lighting system must have made it better because I don't remember taking time to look at it this much on my first run.,1747512753.0
1koy4yj,0,Which city do you think is more fucked up: Rapture or Columbia?,1747502250.0
1koy4yj,1,And which would you rather live in if you had to live in one?.,1747502250.0
1kowuwj,0,Best game to create a character and immerse yourself in the world?.,1747498862.0
1kovn4d,0,What makes going for the platinum/100% fun for you?.,1747495694.0
1kovn4d,1,Like do you get the trophies/achievements organically?,1747495694.0
1kosicz,0,Discussion on controls regarding Dirt 2 and Dirt 3.,1747487042.0
1kosicz,1,So I currently finished dirt 2 and,1747487042.0
1koq5xy,0,Predicted release year for GTA 7 (according to Google Gemini).,1747479105.0
1koq5xy,1,[removed],1747479105.0
1koq2wl,1,I know I know.,1747478756.0
1koq2wl,2,It's like comparing apples to oranges.,1747478756.0
1kop2ql,0,What’s Everyone’s Favorite Multiplayer Co-Op PS5 Games?.,1747474541.0
1kop2ql,1,[removed],1747474541.0
1koolk9,0,Why do I regress when playing competitive games?.,1747472459.0
1koolk9,1,"Particularly League of Legends and Starcraft 2 (Team Games only), I noticed that I would be extremely toxic towards my opponents (not my teammates).",1747472459.0
1kook1y,1,[removed],1747472285.0
1konhdy,0,What OLED gaming monitor to get?.,1747467679.0
1konhdy,1,[removed],1747467679.0
1komyrq,0,سایت بلک جت.,1747465559.0
1kolvdv,0,My favorite rpg xenoblade 2 is soon turning 8 years old.,1747461182.0
1kolvdv,1,It's in my top 5 even top 3 games ever so incredible amazing my first xenoblade game ever made me not give up on gaming when I wanted to after getting a switch In terms of gameplay it can be very slow start and annoying to understand combat etc but once it dies,1747461182.0
1koleky,0,I was really looking forward to doom the dark ages..,1747459363.0
1koleky,1,And honestly it just makes me want to replay eternal.,1747459363.0
1kok4yc,0,Skyrim: Delvin won’t give last special quest (Markarth) -,1747454715.0
1kok4yc,2,[removed],1747454715.0
1kok3g3,0,Skyrim: Delvin won’t give last special quest (Markarth) -,1747454571.0
1kok3g3,2,[removed],1747454571.0
1kojm88,0,Do you keep your console boxes?.,1747452949.0
1kojm88,1,[removed],1747452949.0
1kohjfe,0,Average roblox mobile player.,1747446039.0
1kocflt,0,"GTA 1 / PS1: LEAVE THE GAME, GO TO OTHER BROTHERS.🫵👍.",1747431040.0
1kocflt,1,[removed],1747431040.0
1kobbn3,0,What series ended prematurely without finishing up the story that still annoys you?.,1747428200.0
1ko9nq8,0,They added actual AI to Fortnite and it's pretty incredible.,1747423951.0
1ko9nq8,1,So Fortnite added an AI Darth Vader to Fortnite Battle Royale.,1747423951.0
1ko8xij,1,[removed],1747422087.0
1ko763s,0,Oh man i cant wait to see more.,1747417767.0
1ko6360,0,Games where the music score absolutely was dogshite?.,1747415119.0
1ko6360,1,As the title says.,1747415119.0
1ko5y66,0,Anybody play this one?.,1747414804.0
1ko5y66,2,"In this much hyped zany cooking simulation sequel, beef broth, rich seafood stock, and bean soups are where it's at again!",1747414804.0
1ko5xoz,0,Looking for pixel art style horror games...,1747414773.0
1ko5xoz,1,Exactly what the title says; I'm looking for pixel art horror game recommendations.,1747414773.0
1ko5rbd,0,Marathon Developer Bungie Launches 'Thorough Review' After Once Again Being Found to Have Used Work From an Uncredited Artist - IGN.,1747414341.0
1ko5rbd,1,"**My previous post on this matter was removed for breaking a rule, so I'm posting again for anyone who missed the news earlier.",1747414341.0
1ko5n6e,1,"Cant find the one on the left anywhere on the internet, they both have save files, both run well enough…",1747414050.0
1ko5n17,1,"Cant find the one on the left anywhere on the internet, they both have save files, both run well enough…",1747414041.0
1ko5ftd,0,Nightmare fuel starter pack for 90s kids.,1747413544.0
1ko4p3v,0,"Need help from YOU, the Gaming community.",1747411706.0
1ko4p3v,3,I have decided to join forces with a small team of friends from the industry and we're working on a few concepts.,1747411706.0
1ko3ur6,0,Days Gone New Game Plus glitch???.,1747409661.0
1ko3ur6,1,[removed],1747409661.0
1ko3sx0,0,What is the first game you played as a kid.,1747409538.0
1ko3sx0,1,[removed],1747409538.0
1ko3me5,0,I miss 15 years ago..,1747409091.0
1ko2t44,0,"I just want to warn PS players, it's okay to cry when playing Gears of War..",1747407091.0
1ko2t44,1,"Look, you're a big strong man with huge muscles.",1747407091.0
1ko2jpg,1,[removed],1747406450.0
1ko0qdj,0,"Sword Of Xolan / ANDROID: THE SNOW GIANT DEFEATED, ACT III WE ARRIVED.👍🫵. [removed]",1747401762.0
1ko0ow0,1,[removed],1747401648.0
1knz2pd,1,"So, I just wanted to throw this out there.",1747396885.0
1knz2pd,2,According to an article by TechRadar.,1747396885.0
1knz2pd,1,"So, I just wanted to throw this out there.",1747396885.0
1knz2pd,2,According to an article by TechRadar.,1747396885.0
1knxu3n,0,Bungie/Marathon devs have responded to the plagiarism accusation against them..,1747392646.0
1knxu3n,1,Excerpt from an [article](https://www.ign.com/articles/marathon-developer-bungie-launches-thorough-review-after-once-again-being-found-to-have-used-work-from-an-uncredited-artist) Bungie responded within hours.,1747392646.0
1knxg6i,0,"Lost count how many times I’ve done this, hyper focus engaged..",1747391193.0
1knv7jb,0,Favourite ever game-within-a-game?.,1747381522.0
1knuu5q,1,[removed],1747379871.0
1kntptn,0,toofanbet44.,1747375316.0
1kntg6m,0,My little brother Puddleshine has crossed the 200k fish caught mark on Minecraft..,1747374233.0
1kntg6m,1,[removed],1747374233.0
1knr600,0,How to buy ubisoft game while in different region?.,1747366110.0
1knr600,1,I'm from EU and have EU ubisoft account.,1747366110.0
1knqghu,1,[removed],1747363791.0
1knp401,0,Which game had a better Reboot?.,1747359477.0
1knou2k,0,I love that challenge rewards in Days Gone are jacket patches in the main game.,1747358621.0
1knou2k,1,I recently learned challenge mode medals in Days Gone earn buff patches that show up on your jacket while in the main game.,1747358621.0
1kno0tm,0,"35, Husband &amp; Dad of Two, Trying to Reignite the Gaming Spark-Struggling.",1747356086.0
1kno0tm,2,[removed],1747356086.0
1knnt77,0,Designing an IRL Side Quest game.,1747355431.0
1knnt77,1,Give me your best (or worst) ideas!.,1747355431.0
1knncbp,0,Washington Commanders use Roller Coaster Tycoon to release the season schedule..,1747353966.0
1knmuee,0,Marathon Alpha Draws New Plagiarism Accusations Against Bungie as Artist Says Game Is “Plastered” with Stolen Art.,1747352481.0
1knmuee,1,Bungie once again caught stealing art,1747352481.0
1knksid,0,"This ""Schrute Farms Beets"" t-shirt is the perfect gift for any Office fan..",1747346680.0
1kni5of,0,"25 kills and nuke starter pack.. IMHO probably the best one they made, the online back in (2009) was elite.",1747340116.0
1kni5of,2,4/5 stars take me back,1747340116.0
1kngu8c,1,Saw someone mention it off the back of the Doom trailer and can’t get it out of my head.,1747336839.0
1kngu8c,2,"I’m genuinely glad there’s no sequel, but a game focused around giant mechs fighting giant monsters would be next level.",1747336839.0
1kngqgo,0,I wish game companies would start making game demos again..,1747336580.0
1kngqgo,1,I really miss checking out a game before I buy it.,1747336580.0
1kngk4g,0,Secure the Bag with Bonuses on The Contract.,1747336145.0
1kndi4t,0,Just picked up a new game and this is the auto-generated name i get...accurate but kinda rude ngl.,1747328779.0
1knbr8n,0,Profitable?,1747324559.0
1knbjdf,0,Ubisoft shares drop by 20% as it burns more cash to develop games.,1747324017.0
1knba91,0,Epic added more hard baked clothes to the Metahumans in 5.6..,1747323411.0
1knba91,1,[removed],1747323411.0
1knajax,1,[removed],1747321578.0
1kn97u7,0,I think good morale is the most powerful skill in online video games.,1747318329.0
1kn97u7,1,Been having alot of interactions like this were just giving the team some slack will greatly improve their performance.,1747318329.0
1kn7k9h,0,Why I think Expedition 33 does not match up to Final Fantasy's golden age (no spoilers).,1747313927.0
1kn7k9h,1,"I'm posting this predicting that I will be downvoted, but first I want to say that **Expedition 33 is a great game**",1747313927.0
1kn5n9c,0,How many platinum trophies from PlayStation games do you have?,1747307921.0
1kn5n9c,1,I’m looking to get into trophy hunting!.,1747307921.0
1kn3phx,0,I miss movie tie-in games.,1747300260.0
1kn3phx,1,"Yeah sure, they were mostly not very good, but there’s was a certain charm to the concept of devs trying to artificially turn a 90 minute movie into a ten hour game.",1747300260.0
1kn3h02,1,Is Mortal Kombat done?.,1747299267.0
1kn3h02,2,"I've been a fan of Mortal Kombat since I was a kid, a really little kid who probably shouldn't have been tearing heads of his opponent every chance I could.",1747299267.0
1kn2wu3,0,Who else canceled their DOOM orders?.,1747296807.0
1kn2wu3,1,So normally I'm trying to save money right now cuz of things going on in my life however I was given a GameStop gift card for my birthday a few weeks ago and decided to put it towards the new Doom on ps5 I really enjoyed 2016 and eternal and this one looked like to be more good stupid fun.,1747296807.0
1kn0m3g,0,Like dude I hate the old immersion excuse cuz I'm too lazy to add dialogue so much so that I wish it were illegal and the punishment would be getting fired for negligence and a huge hundreds of dollars fine..,1747287362.0
1kn0m3g,1,[removed],1747287362.0
1kn09km,0,I still find it unbelievable Mario &amp; Sonic had an official crossover game... which led to a series...,1747286040.0
1kn09km,1,but it was all based around the Olympics!.,1747286040.0
1kmy2ul,1,"[I had a bit of fun exploring this rabbit hole](https://www.drivingnowhere.com/index.php/2025/05/15/ramblin-about-an-idear/) and genuinely think that while my desire for a small handheld is unlikely to ever happen, with mainstream devices at least, I do think the idea of configurable input modules could be a hit.",1747278478.0
1kmy2ul,2,I'd love for something like this to implemented.,1747278478.0
1kmxpvj,0,"Portable console, what to buy?.",1747277336.0
1kmxpvj,1,[removed],1747277336.0
1kmto3e,0,There's an official Jet Set Radio collab between rollerblading brand Them Skates and Sega coming up soon..,1747265040.0
1kmto3e,1,"Them Skates, which is very famous rollerblading brand, has been teasing some Jet Set Radio collab with Sega and today the founder of Them Skates posted that Sega is sponsoring their annual competition ""Blading Cup"" in Europe, which is gonna be held in May 30th and 31st.",1747265040.0
1kmtag1,1,So I just got a new pc and wanted to install the Xenia Emulator.,1747263979.0
1kmtag1,2,But I want to find a safe place to get the ROMs from.,1747263979.0
1kmt3tm,0,🗣 say it louder for the ones in the back.,1747263475.0
1kmr56f,0,Uhoh. Looks like Steam has been leaking.,1747258243.0
1kmr56f,1,"Change your passwords, people.",1747258243.0
1kmq5u3,1,[removed],1747255844.0
1kmpqua,0,Games with good sniping mechanics where sniper isn't in the title or main focus of the game.,1747254819.0
1kmpqua,2,"Squad, battlefield and arma also had some great sniping.",1747254819.0
1kmpifr,0,Help me pick a new name.,1747254249.0
1kmpifr,1,I have so much trouble naming characters in games.,1747254249.0
1kmnfod,0,Ubisoft Delays Multiple of it's Upcoming Games including Far Cry 7 and the new Assassin creed games to 2027 and 2028..,1747249225.0
1kmmxre,0,"GTA 1 / PS1: LOST IN THE STONE JUNGLE, SEARCHING FOR JOB 😭👍🫵..",1747248026.0
1kmmxre,1,[removed],1747248026.0
1kmh67z,0,Help with a game decision.,1747234352.0
1kmh67z,1,"I want to play a survival game with good crafting and pve, pvp.",1747234352.0
1kmh068,0,"After Suicide Squad's $200 million flop and a massacre of studios, Warner Bros acknowledges it has ""no releases"" out, and it's spending 66% less on game content..",1747233936.0
1kmh054,0,What is the worst game for streaming and let's plays?.,1747233934.0
1kmh054,1,[removed],1747233934.0
1kmgif7,0,Playstation Had Record Breaking Console Sales And Revenue,1747232726.0
1kmgif7,2,And First Gaming Company To Hit 30 Billion Revenue Ever.,1747232726.0
1kmg516,0,"Playstation Hit 30 Billion Revenue In FY24, First To Break Record That No Other Gaming Company Has Accomplished.",1747231812.0
1kmg291,0,Ubisoft won’t recover my hacked account and keeps sending copy-paste responses.,1747231619.0
1kmg291,1,[removed],1747231619.0
1kmfg5u,0,"Looking back, did this game have one of the best soundtracks ever?.",1747230035.0
1kmep38,0,S.T.A.L.K.E.R.: Shadow of Chornobyl - Enhanced Edition on Steam.,1747228018.0
1kmc256,0,"89 million Steam account details just got leaked, so now's a good time to change your password.",1747219656.0
1kman6j,2,[removed],1747213832.0
1km9022,0,"Former Employees, Community Members Allege AbleGamers Founder Fostered Abuse Behind Closed Doors - IGN.",1747206619.0
1km8hd7,1,"Lately I’ve settled into a pattern where I play through something fairly short, focussed and narrative driven - and then follow it up with some big stupid open world to wash it down with.",1747204479.0
1km8hd7,3,I enjoy a good heady indie game with a message - and something that makes me think - but then I always need to shoot some dudes and chase map markers for a bit afterwards to give my brain a rest.,1747204479.0
1km8fh5,1,"I am a self confessed gamer, used to be heavy in to it (I go way back to CoD MWII lobbies and GoldenEye multiplayer).",1747204250.0
1km8fh5,2,After the news of Xbox and Nintendo with price hikes I feel like now is the best time to voice this… Gaming is too expensive and plagued with poor intentions.,1747204250.0
1km7p42,0,Does an ultrawide monitor add FOV to a games capped FOV limit?.,1747201317.0
1km7p42,1,For example lets say you game on a **27 inch 1920x1080** monitor,1747201317.0
1km6vz0,0,Poll: What should I play next?.,1747198260.0
1km5qfi,0,I hate how loud the PS5 disc drive is.,1747194192.0
1km5qfi,1,I've done everything on my fat PS5.,1747194192.0
1km3jje,0,If you could only have one home and one portable.,1747187282.0
1km3jje,1,Pretty much if for the rest of your life you could only play on one home console and one portable console which ones would you choose?,1747187282.0
1km2q2s,0,"Why did GTA shy away from gore ever since GTA IV when GTA 3, Vice City, San Andreas and even the very recent RDR2 all had some sort of gore?.",1747184776.0
1km2q2s,1,"I mean if it's already rated M for Mature, then why not go all the way and include the gore system from RDR2?",1747184776.0
1km29tw,0,What games have bosses that attempt to take you out AFTER you’ve defeated them.,1747183415.0
1km29tw,1,"For example in Sonic Adventure when Sonic defeats the final eggman boss, he crashes into your platform as a last ditch effort in an attempt to take you out",1747183415.0
1km03lq,0,Best MMOs and RPG games that DO NOT have cosmetics?.,1747177195.0
1km03lq,1,Call me old but I’m growing tired of games where you buy your outfit.,1747177195.0
1klzecj,1,"With a lot of free time and very little money, I pulled out my old PS2 and put in ""Secret Weapons Over Normandy"".",1747175285.0
1klzecj,3,"so I was a little rusty, but I did well enough for a while, until I reached the hellish Midway mission.",1747175285.0
1klyppj,0,"GTA 4 Needs a Remaster, Says Ex-Rockstar Dev.",1747173520.0
1klxbyi,0,GTA San Andreas was fucking insanity.,1747170134.0
1klxbyi,2,[removed],1747170134.0
1klx1cm,0,The new doom costs 25% more in the UK than in the US.,1747169433.0
1klwf9v,0,[OC] I painted Monoco from Expedition 33.,1747167955.0
1kluqz9,0,"Do you think that Red Dead Online, that shipped with RDR2, was a success?.",1747163931.0
1kluqz9,1,[removed],1747163931.0
1klu9ov,2,[removed],1747162794.0
1klu2or,0,Don't agree with the new Nintendo EULA?,1747162314.0
1klu2or,1,"Apparently, you have no choice..",1747162314.0
1kltjg7,1,[removed],1747161101.0
1klqh0f,0,7 hours left to obtain gamer glory!.,1747153924.0
1klqh0f,1,[removed],1747153924.0
1klp70k,0,"Grand Theft Auto VI May 2026 Release Date Still Could Be Delayed, Says Bloomberg's Jason Schreier.",1747150915.0
1klngrn,0,"Almost 27 years later, Heroes of Might and Magic III is still one of the best looking games you can play today.",1747146765.0
1kln553,1,[removed],1747145994.0
1klm8u6,0,“Marvel 1943: Rise of Hydra” delayed to 2026.,1747143713.0
1kljsam,0,"The Last of Us Part 2 online backlash prompted Naughty Dog's next lead to get ""bootcamp-ing"" from Neil Druckmann.",1747136643.0
1kli130,0,Warner Bros Games Revenue Drops 48% in Q1 Due to Lack of New Games.,1747130256.0
1klhcat,0,"Have any of you ever had an amazing game left you stunned and speechless, but unwilling to ever play it again due to it being too intense emotional for you?.",1747127347.0
1klhcat,1,"I've done this with movies where I've just said, ""whoa, that is amazing.",1747127347.0
1klhbbq,0,What's a gaming mechanic you found in one game and wished you could have in every other game of the same genre because it felt so natural?.,1747127231.0
1klhbbq,3,but this is where I found it first.,1747127231.0
1klh9vu,0,"Almost 10 years later, Arkham Knight is still one of the best looking games you can play today.",1747127064.0
1kle7rn,0,October marks 20 years of Shadow of the Colossus.,1747114392.0
1kle7rn,1,I remember playing the demo for hours before it even came out.,1747114392.0
1kldjha,0,Judge me based on my games.,1747111875.0
1klbigm,0,I love the color palette of Elden Ring.,1747105052.0
1klbigm,1,Everytime I boot it up,1747105052.0
1klawu0,0,I'm getting tired of pseudo level scaling.,1747103119.0
1klawu0,1,Recently I have been playing Rise of the Ronin and Clair Obscur and am seeing a weird trend: pseudo level scaling.,1747103119.0
1kl97lb,2,"I'm looking for some fun (not necessarily ""good"") games with jank physics.",1747098005.0
1kl97lb,4,Director's Cut comes to mind.,1747098005.0
1kl7tds,0,Take the quiz and get your 1UP.,1747093926.0
1kl7tds,1,[removed],1747093926.0
1kl6wno,0,What is your honest opinion on Avatar: Frontiers of Pandora from 2023?.,1747091397.0
1kl6rlt,0,What's your biggest triumph involving gaming that you'll never forget?.,1747090996.0
1kl6rlt,1,"I think for me it was one dayz run where I got like 8 kills, met some crazy people, it was this insane life where I was so stressed to log on and play it I eventually just stopped playing.",1747090996.0
1kl5etf,1,[removed],1747087392.0
1kl57x3,1,[removed],1747086899.0
1kl3uci,0,Wanted to make this video long time ago!,1747083556.0
1kl3uci,1,"""Gaming In your 30s"".",1747083556.0
1kl39gv,0,"What's with the gaming trend of: ""corrects something wrong"" followed up with ""nice job defending billion dollar company"".",1747082160.0
1kl39gv,1,Been seeing this a lot lately like it's some kind of gotcha moment that invalidates anything said beforehand.,1747082160.0
1kl2xyq,0,How did someone like Activision stop publishing multiple games and downsized their studios?.,1747081398.0
1kl2xyq,1,"Back then Activision was a mostly stable 3rd party publisher with multiple franchises like Call of Duty, True Crime,Guitar Hero, Prototype, licensed games from Dreamworks and Nickelodeon and sometimes an occansional one shot game, But since 2017 or so they're only doing multiple Call of Duty games and became their bread and butter and hardly anything else.",1747081398.0
1kl2iac,0,"Digital Foundry Say The Elder Scrolls IV: Oblivion Remastered's Breaks the Longer You Play and Eventually Crashes When Loading a Save, Call for Emergency Patch..",1747080374.0
1kl1nxx,0,Is there a list of games that require DirectX 12 ultimate?.,1747078390.0
1kl1nxx,1,"I have a bit of an older video card, and now they're starting to be games that I can play.",1747078390.0
1kl1iq7,0,I need a competitive game that isnt a shooter.,1747078039.0
1kl1iq7,1,"It seems like every comp game is some kind of shooting game, are there any popular ones that aren't in that?",1747078039.0
1kl0jo1,1,Randomly turning off?.,1747075758.0
1kl0jo1,2,Obviously the only time I find it's turned itself off is when I've just pulled off a bonkers play and can't wait to see the playback.,1747075758.0
1kl0jo1,1,Randomly turning off?.,1747075758.0
1kl0jo1,2,Obviously the only time I find it's turned itself off is when I've just pulled off a bonkers play and can't wait to see the playback.,1747075758.0
1kkypp2,0,Does anyone know if this pre-order is still available for the Gex Trilogy?.,1747071492.0
1kkxgft,1,I made this in 2010..,1747068581.0
1kkxgft,2,I changed the audio to an mw2 trailer in 2010.,1747068581.0
1kkxfwx,0,Valkyrie Profile (1999 PSX).,1747068546.0
1kkuzma,0,What's a game you refuse to uninstall?.,1747062719.0
1kkuzma,1,"Do you have a game that you frequently revisit, want readily available just in case you ever *want* to revisit it, or one that takes up sentimental hard drive space?",1747062719.0
1kkugjb,0,Looking for isometric rpgs like Solasta or Bg3.,1747061447.0
1kkugjb,1,[removed],1747061447.0
1kktnh6,1,Loving horde mode in Days Gone.,1747059468.0
1kktnh6,3,Love how you can tactically lure a horde into a focused point like a bridge and systematically use napalm to take them out.,1747059468.0
1kktdy6,0,BG3 Screenshots.,1747058797.0
1kkt7kz,0,GTA 4 Remaster Could Release This Year Says Rockstar Insider.,1747058355.0
1kkt3i6,0,Need to find a game for my mom.,1747058044.0
1kkt3i6,1,[removed],1747058044.0
1kkrzd9,0,Horde mode in a Days Gone sequel would be amazing.,1747055002.0
1kkrzd9,1,I got sucked into the Days Gone Remaster after trying it out and am having a blast with the horde mode.,1747055002.0
1kkrj2j,0,I played Revenge of the Savage Planet expecting laughs... but instead found one of the most original sci-fi universes of the year.,1747053718.0
1kkrj2j,1,[removed],1747053718.0
1kkl7cb,3,That made me almost shit myself.,1747029240.0
1kkl7cb,4,I don't typically play horror games so this may not be scary to some hardcore horror gamers but I was terrified.,1747029240.0
1kkjp0y,1,[removed],1747023446.0
1kkisa4,0,Best macro to automate farming..,1747020337.0
1kkisa4,1,[removed],1747020337.0
1kkhb2w,0,Service for exploring games with great metadata and filters?.,1747015421.0
1kkhb2w,1,I'm on the hunt for amazing games I missed and may want to play.,1747015421.0
1kkgulz,0,Best macro to automate farming..,1747013939.0
1kkgulz,1,[removed],1747013939.0
1kkel28,0,"Nintendo reserves the right to brick your console following ""unauthorised use"", in bid to prevent piracy.",1747006725.0
1kkc1c8,0,Vilweb - A Games Media Simulator.,1746999344.0
1kk9pxc,0,How many games do you have in your steam library..,1746993240.0
1kk9pxc,1,[removed],1746993240.0
1kk89em,0,Drop a quote from your favourite game..,1746989442.0
1kk89em,1,[removed],1746989442.0
1kk7cy6,0,Launched a steam page for my incremental game Antivirus PROTOCOL.,1746987080.0
1kk6xgx,2,"For anyone looking for an interesting ride that strikes some unique chords, I cannot recommend Inscryption enough; it's an indie horror/comedy deck-builder card game with roguelike elements and more puzzles than you can shake a stick at.. and as you can probably tell by that description, it is a strange and complex little beast.",1746985985.0
1kk6xgx,3,"If there's one thing that I love most about it, it might just be the sheer amount that it accomplishes without a massive Ubisoft/Rockstar/The Other Big Ones/Naughty Dog level budget.",1746985985.0
1kk66u0,0,"Ellie &amp; Joel, a short edit from Part 1..",1746984072.0
1kk5lzb,1,"The end credits of these older games are fantastic time capsules to look back on, makes me a little emotional thinking about how passionate game development was, even under a studio like Ubisoft at the time.",1746982569.0
1kk5jb6,1,"An era of game development long gone, love these time capsules that are the credits.",1746982370.0
1kk4tjh,0,"In Death Stranding, Guillermo del Toro appears in your shower.",1746980476.0
1kk4tjh,1,He'll stay there too while you check yourself in the mirror.,1746980476.0
1kk420f,0,Asmongold and Hasan owned by the same company?.,1746978443.0
1kk420f,1,[removed],1746978443.0
1kk40o4,0,How many different games do you like to play simultaneously?.,1746978342.0
1kk40o4,1,[removed],1746978342.0
1kk34pj,0,"What game is the easiest to learn, but has an incredibly high skill gap?.",1746975956.0
1kk34pj,1,Just something I was thinking about playing smash Bothers as it’s pretty easy game to learn overall,1746975956.0
1kk335s,2,Or maybe anime/manga/gaming-themed?,1746975839.0
1kk335s,3,Prose &amp; Codes makes fun to play but most of the literature mentioned there is a lost cause for me :D,1746975839.0
1kk1dwm,0,Grand theft auto car glitch if you want add me on ps5 only ONLYGUNFANSHAHA.,1746971176.0
1kk1dwm,1,[removed],1746971176.0
1kk05qn,1,"I've never been the type of person to have a gaming backlog, but I've always heard this concept all over the internet.",1746967392.0
1kk05qn,2,I guess I just don't carry around a desire to play a game for very long.,1746967392.0
1kjz0z0,0,Former Rockstar Games Developer Reveals Grand Theft Auto 6 Has Been In Development since 2018.,1746963528.0
1kjynmx,0,My copy of Doom the Dark Ages shipped early!.,1746962133.0
1kjynmx,1,I got super excited when I got the email that my copy of Doom is expected for delivery on Monday!,1746962133.0
1kjy963,0,Tell me why you like GTA and why it's so special?,1746960590.0
1kjy963,1,And why do you think GTA 6 is the game many people are hype for?.,1746960590.0
1kjy2fx,0,Do you think the US movie tariffs will be expanded to video games?.,1746959824.0
1kjy2fx,1,[removed],1746959824.0
1kjxmyn,0,Happy 20th Anniversary to the legend himself.,1746958045.0
1kjuzij,0,Why don't they make really good Video games based on Movies anymore?.,1746946943.0
1kjuzij,1,"Twenty years ago , they used Have Games based on movies all the time , and even if they weren't perfect , there were still fun to play.",1746946943.0
1kjudn1,0,Anyone else find it hard to get into newer games?.,1746944449.0
1kjudn1,1,[removed],1746944449.0
1kjrfsr,0,Which movie series spawned the best games?.,1746933364.0
1kjrfsr,1,I was listening to this topic on a podcast recently: Which movie franchise has spawned the best video games?,1746933364.0
1kjrcyh,0,"Having an open Nintendo account, you Agree to the new terms..",1746933081.0
1kjqomw,0,Kid threw Xbox controller I use for PC gaming.,1746930737.0
1kjqomw,1,"Blinks, but doesn’t connect to Bluetooth anymore.",1746930737.0
1kjpwt5,0,Mortal Kombat Franchise Sale!.,1746928115.0
1kjpsxw,0,Mortal Kombat Franchise Sale!.,1746927755.0
1kjokap,0,"The Brown Crown: Fantastic Contraption's Most Competitive Tradition. 3 hour documentary for an annual competition held for Fantastic Contraption, an online flash game that was released in 2008",1746923647.0
1kjm0ew,0,Best “pick up and go” ps4 games?.,1746915789.0
1kjm0ew,1,Looking for a fun game on my ps4 that doesn’t have a bunch of back story or cut scenes or anything else.,1746915789.0
1kjl8c9,0,MoistCr1TiKaL's Top 20 Worst Games Ever Made.,1746913587.0
1kjkglh,0,"Games that ""you have to go in blind"" that you've ended up not enjoying?.",1746911453.0
1kjkglh,1,[removed],1746911453.0
1kji0ht,1,I'm trying to narrow down my list of games to play!,1746904701.0
1kji0ht,2,"I've played the liked of RDR2, Spiderman, and some other RPGs and shooters.",1746904701.0
1kjhaoi,0,Have you ever had a game experience that was completely wrong but at the time you thought it was normal because you were new to the game?.,1746902736.0
1kjhaoi,2,I didn’t get it day 1 but maybe a week or two after release because all my friends were talking about how awesome it was and the funny “Bethesda jank” it had.,1746902736.0
1kjefvw,0,What's everyone playing this weekend?.,1746895084.0
1kjefvw,1,I'm personally going to be playing Against The Storm.,1746895084.0
1kjdgco,0,If this song comes on somewhere every dude in the area gives each other a slight nod..,1746892403.0
1kjctoq,0,ULTIMATE COMP™ CHIPS BONUS.,1746890714.0
1kjc0jn,0,"you people need fucking therapy, what the fuck is actually wrong with you?.",1746888512.0
1kjc0jn,1,https://preview.redd.it/r2lz18t1wyze1.png?width=1080&amp;format=png&amp;auto=webp&amp;s=8c0a8d640a0d3bddf4cce0e0f7587b58cf9e6994 what on earth makes you fucking think this is ok?,1746888512.0
1kjb4xh,0,"Since the GTA6 subreddit is heavily policed, I have a theory I want to share.",1746886095.0
1kjb4xh,2,And instead of starting from Yankton we start in Los Santos and his cover gets blown so he has to move jurisdiction?.,1746886095.0
1kj8qft,0,5/9(金)アップデート：新水着登場！.,1746878831.0
1kj7rnr,0,What’s the most a game has ever disrespected you?.,1746875370.0
1kj7rnr,1,"I’ve been humbled by many a video game, but what’s the worst a game has fully disrespected you?",1746875370.0
1kj5b0g,0,Shout out to the mf that owns steam.com.,1746864917.0
1kj5b0g,1,[removed],1746864917.0
1kj3v39,1,"Both sets of games are just under 8 years apart, and 2 console generations apart FFVII released for the PS1 in 1997, vs FFXIII on PS3 in 2009.",1746858902.0
1kj3v39,2,"GTA V released for the PS3 in 2013, vs GTA VI on PS5 in 2026 (assuming no more delays)",1746858902.0
1kj39y7,0,What’s the saddest moment in a multiplayer game?.,1746856560.0
1kj39y7,1,[removed],1746856560.0
1kj2n9h,0,Keep track of games (any game).,1746854062.0
1kj2n9h,1,Do you guys write down notes for your games?,1746854062.0
1kj1ptw,0,Buying ubisoft games in another region while physically there.,1746850597.0
1kj1ptw,1,I am from EU and have an EU ubisoft account.,1746850597.0
1kj1ktc,0,I just want to give a big recommendation for the game Look Outside.,1746850095.0
1kj1ktc,1,"I’ve been absolutely hooked on this new game the last week and completely in love with it and wanted to recommend it because it’s a brilliant indie, it’s cheap and unfortunately for a lot of great indies they go under a lot of radars and I hope this sheds some light on a game people will really enjoy but may have never come across it.",1746850095.0
1kj14ys,0,"Here's a list of every video game that's been inducted into the Hall of Fame by The Strong National Museum of Play — a highly respected, privately run museum located in Rochester, New York.. 2015 Inductees: * **Doom** (1993) *",1746848591.0
1kj14ys,9,* **Space Invaders** (1978) 2017 Inductees: * **Donkey Kong** (1981) * **Halo: Combat Evolved** (2001) *,1746848591.0
1kiyi3r,0,"Bandai Namco Entertainment America Sued For Allegedly Exposing Customer Viewing &amp; Buying Habits Without Consent, Follows Dismissed Case Against Ubisoft.",1746839757.0
1kixhut,1,**How to redeem:** 1.,1746836587.0
1kixhut,2,Navigate to the Xbox redemption site [redeem.microsoft.com ](http://redeem.microsoft.com/).,1746836587.0
1kiwul2,0,"(Regarding next Halo): Does the Studio, or Xbox have final say on choosing UE5?",1746834640.0
1kiwul2,2,"Please understand I’m looking for thoughtful replies and not arguments on engines or games: Playing Indiana Jones Great Circle last year, and Doom: the Dark Ages coming soon, both on branches and a new version of Id Tech, and play well and look great… and are first person.",1746834640.0
1kit6mj,0,What game completely exceeded your expectations?.,1746824378.0
1kit6mj,1,Death stranding - who knew a walking simulator could be so enjoyable and what a story.,1746824378.0
1kirjes,1,"I also don’t know who those two flying kids are to the right, so bonus points if you can tell me who they are.",1746820191.0
1kirhdu,1,[removed],1746820043.0
1kiqcco,3,I turn 45,1746817101.0
1kiqcco,4,and yes im greying already.,1746817101.0
1kiq4e4,1,I love a premium boxed game with extra little bits.,1746816528.0
1kiq4e4,3,You either have the basic base game or some £200 “collectors edition” that’s some tacky plastic figurine.,1746816528.0
1kiow93,0,Baldur's Gate - The Friendly Arms Inn - Classical Guitar Cover (by Dominik Pokorný).,1746813428.0
1kinte6,0,Elements of video games that make you say “NOPE”..,1746810718.0
1kinte6,1,Optional superbosses.,1746810718.0
1kinh4t,0,"Nintendo secured US patent against Palworld after informal agreement with patent examiner, might file multi-patent US lawsuit in months.",1746809892.0
1kinf9p,0,What are YOUR favourite Games released past 2020 - that ran great against all odds?.,1746809761.0
1kinf9p,1,[removed],1746809761.0
1kimyjs,0,Karlach VS a Man or a Bear.,1746808608.0
1kilkap,0,Death Stranding 2: Metal Gear.,1746805170.0
1kilkap,1,Looks like from the previews they're expanding on the combat from late game in Death Stranding.,1746805170.0
1kil2iq,0,Forza Horizon 5 is Xboxs fastest selling game on Playstation so far with 1.2 million copies sold.,1746803935.0
1kil2iq,1,It's selling twice as fast as Sea of Thieves and way faster than Indiana Jones.,1746803935.0
1kik1x3,0,What’s an underrated game in a popular franchise that deserves more love?.,1746801405.0
1kik1x3,2,This game delivers.,1746801405.0
1kihs6s,0,My responsibilities when Death Stranding 2 drops.,1746795296.0
1kihs6s,1,[removed],1746795296.0
1kig934,0,"What was the name of that very old game where a strange creature jumped across sinking leaves from one corner of the screen to the opposite one, collecting colored balls?.",1746790435.0
1kig934,1,I can't remember any more details.,1746790435.0
1kifzqj,0,Someone help.,1746789524.0
1kifzqj,1,[removed],1746789524.0
1kifz1c,0,Please help.,1746789454.0
1kifz1c,1,[removed],1746789454.0
1kiej4q,0,"Clair Obscur: Expedition 33, the soundtrack has just hit #1 on Billboard’s Classical Album Charts.",1746783885.0
1kie9if,0,"For a moment, the clickbait got me....",1746782715.0
1kie9if,1,"I saw this while browsing Taobao (think of it as the Chinese Amazon, except... more).",1746782715.0
1kidnwn,0,Its good to be back.,1746780085.0
1kidit5,0,Wishlist Campaign Finals.,1746779432.0
1kid4pu,0,Anyone else get NieR vibes from Expedition 33?.,1746777657.0
1kid4pu,1,[removed],1746777657.0
1kid2ab,0,Assassin's Creed: Brotherhood (2010) - Ezio waits for the right moment to strike.,1746777355.0
1kicomy,1,[removed],1746775626.0
1kic1aa,0,What is that one game you liked as a kid and found bad as an adult?.,1746772887.0
1kic1aa,1,[removed],1746772887.0
1kibzo0,1,"The game came out a couple of nights ago, Art wise the game is mainly with clay and cardboard that been animated using the stop-motion technique.",1746772698.0
1kibzo0,2,I love stop motion,1746772698.0
1kibypr,1,"I dont think I've seen anyone post this yet, but in Expedition 33 there is a picture of the main dev team, sandfall studios including the dog, in a side room in the Manor.",1746772587.0
1kibypr,2,"Thought it was cool, wanted to share.",1746772587.0
1kibfec,1,"Use this post to discuss life, post memes, or just talk about whatever!",1746770432.0
1kibfec,2,This thread is posted weekly on Fridays (adjustments made as needed).,1746770432.0
1kib9fn,1,[removed],1746769775.0
1kia9ma,0,Getting tired of monitization in games.,1746765912.0
1kia9ma,2,I get that games need to make money to keep the servers up.,1746765912.0
1kia1mm,0,Playing Skyrim for the first time.,1746765111.0
1kia1mm,1,Anyone know why these 3 were so rude!?!.,1746765111.0
1ki9ri2,0,I love Burning Shores' epic clouds.,1746764087.0
1ki9ri2,1,Every single time I boot up Burning Shores to shoot robot dinosaurs I'm amazed at how epic the clouds feel in this DLC.,1746764087.0
1ki9ri2,0,I love Burning Shores' epic clouds.,1746764087.0
1ki9ri2,1,Every single time I boot up Burning Shores to shoot robot dinosaurs I'm amazed at how epic the clouds feel in this DLC.,1746764087.0
1ki94dj,0,How to Upload Long Images for Showcases [Featured works].,1746761838.0
1ki8wv3,0,Videojuego RPG cubano.,1746761123.0
1ki8wv3,1,[removed],1746761123.0
1ki7rr7,0,[Serious] Looking for a calm cozy game that I can play with my wife..,1746757350.0
1ki7rr7,1,"So my wife and I recently lost one of our kitties, and at time the grief has been crippling for both of us.",1746757350.0
1ki7ie5,0,Only the best franchises on gaming.,1746756510.0
1ki7e7r,0,What's your favorite game that you haven't beat?.,1746756136.0
1ki7e7r,1,[removed],1746756136.0
1ki6a4j,0,Pro tip for anyone who wants to skip the permission window when launching a game as administrator and shouldn't take more than 2-3 minutes to setup.. 1.,1746752569.0
1ki6a4j,2,Search in Windows and it should come up with a clock icon.,1746752569.0
1ki5tw3,2,[removed],1746751170.0
1ki5nis,0,What game were you playing when your 360 got the RRoD?.,1746750615.0
1ki519n,0,Hey guys how do I look?.,1746748716.0
1ki4qvg,0,"I want to start reviewing games, what do YOU want to see in a game review?.",1746747870.0
1ki4qvg,1,[removed],1746747870.0
1ki4gdi,0,"Since people are raving about how hot Lucia and Jason (GTA VI) are, who do you consider the hottest couple in gaming?.",1746747008.0
1ki4dox,0,What’s a game that you’ll never play again but you miss dearly?.,1746746790.0
1ki3nrl,0,Buy gift keys and sit on them if you want to support indie devs.,1746744734.0
1ki3nrl,1,I see people talk about how they can do more to support indie devs who deserve the love.,1746744734.0
1ki3kfl,0,This is what happens when ChatGPT tries to coach a streamer in a competitive FPS....,1746744476.0
1ki3j54,0,Important update regarding THPS4 !.,1746744376.0
1ki3j54,1,"In what’ll be good news for those crying foul over the big, seismic changes to the format of Pro Skater 4, among the accessibility toggles for both games is an option to extend a run’s duration beyond the standard two minutes and up to an hour.",1746744376.0
1ki2o5e,0,GTA VI Triggered Me.,1746742020.0
1ki2o5e,1,I enjoy gaming.,1746742020.0
1ki2eu3,0,Muting Musik in Games.,1746741328.0
1ki2eu3,1,"I wish game devs would understand that when I move the music slider to 0, it means that I want to remove any background music from the game to increase immersion.",1746741328.0
1ki2deb,0,Man I can’t wait to play Tralalero Tralala.,1746741227.0
1ki22ow,0,race game based on progression and customization ?.,1746740462.0
1ki22ow,1,"I've been into race games recently, namely burnout paradie re, ms pacific rift and a few others.",1746740462.0
1ki1oba,0,May 15 for first expansion content for Kingdom Come: Deliverance 2.,1746739428.0
1ki1keu,0,Expedition 33 is an accessible way for people to get into souls games.,1746739152.0
1ki1keu,1,It’s atmosphere and vibe is souls-ish but a way easier entry point for people who can’t handle the combat and I think it’s great,1746739152.0
1ki01gc,2,[removed],1746735341.0
1khzwjr,0,"Good games trapped on PS3- MGS4, Killzone and Resistance.",1746735004.0
1khzwjr,1,"We are always complaining about being flooded with tons of remasters and remakes nowadays, but to be honest, there are some hard hitters that would truly benefit from a proper treatment like the recent Oblivion remaster that took the gaming scene by storm.",1746735004.0
1khz303,0,I made Halo game covers as wood wall pieces.,1746732994.0
1khz303,1,I hope you like them..,1746732994.0
1khypcx,0,"Sony Group Corporation, Bandai Namco Holdings, and Gaudiy Have Begun a Strategic Partnership to Invest and Cooperate in Building the Future of Entertainment.",1746732059.0
1khyf14,0,Days Gone Remastered makes me want a sequel again.,1746731353.0
1khyf14,1,I tried out the remaster and 5 hours had passed before I even knew it.,1746731353.0
1khy1en,0,Please tell me what the backing to this Mashup is from?,1746730442.0
1khy1en,1,It feels so familiar but I can't put my finger on it..,1746730442.0
1khxv7g,0,should u pre-order a Switch 2 now before the prices increase?.,1746730010.0
1khxv7g,1,As written above.,1746730010.0
1khxtrh,0,What are some celebrities you'd like to see as guests in fighting games?,1746729914.0
1khxtrh,1,"(Note: Mine is just mostly people I know who do MA arts, not the ""rule to the game"").",1746729914.0
1khxpaq,0,"Despite numerous technical complaints, Scarlet and Violet now among the best-selling Pokémon games ever.",1746729614.0
1khxbdj,0,"I deeply love and appreciate the harsh but genuine lens that GTA depicts our society through, it's an incredibly charming horror show and VI has me anxious to dive in.. https://preview.redd.it/t5ghph0qolze1.jpg?width=3840&amp;format=pjpg&amp;auto=webp&amp;s=0327cdbf68ba421eca9c5b05a01a446d5504d4db &gt;!It's truly something special.!&lt;",1746728686.0
1khxb50,0,"Valve Issues Cease And Desist To Counter-Strike: Classic Offensive Mod Team After Previously Giving Approval, Shutting Down 8 Years Of Development.",1746728670.0
1khx3iw,0,Crowd cheers as red smoke at Vatican announces new Nintendo Direct is coming soon.,1746728155.0
1khwy2p,0,Oh no.,1746727799.0
1khwjfv,0,Every 00's kid.,1746726847.0
1khwe3o,1,"Here’s the f*cking recipe you lazy ass triple A sons of bitches studios, that steal our money with hopes and dreams, and deliver botched ass releases and horrible monetization: Recipe: * its NOT a $70 game.",1746726497.0
1khwe3o,3,* its even got discounts that take it down to $30- ON LAUNCH.,1746726497.0
1khvmqs,2,"in the picture, i decided to use a skill called bulletstorm (by using a player ammo bag, you get unlimited ammo depending on how much of your ammo was restored) and a grenade launcher loaded with gas grenades.",1746724682.0
1khuwzy,0,Why don't we get much behind the scenes for Rockstar's games?.,1746722929.0
1khuwzy,1,[removed],1746722929.0
1khuved,0,Trying To Win Solo Battle Royale When THE FLOOR IS LAVA in fortnite!,1746722825.0
1khuved,2,[removed],1746722825.0
1khuss8,0,I couldn’t help but notice the similarities in combat between Expedition 33 and AlphaDream’s Mario &amp; Luigi.,1746722648.0
1khuss8,1,"Both of them have unique attacks, especially stronger ones you can unlock further down the line, they are turn-based, they both are able to react to the enemy’s attacks with parries, dodges, and counters (I like to call it Reactive Turn-Based).",1746722648.0
1khumck,0,Expedition 33 has a fun story but the overall game is not a masterpiece.,1746722223.0
1khumck,1,"This game is getting the same treatment that Breath of the Wild, The Witcher 3, and Elden Ring are getting where there is nothing but blind praise for the game and it’s a masterpiece.",1746722223.0
1khuk3h,0,New strategic game Europa Universalis V is now officially announced.,1746722079.0
1khu2ho,0,The certificate of completion the Gameboy printed out when you completed your Pokédex..,1746720886.0
1khtxyp,0,I tried to draw the default male from Old School RuneScape.,1746720581.0
1khtbtd,0,Mechanics/ Tools in games that only become good on harder difficulties?.,1746719073.0
1khtbtd,1,I was playing left 4 dead 2 when i realized that the magnum in that game works just like this.,1746719073.0
1khsz1o,0,Are games becoming too demanding?.,1746718186.0
1khsz1o,1,What I mean by this question is that games are taking longer and longer to develop now that technology has progressed.,1746718186.0
1khsd2c,0,Mafia: The Old Country - “Whatever it Takes” Gameplay Trailer.,1746716697.0
1khscvw,0,Mafia: The Old Country - “Whatever it Takes” Gameplay Trailer.,1746716685.0
1khsboh,1,Does anyone have the a new Samsung or LG TV they use for cloud gaming?,1746716600.0
1khsboh,3,I’m looking for a new tv and debating on which one to get.,1746716600.0
1khsa6p,0,"Which video game best encapsulates the Back To The Future line ""Guess you guys aren't ready for that yet, but your kids are going to love it.""?.",1746716498.0
1khsa6p,1,[removed],1746716498.0
1khs82b,0,Kingdom Hearts 2. Is it just me or does this game have the longest intro?,1746716365.0
1khs82b,1,I played alot of video games but never encounter one that is like this one.,1746716365.0
1khrraa,0,World Video Game Hall of Fame inductees for 2025:,1746715181.0
1khrm7r,1,And This Is Honestly Already One Of The Best Games Ive Ever Played In My Entire Life.,1746714825.0
1khrjp8,0,"As a grown adult gamer, I find so much joy in playing colorful and stress-free kids games and I don’t exactly know why.",1746714645.0
1khrjp8,1,Kids games were a big part of my childhood and they continue to be something I enjoy even as I approach 30.,1746714645.0
1khr3g8,0,"Gaming has become an important reason for us to improve ourself as a society, and we should be grateful for that.",1746713500.0
1khr3g8,1,[removed],1746713500.0
1khqmhh,0,"If you were paid $1,000,000 in exchange for being able to only play 5 different video games for the rest of your life, which ones would you pick?.",1746712269.0
1khqmhh,1,[removed],1746712269.0
1khqdz4,0,Gaming LPT: Have a game you own but never seem to muster up any enthusiasm to install and play it?,1746711633.0
1khqdz4,1,Find the subreddit for the game and subscribe.,1746711633.0
1khq6fk,0,What’s better rust or dayz on pc?.,1746711048.0
1khq6fk,1,[removed],1746711048.0
1khq2mq,0,Are there any game you enjoy but can't binge?.,1746710757.0
1khq2mq,1,"When I played Elden Ring, I played it almost nonstop, reaching 130 hours in 2 weeks.",1746710757.0
1khpu7d,0,Death Stranding 2's Version Of Australia Is Bloody Great,1746710133.0
1khpu7d,2,Sounds like Death Stranding 2 captured the spirit of Australia.,1746710133.0
1khp1tk,0,"Just months after reportedly cancelling two live service games in development, Sony announces a new PlayStation studio with a live service game in development.",1746707880.0
1khp101,1,To help people understand whats going on.,1746707808.0
1khp101,4,[removed],1746707808.0
1khoo4y,0,why did tony and furio drift apart as the series progressed?.,1746706734.0
1khoo4y,1,"they used to go on so many side quests together, furio even got dinner with tony and his family which is huge.",1746706734.0
1khok5d,0,"For non Playstation gamers, this is how it is to a PS Store user rn.",1746706389.0
1khoe6o,0,For those that come after.,1746705873.0
1kho9jn,0,Special Movement &amp; Tactics.,1746705483.0
1kho4mw,1,How a 'haunted' N64 video game cartridge terrified children around the world.,1746705039.0
1khn7rb,0,"Palworld developer says Pokémon lawsuit will prompt more ""disappointing"" changes, as it continues to ""dispute"" claims.",1746701894.0
1khn4uc,0,What's up with EA saying they're relieved GTA got delayed?,1746701601.0
1khn4uc,1,Isn't it now much closer to the new Battlefield release?.,1746701601.0
1khlxij,1,[removed],1746696853.0
1khlx4v,0,Game of the Year 2025.,1746696805.0
1khlw1k,0,What is going on with DOOM The Dark Ages pricing?.,1746696666.0
1khlw1k,1,[removed],1746696666.0
1khlmxb,2,Some of these fights should feel longer or scalings need to be reworked.,1746695558.0
1khlmxb,3,I do enjoy the power fantasy to a certain degree but I'd honestly rather be forced to get gud rather than knowing I can just deal 500 mil in one turn with Maelle.,1746695558.0
1khlfep,0,"ConcernedApe admits he might “eventually make a Stardew Valley 2”, but more free updates for the original are “easier”.",1746694655.0
1khld1a,0,"Whoever wins the trade war, gamers lose.",1746694351.0
1khl8fn,0,Can someone help me find this game I played as a kid?.,1746693777.0
1khl8fn,1,"This is a really hard one, I have tried to research multiple times and also asked chatgpt a lot",1746693777.0
1khl2v4,1,[removed],1746693066.0
1khkl8h,0,Nintendo expects to sell 15m Switch 2 in the first year.,1746690876.0
1khkk0q,1,Would you say it's a 'one shot' game?.,1746690724.0
1khkk0q,2,"I remember the first time I played it, absolutely loved it, the discovery, the journey, the tension.",1746690724.0
1khkbqj,0,"GTA6 Lucia's real model, jaelanijade, doing a ""True Casting Cosplay"" of her character.",1746689697.0
1khkbqj,1,(I wanna bring that sub back.).,1746689697.0
1khk4se,0,"Bandai Namco sees 995% annual growth in video games profit, bouncing back from MMO losses and cancelled projects.",1746688826.0
1khk2tx,0,What are some things you want to see in Grand Theft Auto 6?.,1746688599.0
1khk2tx,1,"For me, something GTA5 didn't have but Cyberpunk 2077 did: A heavy metal station.",1746688599.0
1khjz8a,0,Know any indie games adapted into movies or TV?.,1746688150.0
1khjz8a,2,Had an interesting discussion recently and it got me wondering: are there any indie games that have been adapted into movies or TV series?,1746688150.0
1khjr9c,0,Nintendo Switch hits 152 million sold.,1746687226.0
1khjr5a,0,Change to gliding in Palworld due to the Pokemon lawsuit.,1746687214.0
1khjr5a,1,[removed],1746687214.0
1khje0d,0,What’s a game you wish got a offline / final end of life update?.,1746685700.0
1khje0d,1,[removed],1746685700.0
1khiydi,0,maxsky5 - Gaming.,1746683934.0
1khiumz,0,maxsky12 - Check out this game on GameVault.,1746683512.0
1khiqbo,1,"Is that just what life is like over there so they don't see things like ""aliens shitting up the planet so hard it causes monsters to shit it up worse.""",1746683030.0
1khiqbo,3,That's a fantastical adventure full of blissful escapism to the eastern european whose life is filled with far worse.,1746683030.0
1khihpl,1,[removed],1746682083.0
1khig7m,0,I made a 8 bit Mario out of wood!.,1746681916.0
1khe2gt,0,"You got something to say, Lune?!.",1746667192.0
1khd7ta,0,"What new features from GTA 4,5,(6 if there is any features announced) got you excited about the game when it was upcoming?.",1746664591.0
1khd7ta,1,"First to preface it, this is not another one of those I don't care about gta, I'm so cool posts.",1746664591.0
1khd29h,1,"Idk if this counts as a spoiler really since its in the tutorial area, but i seen jokes about a normal trash can a while back",1746664128.0
1khd29h,2,so i had to take this picture.,1746664128.0
1khbkyz,0,I made this for gamers who hate leaving their consoles 😂 Would love feedback!.,1746659819.0
1khbkyz,1,[removed],1746659819.0
1khb7du,2,"These series all have single digit games, at least in terms of following the mainline formula.",1746658750.0
1khb7du,3,Is there a game series that you can say has no bad entries with *10* or more entries?,1746658750.0
1khb4ay,0,the game turned movie,1746658516.0
1khb4ay,1,id actually want.,1746658516.0
1kha2k1,0,For a decade old game W3 still looks great.,1746655680.0
1kha2k1,1,"I booted up an old Witcher 3 save to bask in some nostalgia and was struck by how good this game looks, even all these years later.",1746655680.0
1kh8onw,0,The Outer Wilds developers are making a new game.,1746652151.0
1kh8onw,0,The Outer Wilds developers are making a new game.,1746652151.0
1kh8brd,0,"Push back against AI hurts indies, and empowers large studios.",1746651275.0
1kh8brd,1,"Push back against AI hurts indies, and empowers studios.",1746651275.0
1kh806o,0,Cute Kawaii Dog Shih tzu Jiu jitsu MMA Meme.,1746650493.0
1kh7l7d,0,Should I bother switching to PC after playing Xbox most of my life?.,1746649474.0
1kh7l7d,1,[removed],1746649474.0
1kh7h8q,2,"Hi, so this is a game of fuzzy minesweeper, where value of bomb can range anywhere from 0.1 to 1.0, and if you step on one mine (ie if sum of all mines you stepped on add upto 1) you loose.",1746649211.0
1kh7h8q,3,"Note: screenshot is of an older version, and this version has some changes(ie a hint system)",1746649211.0
1kh7cdn,0,Former Dragon Age developer Says BioWare And EA Were Too Focused On Anthem and starved out the Dragon Age team..,1746648878.0
1kh7aoq,1,[removed],1746648767.0
1kh6y0n,1,"I want to introduce my son (9yrs) to the wonderous world of RTS games, but he has no experience in pc gaming (keyboard+ mouse).",1746647950.0
1kh6y0n,2,"I don't want to overwhelm him, so I'm looking for a game that's a good starter game and has some options to play together (coop preferably)",1746647950.0
1kh6vyp,0,Games that let you build and raid dungeons?.,1746647807.0
1kh6vyp,1,Hey so I’ve had an itch lately for a game with 3d combat that lets you build medieval fantasy dungeons as well as raid other dungeons built by other players.,1746647807.0
1kh6a9d,0,I made a wood wall art portrait of Veigar from League of Legends.,1746646301.0
1kh6a9d,1,I hope you like it..,1746646301.0
1kh60cx,0,Not sure I'll be around for the next one.,1746645627.0
1kh5qdp,0,Current state of story-driven games?.,1746644957.0
1kh5qdp,1,[removed],1746644957.0
1kh5hw0,0,Counter Strike: Classic Offensive is cancelled.,1746644412.0
1kh5hc8,1,[removed],1746644376.0
1kh5h8i,0,Classic Offensive is cancelled.,1746644368.0
1kh55ww,0,Just got 5G,1746643601.0
1kh55ww,1,and I can't stop downloading.,1746643601.0
1kh55f8,0,Digital Foundry GTA 6 trailer analysis.,1746643572.0
1kh55f8,1,Normally don't post these here but given the insane focus on this game I figure people may appreciate it.,1746643572.0
1kh4ta7,0,Gaming history will soon be defined by Pre-GTA 6 &amp; After GTA 6.. Grand Theft Auto 6 is about to shake up the whole industry.,1746642749.0
1kh4ta7,1,Next year gaming will change forever.,1746642749.0
1kh4ne9,0,What’s a game you picked up with low expectations that completely blew you away?.,1746642351.0
1kh4ne9,1,[removed],1746642351.0
1kh4ju3,0,GTA VI trailer 2 was nice but remember....,1746642116.0
1kh4b3p,0,Just completed Castlevania lords of shadow 1.,1746641533.0
1kh4715,1,[removed],1746641275.0
1kh3qcu,2,"Three years ago, my friends at Troglobytes started with just an idea, and after years of hard work, their game is finally out.",1746640176.0
1kh3qcu,3,Here’s the Early Access Launch Trailer for RailGods of Hysterra!,1746640176.0
1kh3kbc,1,[removed],1746639783.0
1kh3hk7,0,"Gamer Depression, need help.",1746639607.0
1kh3hk7,1,[removed],1746639607.0
1kh3guh,0,This young fellow was peak good old Kratos in best form Art by me.,1746639559.0
1kh3epq,0,What game had the best loading screens?.,1746639420.0
1kh3epq,1,"Like the title says, games with great screenshots, really helpful tips, fun mini games, etc.",1746639420.0
1kh3dui,0,Was in GameStop back then this game came out Dead Space what a treasure Concept Art by me.,1746639361.0
1kh3cmt,0,We were young and free bought back then my first Xbox 360 thx for all chiefmaster art by me.,1746639281.0
1kh3chs,1,[removed],1746639272.0
1kh3b1q,0,"[Steam] EA Publisher Sale: Battlefield™ 1 ($1.99/95% Off), Titanfall® 2 ($4.49/ 85% Off), Mass Effect™ Legendary Edition ($5.99/90% Off) Need for Speed™ Heat ($6.99/90% Off), &amp; more.",1746639173.0
1kh3ame,0,"Despite playing Skyrim for over 10 years, I never saw this easter egg until now!.",1746639145.0
1kh3a03,0,"Despite playing Skyrim for over 10 years, I never saw this easter egg until now!.",1746639105.0
1kh33jh,0,Hope some day a good tomb raider game will come back Created this concept scene.,1746638673.0
1kh30p4,0,Was excited for oblivion remaster drew this.,1746638477.0
1kh2yds,2,Please give FEEDBACK!,1746638328.0
1kh2yds,3,I need it..,1746638328.0
1kh2u9m,0,Diablo 4’s new Berserk skins cost more than double the price of the game and its DLC.,1746638060.0
1kh2suy,0,Resident evil fanart by me.,1746637965.0
1kh2p5x,0,"When you beat a fire game in a week or two, but the devs haven't announced any new content yet....",1746637712.0
1kh2g7r,0,FTC loses appeal on Activision Blizzard deal.,1746637141.0
1kh2am0,0,What should I get to play games on ps5 switch or a pc.,1746636761.0
1kh2am0,1,[removed],1746636761.0
1kh201t,0,You know these scenes guys fan art by me Dark Souls.,1746636051.0
1kh1yo0,0,Dead space concept Art by me.,1746635961.0
1kh1xjg,0,The Witcher fan Art by me.,1746635886.0
1kh1uyz,0,Rise of a Sith Fan Concept Art by me (Anthony Catillaz) will Share more art from time to time.,1746635707.0
1kh1jxw,0,The Nintendo Switch didnt need any Call of Duty or GTAV to do this.,1746634962.0
1kh1j24,0,The Nintendo Switch didnt need any Call of Duty or GTAV to do this.,1746634903.0
1kh0o7y,0,"Super Technos World: River City &amp; Technos Arcade Classics, there are two full blown rpgs on here without an English translation..",1746632856.0
1kh0o7y,1,"Just wanted to let anyone know who was unaware, I'm surprised this isn't mentioned in the description.",1746632856.0
1kh0hdb,0,Anyone who played ICO (pal version) can help me with the waterwheel puzzle?.,1746632389.0
1kh0hdb,1,I'm not talking about the part where you jump on the piston to launch ICO high.,1746632389.0
1kh0bxu,0,dmt vape pen.,1746632019.0
1kh07hz,0,How to Use Mithril in Whiteout Survival (&amp; Get More).,1746631728.0
1kh04kg,0,"GTA VI will be the most realistic, detailed and immersive video game ever made..",1746631529.0
1kh04kg,1,But cops still won’t pull you over for speeding or running red lights.,1746631529.0
1kgzkdz,0,Which Should I Buy.,1746630187.0
1kgzkdz,1,I have finally cleared out some backlog games which means I can add more to the collection!,1746630187.0
1kgzasg,1,[removed],1746629539.0
1kgz5ch,0,[Discussion] Found 5 Awesome Browser Games to Play During Work Breaks.,1746629150.0
1kgz5ch,1,[removed],1746629150.0
1kgz04l,1,It just went on sale for $20.,1746628782.0
1kgz04l,4,I've had it on my favs for a while and it just went on sale for $20.,1746628782.0
1kgxuhd,0,Friend mocks me for playing on PC.,1746625804.0
1kgxuhd,1,"And yes I know you're all going to say ""why are you friends with this person"".",1746625804.0
1kgxnbr,0,Fun Reminder that GTA 5 was a PS3 game.,1746625270.0
1kgxkd7,1,https://www.kickstarter.com/projects/nearstudios/hawthorn I have been looking forward to this game for a while and they just launched their Kickstarter.,1746625051.0
1kgxkd7,2,"The art style looks fantastic, and a co-op, ""class"" based village builder/farm sim looks like a super fun idea.",1746625051.0
1kgxigq,1,Do you know any?,1746624910.0
1kgxigq,2,"I mean games that aren't puzzle games, but have a mode where you'll be dropped into a pre-designed scenario using most or all of the mechanics from the regular game, and you have to complete some challenge like ""win in 1 turn"" Some genres that do this are tile matching games (numba, tidalis, lumines) and trading card games (eternal, magic duels of the planeswalkers)",1746624910.0
1kgxdwj,0,Expedition 33 - Hhard that Sandfall Interactive recruited on Reddit; anyone aware of the threads?.,1746624562.0
1kgxdwj,1,"I'm so fascinated by Guillaume Broche and Sandfall Interactive's origin story, and I heard that he recruited some staff members via Reddit.",1746624562.0
1kgxc3u,0,"I’m nostalgic for the old garry’s mod days, so I’m making a game based on those classic deathrun maps.",1746624426.0
1kgxc3u,1,Would you play this?.,1746624426.0
1kgx9co,2,"I recently finished Alan Wake Remastered, and thought of how much I like when games include songs with lyrics at the right moments.",1746624229.0
1kgx9co,3,"Most soundtracks in games are instrumental, but sometimes they just drop a banger at just the right time, and it just elevates the moment.",1746624229.0
1kgwvuw,1,Ever just wanna play a game that has some soup?,1746623180.0
1kgw7d7,1,Why hasn't this been done?,1746621200.0
1kgw7d7,2,"After looking at ST Resurgence and playing through the ME trilogy, this is a very feasible and cool idea.",1746621200.0
1kgw5ls,0,"CD Projekt exec says ""the right thing to do"" is release a real Nintendo Switch 2 cartridge for Cyberpunk 2077, not a game-key card, in message to other studios: ""Do not underestimate the physical edition"".",1746621057.0
1kgw08f,0,Rockstar pitching the GTA VI plot..,1746620607.0
1kgv8go,0,"Gamers with regular 9 to 5 jobs, how do you manage to have complete, healthy 8 hours of sleep and still able to finish all those massive 70 to 100 hour games?.",1746618161.0
1kgv8go,1,[removed],1746618161.0
1kgv6po,0,We need a Simgirl remaster now more than ever..,1746617992.0
1kgupxm,0,"What would you say is your videogame ""home""?.",1746616388.0
1kgupxm,1,"I was thinking, what do I associate with my videogame ""home"".",1746616388.0
1kgupiw,0,A place to chill and meet gamers.,1746616345.0
1kgupiw,1,[removed],1746616345.0
1kgunws,0,Resident Evil but proper building fire standards are being followed.,1746616189.0
1kgug2y,0,A small detail I noticed in the new GTA VI screenshots: parked cars now keep their wheel angle when you leave them - no more auto-centering like in past GTA games!.,1746615450.0
1kgtqmj,0,EA says it ‘feels very good’ about Battlefield’s release now that GTA 6 has been delayed | VGC.,1746612741.0
1kgtpio,0,When i look at a game in the playstation store and want to see screenshots.,1746612617.0
1kgt775,0,What's your favorite roguelike based off an existing game?.,1746610500.0
1kgt775,1,[removed],1746610500.0
1kgt5jy,1,Whoever decided this jump to reach 1 color of lumina was ok though needs to get the Guillotine..,1746610293.0
1kgswi4,0,I killed Tarzan!,1746609206.0
1kgswi4,1,(Watch to the end) #armareforger #gaming #funny.,1746609206.0
1kgsvrg,0,Totally insane..,1746609113.0
1kgs70k,1,[removed],1746606037.0
1kgqtwv,0,Can’t help but feel GTA5 is a pretty boring game..,1746600120.0
1kgqtwv,1,I know it’s an old game,1746600120.0
1kgqdct,0,🧛 Resident Evil Village turns 3 today!,1746598250.0
1kgqdct,1,It’s been three years since we first stepped into Lady Dimitrescu’s shadow..,1746598250.0
1kgq7r6,0,What are you playing Wednesday!.,1746597636.0
1kgq7r6,1,What game's got your attention this week?,1746597636.0
1kgq0nv,0,That other game set in Miami.,1746596820.0
1kgq0nv,1,Scarface: The World is Yours Remember this one from waaaay back?,1746596820.0
1kgpwhp,0,Another trailer about that game set in Miami.,1746596359.0
1kgpwhp,1,[removed],1746596359.0
1kgpmgo,0,Are GTA games worth playing if I love story games like Uncharted or Last of Us?.,1746595265.0
1kgpmgo,1,I've never played GTA.,1746595265.0
1kgpa8n,0,The Devs may want to fix this bug.,1746594008.0
1kgpa8n,1,Cause I don't think they meant for Maelle to do blackface..,1746594008.0
1kgpa8n,0,The Devs may want to fix this bug.,1746594008.0
1kgpa8n,1,Cause I don't think they meant for Maelle to do blackface..,1746594008.0
1kgp36v,0,"Nintendo fans, are you OK?.",1746593262.0
1kgouqz,0,ASUS ROG Ally 2 and ROG Ally 2 Xbox Edition gaming handhelds leaked.,1746592401.0
1kgolhm,0,I think its finally time this happens......,1746591494.0
1kgolhm,1,[removed],1746591494.0
1kgolhm,0,I think its finally time this happens......,1746591494.0
1kgolhm,1,[removed],1746591494.0
1kgodkg,0,Never played a day of GTA in my life.,1746590721.0
1kgodkg,1,All the hype and discussion about GTA VI is lost on me.,1746590721.0
1kgnuia,1,"Hello, I read the rules and couldn’t find clarification whether asking for specific recommendations is ok or not, so if I missed the rule, please link me to the complete rule page.",1746588946.0
1kgnuia,2,I was wondering if anyone had good suggestions for a casual MOBA game.,1746588946.0
1kgnl2y,0,"If you’re lucky enough to have a locally-owned VG store, support them!.",1746588088.0
1kgnl2y,1,The one closest to me is called eStarland.,1746588088.0
1kgnib1,0,I love when the game allows you to pet an animal.,1746587833.0
1kgnib1,0,I love when the game allows you to pet an animal.,1746587833.0
1kgnib1,1,[deleted],1746587833.0
1kgn3rs,0,Grand Theft Auto VI Trailer in 15 seconds.,1746586517.0
1kgm9um,0,What's a game world you'd love to see a TV show/movie take place in?.,1746583898.0
1kgm9um,1,"For me, I'd love to see a series set in Sanctuary from Diablo or maybe, thanks to Secret Level, Armored Cores universe.",1746583898.0
1kgm7bz,0,Guns blazing.,1746583673.0
1kgm7bz,0,Guns blazing.,1746583673.0
1kglyvc,0,New GTA6 trailer looks real life like!.,1746582947.0
1kgloyp,1,[removed],1746582102.0
1kgl3hh,0,Can we get a remastered of this series?.,1746580251.0
1kgklsd,0,GYST Nintendo seriously….,1746578752.0
1kgkctw,1,"Last time I posted, someone recommended I try making Charmander in stained glass.",1746578018.0
1kgkctw,2,I figured he would make a nice side panel for a PC.,1746578018.0
1kgkcaj,0,"Nintendo is dedicated exclusively to portable devices that can be connected to TVs, and its last successful home console was the Wii..",1746577973.0
1kgkcaj,1,[removed],1746577973.0
1kgj3h8,0,I just thought about this while talking to someone about the modern state of Halo as a whole: Microtransactions=Micro trials.,1746574347.0
1kgj3h8,1,"Here me out: Halo combat evolved came out in 2001,Halo 3 came out in 2007, and so and so forth this is important because I can go on my 360 and pull up my old spartans from 10 years+ ago and post photos of them Right now in 2025 meaning I still own said characters.",1746574347.0
1kgj3h8,0,I just thought about this while talking to someone about the modern state of Halo as a whole: Microtransactions=Micro trials.,1746574347.0
1kgj3h8,1,[deleted],1746574347.0
1kgiqsz,0,"12 Years, and one of gaming's greatest mysteries still remains unresolved..",1746573351.0
1kgiqsz,1,[deleted],1746573351.0
1kgi7of,0,I have 12 dollars in my steam wallet.,1746571912.0
1kgi7of,1,Recommend me something good or a game that you like..,1746571912.0
1kghwfm,0,Why do people care if you pre order or not.,1746571076.0
1kghwfm,1,[removed],1746571076.0
1kghto0,1,[removed],1746570869.0
1kghtbl,1,[removed],1746570845.0
1kghbx8,0,"Ok, this is pretty insane - GTA VI.",1746569572.0
1kgh94e,0,GTA THICCs.,1746569369.0
1kgh94e,1,[removed],1746569369.0
1kgh836,0,Everyone waiting for GTA VI and Half-Life 3.,1746569293.0
1kgh836,1,"Meanwhile, I be like...",1746569293.0
1kgh2g1,0,"You only have one chance to convince me to play this console, what game would you recommend?.",1746568885.0
1kgfpan,1,"I was thinking about death, as we do, and how more of the adult population have accounts in Steam or other services/consoles.",1746565451.0
1kgfpan,2,Can someone inherit an account?,1746565451.0
1kgfnkt,0,Azoic Spider.,1746565333.0
1kgfjxk,0,"THE LOVE MASHUP 2023 🧡💕💚 Best Mashup of Arijit Singh, Jubin Nautiyal, Atif Aslam #love #romantic.",1746565097.0
1kgfhw4,0,"Next Battlefield set to release before March 2026,with a full reveal coming this summer.",1746564952.0
1kgffpl,0,"EA sets Battlefield release window, with a full reveal coming this summer.",1746564799.0
1kgffpl,1,[deleted],1746564799.0
1kgfbse,0,||cham cham|| hindi song ||.,1746564532.0
1kgfbse,1,[removed],1746564532.0
1kgfad3,0,Grand Theft Auto VI (GTA 6) Trailer 2,1746564433.0
1kgfad3,2,[removed],1746564433.0
1kgexpl,0,Split Fiction has sold nearly 4 million Copies since Launch.,1746563562.0
1kgexpl,1,[https://www.ea.com/news/electronic-arts-reports-q4-fy25-results?isLocalized=true](https://www.ea.com/news/electronic-arts-reports-q4-fy25-results?isLocalized=true),1746563562.0
1kgexpu,0,AI made this shooter trailer.,1746563562.0
1kgexpu,1,I’m scared and impressed.,1746563562.0
1kgewb5,0,I have a question about survival-horror games..,1746563468.0
1kgewb5,1,"I'm playing Signalis, my first ever survival-horror game.",1746563468.0
1kgevsd,0,"Not hating, genuine question: Where does all the GTA hype come from?.",1746563434.0
1kgevsd,1,"I've played a couple GTA games throughout the years - Vice City, San Andreas, GTA IV, and GTA V.",1746563434.0
1kgevsd,0,"Not hating, genuine question: Where does all the GTA hype come from?.",1746563434.0
1kgevsd,1,[deleted],1746563434.0
1kgejn1,0,"Ecco the Dolphin Reboot, Including an All-New Original Game, in the Works.",1746562621.0
1kgefg8,0,What is the betrayal in the game that still gets you salty?.,1746562340.0
1kgefg8,1,[removed],1746562340.0
1kge5at,0,What is the biggest betrayal in the game that still upset you?.,1746561673.0
1kge5at,1,[removed],1746561673.0
1kgdvpc,1,[removed],1746561033.0
1kgdiyf,1,[deleted],1746560158.0
1kgdfqy,0,"photoshop took ""edge"" a little too seriously.",1746559934.0
1kgdc0c,0,What would you want to see from a Minecraft competitor.,1746559681.0
1kgdc0c,1,[removed],1746559681.0
1kgcjcf,0,"Jason, wanna go minigolfing?.",1746557716.0
1kgcfyk,0,I see him everywhere...,1746557490.0
1kgcflx,0,west of loathing 4k remaster when?.,1746557466.0
1kgcdj0,0,Announcement trailer for RC Crash Course.,1746557326.0
1kgc5ts,0,"What are some guest characters you wish to see in future fighting games, such as Street Fighter, Tekken and Mortal Kombat?.",1746556814.0
1kgc5ts,1,"Guests in fighting games have become a recurring selling point, so what are those you would like to see in a future installment and/or as future DLC?",1746556814.0
1kgbz4w,0,"Ah, so this is why GTA 6 got delayed!.",1746556366.0
1kgbz4w,1,[removed],1746556366.0
1kgbww8,0,"Ah, so this is why GTA 6 got delayed!.",1746556214.0
1kgbww8,1,[removed],1746556214.0
1kgbww8,0,"Ah, so this is why GTA 6 got delayed!.",1746556214.0
1kgbww8,1,[removed],1746556214.0
1kgbuuo,0,What should i play next?.,1746556069.0
1kgbuuo,1,[removed],1746556069.0
1kgbime,1,How do games still do such poor facial animations?.,1746555251.0
1kgbet9,0,The superior caliber..,1746555001.0
1kgbenv,2,"So I met the dev of this game at a gaming convention last year, and I occupied one of his battle stations for a solid 3 hours lol.",1746554992.0
1kgbenv,3,I'm not sure if he appreciated it or not.,1746554992.0
1kgbbnj,0,Setting The Industry Standard.,1746554793.0
1kgb4jd,0,Does anyone else feel like there's something slightly off with GTA 6 character models/skin in the newly released?,1746554339.0
1kgb4jd,1,Like stylized video game characters are put into an ultra-realistic world..,1746554339.0
1kgb13i,0,"Haha, fat chance!.",1746554116.0
1kgb13i,1,[removed],1746554116.0
1kgaxt0,1,[removed],1746553893.0
1kgaxrr,0,Tower defense games used to be everywhere… what happened?.,1746553891.0
1kgaxrr,1,[removed],1746553891.0
1kgav8o,0,If you watched the new GTA 6 trailer and asked about 60 fps....,1746553719.0
1kgav8o,1,I genuinely don't believe you understand where graphics even come from.,1746553719.0
1kgaqmz,0,I’m making a video game about Sobriety..,1746553406.0
1kgaqmz,1,"Hi All, I have decided to start making an educational life simulator called “30 Days” to showcase the struggles of sobriety and highlight the steps different people can take on their journey through sobriety.",1746553406.0
1kgaqmz,0,I’m making a video game about Sobriety..,1746553406.0
1kgaqmz,1,[deleted],1746553406.0
1kganye,1,\*This is a write up that I did back in February of 2024.,1746553234.0
1kganye,2,All three titles were completed legitimately without save states or any such aids.\*,1746553234.0
1kgamzy,0,Hey Wuold you play a game like this?,1746553173.0
1kgamzy,1,It's a kind of subnautica I think.,1746553173.0
1kgahm6,0,GTA 6 TRAILER 2 REACTION.,1746552815.0
1kgagf8,0,GTA 6 TRAILER 2 REACTION.,1746552734.0
1kga8eb,0,Guinness' comment on GTA VI Trailer 2.,1746552195.0
1kga8eb,1,[removed],1746552195.0
1kga80t,0,Guinness' comment on GTA VI Trailer 2.,1746552171.0
1kga80t,1,[removed],1746552171.0
1kga5d3,0,"I can't be the only one who notices the resemblance, right?",1746552002.0
1kga5d3,0,"I can't be the only one who notices the resemblance, right?",1746552002.0
1kga5d3,2,[deleted],1746552002.0
1kg9xnx,0,The GTA 6 trailer wasn't that good..,1746551491.0
1kg9e7p,0,Playing MOBAs really taught me how big a difference the most minute changes to numbers or values can impact things.,1746550212.0
1kg9e7p,1,"The question of ""what have you learned IRL from videogames"" comes up quite a bit in forums like these, and I've felt like this statement has to be the top answer every time.",1746550212.0
1kg7xn5,0,I will stop the Oblivion crisis with diplomacy.,1746546679.0
1kg7xn5,1,Encountered a friendly Dremora.,1746546679.0
1kg7rby,0,Got an Xbox 360 controller remake and it looks sick but is there any way to remove these bumps on the joysticks?,1746546264.0
1kg7rby,1,Cuz I really don't like the feel of them.,1746546264.0
1kg7kjd,0,"New GTA, same me.",1746545811.0
1kg7kjd,1,[removed],1746545811.0
1kg7iod,0,The next game to get a 4K remaster will be:.,1746545688.0
1kg7gya,0,"EA lays off hundreds, but what else is new?.",1746545572.0
1kg7ezy,0,I hope Witcher 4 has more multiverse missions.,1746545442.0
1kg7ezy,2,The glimpses into different worlds gives the game a grandiose sense of scale.,1746545442.0
1kg7crd,0,The trailer broke Youtube lol.,1746545294.0
1kg7crd,1,[removed],1746545294.0
1kg7alg,0,"Ok, hear me out: Chrono Trigger Remake in the style of Clair Obscur.. TL;DR at the bottom.",1746545149.0
1kg7alg,1,Playing Clair Obscur gives me great nostalgia for Chrono Trigger (CT): Traveling the over world to find various locations.,1746545149.0
1kg78bi,0,"Xbox is selling a lot of games on PlayStation | Microsoft’s multiplatform game strategy is really kicking into gear with the likes of Oblivion, Forza, and Gears all hitting the PS5..",1746544997.0
1kg78bi,0,"Xbox is selling a lot of games on PlayStation | Microsoft’s multiplatform game strategy is really kicking into gear with the likes of Oblivion, Forza, and Gears all hitting the PS5..",1746544997.0
1kg78bi,1,[removed],1746544997.0
1kg77cw,0,Do you think GTA 6 is going to gain the 2 billion dollars development cost in 24 hours?.,1746544937.0
1kg77cw,1,[removed],1746544937.0
1kg71cx,1,[removed],1746544546.0
1kg6uf9,0,"What are some games where you live by a town helping and befriending the residents, while also having to do a bit of fighting?.",1746544089.0
1kg6uf9,1,I grew up playing My Time at Portia (and My Time at Sandrock) so looking for games like those.,1746544089.0
1kg6qmh,0,Came across a game that encapsulates the authentic GameStop experience.,1746543831.0
1kg6jyk,0,"Man, so much is going on and it still looks gorgeous (GTA6).",1746543396.0
1kg6hr9,0,New Carwash option?,1746543238.0
1kg6hr9,2,[deleted],1746543238.0
1kg6387,0,There’s a fake PS5 in the GTAVI trailer.,1746542224.0
1kg6387,1,[removed],1746542224.0
1kg61sa,0,There's a Playstation 4 dualshock controller on Jason's table.,1746542122.0
1kg61sa,0,There's a Playstation 4 dualshock controller on Jason's table.,1746542122.0
1kg61sa,1,That's how long the game has been in development for 😭.. [deleted],1746542122.0
1kg5zz2,0,She's Leaving - Announcement Trailer.,1746541995.0
1kg5xtx,0,GTA 6 (Grand Theft Auto 6) - Official Trailer 2.,1746541845.0
1kg5xtx,1,[removed],1746541845.0
1kg5w4b,0,GTA6 Trailer 2 released.,1746541731.0
1kg5j1f,0,Rockstar dropped a banger.,1746540821.0
1kg5j1f,1,[removed],1746540821.0
1kg5ikz,1,[removed],1746540789.0
1kg5hxx,0,GTA 6 looks STUNNING.,1746540744.0
1kg5hxx,0,GTA 6 looks STUNNING.,1746540744.0
1kg5gwv,0,We need gameplayyy.,1746540670.0
1kg5gwv,0,We need gameplayyy.,1746540670.0
1kg5gwv,1,[removed],1746540670.0
1kg5eo0,0,We made this beach gym scene months ago as a joke... then Rockstar actually did it..,1746540511.0
1kg5eo0,1,[removed],1746540511.0
1kg5due,0,What game ending made you legit cry?.,1746540454.0
1kg5due,1,This was the first game I played as a kid where the ending had me tearing up.,1746540454.0
1kg5bf2,0,Is there a sort of anti anime artstyle sentiment when it comes to RPG?.,1746540285.0
1kg5bf2,1,I've been playing Expedition 33 for a few days now.,1746540285.0
1kg5bf2,0,Is there a sort of anti anime artstyle sentiment when it comes to RPG?.,1746540285.0
1kg5bf2,1,[deleted],1746540285.0
1kg58rx,0,"22k views, 711k likes?.",1746540101.0
1kg55at,1,[removed],1746539871.0
1kg54yl,0,Jack Black in GTA 6?.,1746539846.0
1kg54b2,1,[removed],1746539795.0
1kg548o,0,GTA VI Trailer 2.,1746539791.0
1kg545q,0,Grand Theft Auto 6 looks great..,1746539784.0
1kg53x2,0,New GTA 6 trailer dropped.,1746539765.0
1kg53x2,1,So hyped,1746539765.0
1kg53rh,1,[removed],1746539753.0
1kg53rh,0,Grand Theft Auto VI Trailer 2.,1746539753.0
1kg53nl,0,When I show her my Nevron....,1746539746.0
1kg53nl,1,Going for a new game+ and going BIG.,1746539746.0
1kg53ne,0,GTA IV - Trailer 2.,1746539745.0
1kg53fw,0,She’s Leaving Announcement Trailer.,1746539732.0
1kg53fw,0,She’s Leaving Announcement Trailer.,1746539732.0
1kg53fw,1,[removed],1746539732.0
1kg53f6,1,"Since we've been flooded with thousands of posts and articles of the trailer, some of them with their links broken and others with the youtube link scuffed, this thread can be used for a comprehensive detail of everything Rockstar has released today.",1746539730.0
1kg53f6,2,"Trailer - [https://youtu.be/VQRLujxTm3c?si=I2L6zrTSZSt9W1SX](https://youtu.be/VQRLujxTm3c?si=I2L6zrTSZSt9W1SX) “Set in Vice City, Jason &amp; Lucia have always known the deck is stacked against them.",1746539730.0
1kg53d4,0,Pet Ghastling.,1746539726.0
1kg524y,0,Grand Theft Auto VI Trailer 2.,1746539637.0
1kg524y,1,[removed],1746539637.0
1kg51db,0,Grand Theft Auto VI - Trailer #2.,1746539578.0
1kg51db,1,[removed],1746539578.0
1kg50ji,1,[removed],1746539513.0
1kg50ji,0,Grand theft auto 6 Trailer 2.,1746539513.0
1kg505c,1,[removed],1746539485.0
1kg4zuc,0,Grand Theft Auto VI Trailer #2.,1746539463.0
1kg4zuc,1,[removed],1746539463.0
1kg4zmo,0,NEW TRAILER BABY!!!!.,1746539448.0
1kg4zdj,1,I can wait!,1746539432.0
1kg4yea,0,The GTA VI trailer was nice but remember....,1746539362.0
1kg4w8p,0,Grand Theft Auto VI Trailer 2.,1746539202.0
1kg4w08,1,[removed],1746539186.0
1kg4w08,0,Grand Theft Auto IV Trailer 2.,1746539186.0
1kg4uev,0,"We get it, ok?",1746539069.0
1kg4uev,1,You can stop.,1746539069.0
1kg4ua0,0,Grand Theft Auto VI Trailer 2.,1746539060.0
1kg4ua0,1,[removed],1746539060.0
1kg4tvv,0,Grand Theft Auto VI - Trailer 2.,1746539032.0
1kg4tt4,0,Grand Theft Auto VI Trailer 2.,1746539026.0
1kg4t0w,0,GTA 6 Trailer 2.,1746538967.0
1kg4t0w,1,[deleted],1746538967.0
1kg4sw3,0,GTA 6 Trailer 2. 5.6.25,1746538958.0
1kg4srg,0,GTA VI Trailer 2.,1746538948.0
1kg4r7p,0,Grand Theft Auto 6 Trailer 2.,1746538830.0
1kg4qr0,0,Grand Theft Auto VI Trailer 2.,1746538798.0
1kg4q18,0,GTA VI Trailer 2.,1746538742.0
1kg4pc5,0,Grand Theft Auto VI Trailer 2.,1746538692.0
1kg4ork,2,Looks so good.,1746538649.0
1kg4ork,3,Can't wait https://youtu.be/VQRLujxTm3c?si=aVpugtcOcZSVFqyf,1746538649.0
1kg4ork,1,[removed],1746538649.0
1kg4nn8,0,GTA 6 Trailer 2. https://youtu.be/VQRLujxTm3c?si=xk4Fwgnd9d1bXHVh,1746538570.0
1kg4mnk,0,Grand Theft Auto VI - Trailer 2.,1746538498.0
1kg4km5,0,Grand Theft Auto VI Trailer 2.,1746538349.0
1kg4jth,0,Rockstar Games releases GTA 6 Trailer 2.,1746538292.0
1kg4jth,0,Rockstar Games releases GTA 6 Trailer 2.,1746538292.0
1kg4jth,1,[removed],1746538292.0
1kg4jnn,1,[deleted],1746538281.0
1kg4jnn,0,Grand Theft Auto VI Trailer 2.,1746538281.0
1kg4ja9,0,Grand Theft Auto VI Trailer 2.,1746538256.0
1kg4ja9,1,[removed],1746538256.0
1kg4j9i,0,Rockstar releases GtTA 6 Trailer 2.,1746538254.0
1kg4j9i,0,Rockstar releases GtTA 6 Trailer 2.,1746538254.0
1kg4j9i,1,[deleted],1746538254.0
1kg4ij1,0,GTA VI Trailer 2. https://youtu.be/VQRLujxTm3c?si=I2L6zrTSZSt9W1SX,1746538207.0
1kg4ij1,1,[removed],1746538207.0
1kg4bbv,0,Why do people want LGBTQ+ representation in every new game.,1746537663.0
1kg4bbv,1,[removed],1746537663.0
1kg4bbv,0,Why do people want LGBTQ+ representation in every new game.,1746537663.0
1kg4bbv,1,[removed],1746537663.0
1kg4amh,0,CS2 skins market cap passes $5 billion.,1746537610.0
1kg48ip,0,What games based on my library am I missing?,1746537453.0
1kg48ip,2,and yeah what can I say I like the smell of gun powder 😂.,1746537453.0
1kg46kf,0,Are gaming communities afraid to admit that there's toxicity in gaming?,1746537303.0
1kg46kf,1,Any post I make about toxicity in any gaming sub or forum gets removed..,1746537303.0
1kg3si0,0,The Elder Scrolls IV: Oblivion Remastered Is Now The 3rd Best-Selling Game Of 2025 In The US.,1746536218.0
1kg2q22,1,That’s pain,1746532982.0
1kg2c34,0,Guys the Oblivion Remaster does not use generative AI.,1746531740.0
1kg2c34,1,Saw some people trying to boycott this game for using ai.,1746531740.0
1kg29ze,1,[removed],1746531546.0
1kg1o30,1,[removed],1746529424.0
1kg1o30,0,"In terms of writing, what's the Mount Rushmore of video game antagonists ?.",1746529424.0
1kg1jfl,0,I can't be the only one who would buy multiple copies of games if they weren't increased in price..,1746528966.0
1kg1jfl,1,"A couple of years ago, I bought Baldurs Gate 3.",1746528966.0
1kg1dw4,0,Duo of composers of Witcher 3/ Cyberpunk 2077 Soundtracks play DJ set together..,1746528373.0
1kg1ag4,0,"Twelve days in, and Clair Obscur: Expedition 33 has crossed two million copies sold.",1746528002.0
1kg14ir,0,Shuhei Yoshida Agrees That Rising Game Prices Were Inevitable.,1746527358.0
1kfzxc5,0,"Clair Obscur: Expedition 33 Director Guillaume Broche: ""it would've taken one ""25 years"" to navigate all the bureaucracy in a AAA studio just to get started on the game."".",1746522407.0
1kfzwen,0,"I want to hear your insane hot takes, none of that ""Elden Ring is better than Wukong""..",1746522291.0
1kfzwen,1,I want to hear your most unhinged takes when it comes to gaming.,1746522291.0
1kfyw5s,0,Pin-Up.,1746517752.0
1kfyrwz,0,A Coastal Mountain Fjord I made in Minecraft.,1746517218.0
1kfyrwz,1,This is a major coastal mountain fjord in my long going Minecraft world Sky Pixel.,1746517218.0
1kfym7n,1,"To me battlefield 1 is the best shooting game that i have ever played, and Call of Duty comes nowhere close to it.",1746516478.0
1kfym7n,2,Yet I'd love to take your perspective/opinion.,1746516478.0
1kfy675,0,Can you guys help me out?.,1746514577.0
1kfy675,1,[removed],1746514577.0
1kfxz0g,0,Expedition 33 Watch vods or wait?.,1746513698.0
1kfxz0g,1,[removed],1746513698.0
1kfxz0g,0,Expedition 33 Watch vods or wait?.,1746513698.0
1kfxz0g,1,[removed],1746513698.0
1kfxiq4,0,Seiya.,1746511773.0
1kfwpfe,1,[removed],1746508449.0
1kfwp2s,0,Thoughts on bringing back SSX 3 and possibly other GC games???.,1746508410.0
1kfwh2q,0,What’s your favorite game in terms of art style or aesthetic?.,1746507554.0
1kfwh2q,1,[removed],1746507554.0
1kfwh2q,0,What’s your favorite game in terms of art style or aesthetic?.,1746507554.0
1kfwh2q,1,[removed],1746507554.0
1kfw5zg,1,[removed],1746506378.0
1kfvwp8,1,It's hard to believe it's been ten years.,1746505429.0
1kfvwp8,2,I've beaten this game four times since &amp; always found something new.,1746505429.0
1kfvpkx,1,[removed],1746504705.0
1kfvhb8,0,Ultima 9 - Is is worth playing today?.,1746503921.0
1kfvhb8,1,"So back in the day I picked up Ultima 8 after playing almost every other entry, and I was so ticked off by what I saw and tried to play that I dropped the whole series completely.",1746503921.0
1kfvcfr,0,"Nintendo has changed the way its eShop charts work, in a move that will reduce the number of cheaply made ‘AI slop’ games being heavily featured.",1746503435.0
1kfuzqc,0,"Anybody excited for this game, The Midnight Walk?.",1746502233.0
1kfuzqc,1,It’s releasing in a few days and there hasn’t been much information or looks at it until a couple days ago.,1746502233.0
1kfutru,0,Microsoft Games Top PlayStation 5 Best Selling Charts in April.,1746501677.0
1kfutru,0,Microsoft Games Top PlayStation 5 Best Selling Charts in April.,1746501677.0
1kfusqo,0,Fast paced but easy games.,1746501582.0
1kfusqo,1,"A line I often find myself saying is ""I'm not good at video games, I just enjoy them"" however what makes me FEEL good is when i can find a game that's almost overwhelmingly fast-paced but easy.",1746501582.0
1kfu405,0,I rarely get time to play video games these days but I’m making an exception for this..,1746499364.0
1kftwkk,0,What games did you guys have the most fun playing with friends and have crazy nostalgia over?.,1746498706.0
1kftwkk,1,[removed],1746498706.0
1kftumm,0,They just keep coming.,1746498544.0
1kftbmk,0,How good is Elder Scrolls: Oblivion remastered?.,1746496941.0
1kftbmk,1,"Skyrim is the only Elder Scrolls game I ever played and with this remaster of Oblivion, I'm wondering......is the game worth the 49.99?",1746496941.0
1kftac4,0,I’m a mobile player moving to PC.,1746496837.0
1kftac4,1,[removed],1746496837.0
1kft95n,0,Ecco the Dolphin is getting two remasters and one new title from its original creators.,1746496744.0
1kfskqq,0,"Games with terrible difficulty scaling.. I’ve been playing God of War 2018 for the first time recently, and cannot think of a game with worse difficulty scaling than this.",1746494632.0
1kfskqq,1,"Enemies are given the most ridiculous health bars I’ve ever seen, and it just doesn’t make for a good experience.",1746494632.0
1kfsc0a,1,[removed],1746493887.0
1kfsc0a,1,[removed],1746493887.0
1kfs38b,0,Do any other older gamers think games have hit a bit of a plateau over the past decade or so?.,1746493174.0
1kfs38b,1,"I've been playing though all the games of the years since the awards started and am in 2018 having just completed all the Uncharteds, Assassin's Creed Odyssey, and am now playing God of War (2018).",1746493174.0
1kfs38b,0,Do any other older gamers think games have hit a bit of a plateau over the past decade or so?.,1746493174.0
1kfs38b,1,[deleted],1746493174.0
1kfr8vt,0,I feel like i'm the only person who doesn't find Clair Obscure: Expedition 33's prologue to be that affecting...,1746490630.0
1kfr8vt,1,"Like, the story is great, the music and combat, characters and story are all fantastic, and it deserves all the praise it's gotten without a doubt..",1746490630.0
1kfr32p,0,I wish I could play Elden Ring for the first time again...,1746490151.0
1kfr32p,1,I've been recently thinking a lot about Elden Ring.,1746490151.0
1kfps5b,0,Does anyone play marvel rivals and can help me get my last couple achievements?.,1746486479.0
1kfps5b,1,I need help getting the Adam achievement and literally nobody plays 3 guardians in one match.,1746486479.0
1kfps5b,0,Does anyone play marvel rivals and can help me get my last couple achievements?.,1746486479.0
1kfps5b,1,[deleted],1746486479.0
1kfpdbp,0,"What Seth Rogen, Jay and Silent Bob, and TMNT do to Call of Duty..",1746485336.0
1kfpdbp,1,[removed],1746485336.0
1kfpdbp,0,"What Seth Rogen, Jay and Silent Bob, and TMNT do to Call of Duty..",1746485336.0
1kfp1ib,0,"Lies, I know it was Eggman.",1746484438.0
1kfoihw,0,Does a game like this exist?.,1746483010.0
1kfoihw,1,Is there a game where you can exporle the world in like a 1:1 scale.,1746483010.0
1kfnch3,0,Games randomly crashing.,1746480071.0
1kfnch3,1,[removed],1746480071.0
1kfn4vb,0,Morrowind just turned 23.,1746479553.0
1kfn4vb,1,Why have so few games managed to replicate its immersive world-building?.,1746479553.0
1kfn1mx,1,[removed],1746479340.0
1kfmxmu,1,[removed],1746479080.0
1kfmxix,2,I created a subreddit for PS5 collecting called r/ps5collectors.,1746479072.0
1kfmxix,3,"I saw that while Switch has its own subreddit in r/nscollectors, PS5 doesn’t.",1746479072.0
1kfmkgb,0,Expedition 33 just feels like a dumbed down elden ring to me.,1746478203.0
1kfmkgb,1,[deleted],1746478203.0
1kfmkgb,0,Expedition 33 just feels like a dumbed down elden ring to me.,1746478203.0
1kfmkgb,1,I’m gonna get downvoted to the center of the earth but I have around 15 hours into it and have given it every chance and really wanna like it but the turn based combat is what’s demotivating to me.,1746478203.0
1kfmaio,0,"GameStop Canada has been sold to Canadian businessman Stephan Tetrault, will re-launch as EB Games Canada!.",1746477530.0
1kfm7sy,0,Tenants fled and then the sheriff's department showed up.,1746477352.0
1kfm7sy,2,Inner child healed..,1746477352.0
1kfm7p5,1,Excuse me WHERE IS THIS DISPLAY.,1746477346.0
1kfm7p5,2,"Was helping my buddy through Shadow of the Erdtree yesterday, and we encountered the madness enemies before Manse Manor… “Holy shit!",1746477346.0
1kfm3ht,0,Remember when Metal Gear Solid 2 in 2001 predicted the Misinformation Age and Information Warfare?.,1746477066.0
1kfm27h,0,Remember that time when Metal Gear Solid 2: Sons of Liberty predicted the Misinformation Age ruining civilization?.,1746476985.0
1kflwtx,0,YessirSupra 15.,1746476617.0
1kflsc1,0,Imagine if there was a Minecraft event based on the Ark myth....,1746476315.0
1kflsc1,1,[removed],1746476315.0
1kfkvsf,1,[removed],1746474153.0
1kfkvsf,0,The Punisher (Arcade - Capcom) 1993.,1746474153.0
1kfkai2,0,[OC] My New Gustave Painting.,1746472751.0
1kfk8r1,0,I tried to draw a scene from King's Quest.,1746472637.0
1kfk3zb,0,"When I was 11, I played Jet Set Radio Future.",1746472325.0
1kfk3zb,1,Resulting in DJ Professor K having a heavy handed influence on my musical taste..,1746472325.0
1kfk0ue,0,I'm making a gaming discord for people to get together and partner up for playthroughs.,1746472122.0
1kfk0ue,1,How do I make it highly successful?.,1746472122.0
1kfjzxc,1,Most shooters outside of the looter genre just has an extremely limited number of weapons unless they are multiplayer.,1746472062.0
1kfjzxc,2,"Games like Gears and Uncharted don't focus on builds between missions, but picking weapons up temporarily until you find ammo, and might have less than 20 or 30 weapons.",1746472062.0
1kfjvm6,1,[removed],1746471778.0
1kfjkqu,0,Expedition 33 has amazing graphics.,1746471062.0
1kfj5bj,0,Games where you start as one person but has conquest game loop that makes you progress by taking over other factions and ultimately becoming the most powerful?.,1746470034.0
1kfj5bj,1,"Looking for more games like these that has the title's game loop, e.g: \-Mount &amp; Blade \-X4 \-Kenshi \-etc",1746470034.0
1kfi6tg,0,New Video Just Dropped 👀.,1746467786.0
1kfi6tg,1,[removed],1746467786.0
1kfi3ff,0,Who are the best written female characters in gaming?.,1746467560.0
1kfi3ff,1,[removed],1746467560.0
1kfhuf5,0,I hope the Jedi series gets a movie after part three.,1746466955.0
1kfhuf5,2,"Cameron Monaghan is already an established actor &amp; depending on how 3 goes, I really hope they have the opportunity to make a movie.",1746466955.0
1kfhu0s,1,"Me and my girlfriend currently play dead by daylight, occasionally overwatch but I'm after a couples friendly diablo type game.",1746466929.0
1kfhu0s,2,Something to grind and level up together.,1746466929.0
1kfhn78,0,New trailer for the Steam game 'Drop Duchy' has a review in it saying '2 hours feels like 20'....that's....not a good thing?.,1746466483.0
1kfhn78,1,[removed],1746466483.0
1kfhn78,0,New trailer for the Steam game 'Drop Duchy' has a review in it saying '2 hours feels like 20'....that's....not a good thing?.,1746466483.0
1kfhjyp,2,[removed],1746466266.0
1kfhga3,0,The Witcher 3: Wilds Hunt turns 10 this month.,1746466034.0
1kfhga3,1,[removed],1746466034.0
1kfh1vd,0,"First we got the Oblivion remaster from 2006, now Gears of War is getting the same treatment.",1746465113.0
1kfh1vd,1,"Microsoft, are you also hiding a Viva Piñata: Refilled?.",1746465113.0
1kfgzpx,1,[removed],1746464972.0
1kfgzpx,1,This game needs a remake.,1746464972.0
1kfgzpx,2,"A really great game and a remake / polished version would sell like hot cakes, anyone agrees / disagrees and in any case why?",1746464972.0
1kfgvpk,0,"Gears of War: Reloaded Comes to Xbox Series X|S, Xbox PC, Xbox Cloud Gaming, PlayStation 5 and Steam in August 26, 2025.",1746464715.0
1kfgvpk,1,[removed],1746464715.0
1kfgkwp,0,the quiver.,1746464009.0
1kfghar,0,Found this in my closet.,1746463766.0
1kfgds3,1,[removed],1746463525.0
1kffhhl,0,Gears of War Reloaded confirmed.,1746461382.0
1kffh7w,0,Gears of War: Reloaded Announced!.,1746461362.0
1kffh7w,1,[removed],1746461362.0
1kfff0t,0,Gears of War: Reloaded Announced.,1746461210.0
1kfff0t,1,[removed],1746461210.0
1kffczv,0,"A new synthwave, beat-em-up called Echo Extract!",1746461074.0
1kffczv,2,[removed],1746461074.0
1kffczv,0,"A new synthwave, beat-em-up called Echo Extract!",1746461074.0
1kff9aa,1,IGN has some gameplay video of one of the first bosses for Elden Ring Nightreign,1746460844.0
1kff8jc,0,"Cool spin, thanks Forza Horizon 4..",1746460802.0
1kff6xp,2,[removed],1746460696.0
1kff6xp,0,"Cool, sweet get.",1746460696.0
1kfeth3,0,"In the Xbox/PS2 versions of 'Revenge of the Sith' (2005) by LucasArts, players can unlock an alternate ending where Anakin defeats Obi-Wan on Mustafar—then betrays and kills Sidious to become ruler of the galaxy.",1746459780.0
1kfeo5a,0,"What might happen to your favorite video game franchise or title if executives, upon realizing the massive profits from gacha mechanics, decided to rework the game to maximize monetization?.",1746459432.0
1kfeo5a,1,[removed],1746459432.0
1kfem91,1,I see a lot of screenshots in different gaming subs of toxic in game chat almost everyday.,1746459307.0
1kfem91,2,Just wondering if anyone has ever come across themselves being super toxic in any of those screenshots and how did you react?,1746459307.0
1kfefge,1,"Can only afford to get one of these games, I'm a die hard RPG fan who needs something new to play and I'm torn.",1746458853.0
1kfefge,2,"For context, Skyrim is my favourite game of the PS3 era but I never played Oblivion - so this will be an entirely new experience for me, not just a revisit of an old fav.",1746458853.0
1kfe9nk,2,[removed],1746458472.0
1kfe9nk,0,Which of Sonic the Hedgehog's voices are your favorite?,1746458472.0
1kfe1sj,1,[removed],1746457946.0
1kfe13k,0,[image processing failed].,1746457901.0
1kfe13k,1,[deleted],1746457901.0
1kfdd8u,0,look what i just found rotting away at the back of my shelf - bo4.,1746456270.0
1kfdcmr,0,Recommendations: I need casual games to wind down stress.,1746456227.0
1kfdcmr,2,I'm looking for games (pc) that are easy to pick up and good for unstressing.,1746456227.0
1kfd5rf,0,I modded my first Game Boy Advance!,1746455742.0
1kfd5rf,1,"Black shell, white buttons, back-lit display, and usb-c rechargeable battery.",1746455742.0
1kfckgk,0,"Will the ""We got ___ before GTA6"" meme evolve or fade out, after the actual game releases?.",1746454210.0
1kfckgk,1,"Just curious, what will happen with this meme?",1746454210.0
1kfcbes,0,Here's How to Tame a Wild Wolf in Dead Rails Roblox.,1746453584.0
1kfcb2t,0,Join us On Ark ASA.,1746453559.0
1kfcb2t,1,[removed],1746453559.0
1kfc7sx,0,"Need help with a stolen skin issue, can’t get proper support from Steam – looking for someone who can escalate this case.",1746453311.0
1kfc7sx,1,[removed],1746453311.0
1kfc49y,0,I regrettably ordered my Switch 2 accessories early and now I’m stuck with the ultimate sense of yearning until release.,1746453047.0
1kfc49y,1,Now begins the waiting… the insufferable waiting..,1746453047.0
1kfc1tx,0,"(hypothetical situation) Attack of the Mutant Penguins is made illegal, which game are you playing?.",1746452865.0
1kfc1tx,1,[removed],1746452865.0
1kfb4qk,0,Roblox: Every Easter Egg Locations in Bubble Gum Simulator.,1746450325.0
1kfav4s,0,Kingdom Come Deliverance 2 is such a beautiful game.,1746449579.0
1kfaqua,0,PSA for anyone suffering stuttering in modern games.,1746449215.0
1kfaqua,3,[deleted],1746449215.0
1kfaqua,0,PSA for anyone suffering stuttering in modern games.,1746449215.0
1kfaqua,3,This is especially useful for people who are running multiple SSD's or HDD's!,1746449215.0
1kfaqri,0,Based af.,1746449207.0
1kfaqri,1,[removed],1746449207.0
1kfacmn,2,[removed],1746448018.0
1kfa9yq,0,No way we're getting Half-Life 3 before GTA VI 💀💀💀.,1746447785.0
1kfa9yq,1,[removed],1746447785.0
1kf9vmw,0,"More games should have little easter eggs like these, a picture of the whole dev team!.",1746446555.0
1kf9uka,0,Why do games these days all look like this.,1746446470.0
1kf9uka,1,[removed],1746446470.0
1kf9ije,2,"Upcomming games include Mario Kart World, Death Stranding 2, MGS3, Donkey Kong, Ghost of Yoeti, Mafia, Hell is U, Borderlands 4, Marathon, and many others.",1746445359.0
1kf9ije,3,"We also have rumors of RE9, Half Life 3, and a couple others.",1746445359.0
1kf9e71,0,"Clair Obscur: Expedition 33 breaks new record, it is now the Highest Rated Original IP in PS Store history..",1746444956.0
1kf92xo,0,July 2024 Update is live.,1746443883.0
1kf8pdy,1,I know we all love the music from the games we play.,1746442577.0
1kf8pdy,2,But I wonder is it just because the music is really all that good (not saying it is bad,1746442577.0
1kf8a9d,1,[deleted],1746440986.0
1kf8a9d,1,[deleted],1746440986.0
1kf888n,0,a free game I am playing just went full p2w.,1746440770.0
1kf888n,1,the developer just announced this on discord.,1746440770.0
1kf7y0q,1,"We just launched a Gaming Site, give a look 🤍. [removed]",1746439693.0
1kf7txw,0,Super Smash Arena - Project (WoW pvp replica on wc3 with reworked movement).,1746439259.0
1kf7txw,1,[removed],1746439259.0
1kf7ekw,0,This game's soundtrack is on another level.,1746437460.0
1kf799k,0,Everytime I look through my library..,1746436825.0
1kf6apm,1,[removed],1746432608.0
1kf62bp,0,Guild's novel bed shortage solution.. (Oblivion Remaster),1746431601.0
1kf5zrg,1,[removed],1746431271.0
1kf5y17,0,After playing expedition 33 I'm unable to enjoy modern pokemon.,1746431059.0
1kf5vgg,1,[removed],1746430743.0
1kf59rf,0,Shooters where I can play as a Mechanic/Engineer?.,1746428093.0
1kf59rf,1,"So I *love* the mechanic / engineer trope, and I'm looking for shooters where I can explore that.",1746428093.0
1kf527l,2,I am looking for new games to play with my GF We have been playing stardew valley and it takes 2.,1746427190.0
1kf527l,4,Idk if it’s important,1746427190.0
1kf4yug,2,Sorry if it is not the place to ask this.,1746426786.0
1kf4yug,3,But I am about to start Baldur's Gate 3.,1746426786.0
1kf4tq1,0,I've seen enough let Virtuos remake Knights of the Old Republic.,1746426181.0
1kf4tq1,1,give me new KotOR please,1746426181.0
1kf4svd,0,Most excited game to release this year?.,1746426084.0
1kf4svd,1,Curious as to what others are excited to release this year.,1746426084.0
1kf4qzr,0,"Fortnite x Star Wars Update – Lightsabers, Clone Troopers, and Darth Vader.",1746425872.0
1kf4qzr,1,[removed],1746425872.0
1kf4qco,0,"Fortnite x Star Wars Update – Lightsabers, Clone Troopers, and Darth Vader.",1746425800.0
1kf4qco,1,[removed],1746425800.0
1kf4jrq,0,Everything we know about Next Gen consoles… so far.,1746425015.0
1kf4i59,0,Making Friends Monday!,1746424842.0
1kf4i59,1,Share your game tags here!.,1746424842.0
1kf34cs,0,What video game franchise you think could have a awesome Multiverse?.,1746419386.0
1kf34cs,1,I know some people don't like the Multiverse concept but what video game franchise you think can pull it off,1746419386.0
1kf2vyt,0,Why did some games with 3 player split screen have player 3 have a larger screen causing the game to become unfair towards players 1 and 2?.,1746418517.0
1kf2vyt,1,[removed],1746418517.0
1kf2oih,0,Clair Obscur: Expedition 33 showed me how to love video games again.,1746417766.0
1kf2oih,1,[removed],1746417766.0
1kf2jhc,0,Expedition 33 watch or wait?.,1746417305.0
1kf2jhc,1,[removed],1746417305.0
1kf2jhc,0,Expedition 33 watch or wait?.,1746417305.0
1kf2jhc,1,[removed],1746417305.0
1kf1x0n,1,[removed],1746415181.0
1kf1edb,0,Clair Obscur Expedition 33 is what I had hoped Final Fantasy 16 was going to be..,1746413442.0
1kf1edb,1,[removed],1746413442.0
1kf12r9,0,"Lorien Testard's ""Clair Obscur: Expedition 33"" soundtrack is 8 hours and 9 minutes long.",1746412347.0
1kf12h1,0,"Since GTA VI is being delayed until 2026, when will its PC version be released?.",1746412322.0
1kf11le,2,I love it!.,1746412243.0
1kf11le,3,[deleted],1746412243.0
1kf0srp,0,Have you ever avoided a game because of the perceived emotional investment?.,1746411434.0
1kf0srp,1,Sitting here thinking of how I'll see discussion about all the thoughts and emotions some game made people feel and sometimes that's a huge turn off.,1746411434.0
1kf0rao,1,What do you guys think were most influential game mechanics?,1746411297.0
1kf0rao,2,I'm talking games that introduced a mechanic and it created a common mechanic in games.,1746411297.0
1kf0k78,1,"Forgive the picture quality, I'm replaying it on a physical GBA but can't resist taking pics of my favorite bits of dialogue",1746410658.0
1kf0ai6,0,Why hasn't anyone attempted an open world RPG set in the Game of Thrones Universe?.,1746409814.0
1kf0aeg,0,Dressed up as my fav Star Wars video game character for May the 4th.,1746409804.0
1kf0aeg,1,Grew up on Jedi Knight.,1746409804.0
1kf09br,0,Me walking away from a game after realizing Devs are becoming more and more greedy with each update..,1746409707.0
1kf09br,1,[removed],1746409707.0
1kf03m0,0,Clair Obscur: Expedition 33 - a game you *might* want to check out even if you are not into turn-based.,1746409193.0
1kf03m0,1,I have never been able to stick with turn-based games.,1746409193.0
1kezacf,1,Just finished this Big Daddy from Bioshock!,1746406623.0
1kez9g6,0,f16 looking for game buddy.,1746406545.0
1kez9g6,1,[removed],1746406545.0
1key2ck,0,Which game is my mother talking about?.,1746402880.0
1key2ck,1,"I was chatting about video games with my parents, and my mother started talking about one she remembers watching me play as a little kid—one I have no memory of.",1746402880.0
1kexmj9,0,What's a movie that you think should be turned into a game?.,1746401593.0
1kexmj9,1,This may be an unpopular opinion but I think this movie ( even if not really good ) would be a really fun game!,1746401593.0
1kexd69,0,When you are not the main character in Star Wars.,1746400840.0
1kexb5y,0,I Made A Cover Of Skyrim's Main Theme.,1746400681.0
1kewu3m,1,[removed],1746399339.0
1kewt2j,1,[removed],1746399257.0
1kew1af,0,When you are bad at RPGs and randomly allocate points.,1746397084.0
1kevihb,0,"My PS5 Pro got a new look, just in time for The Last of Us episode 4!.",1746395651.0
1kevfp1,0,Picked this up for $150.,1746395437.0
1kevfp1,1,Some of it doesn't work but a lot of it does.,1746395437.0
1keutqs,0,Any suggestions based on my recent list of ps5 games.,1746393811.0
1keutqs,1,[removed],1746393811.0
1keurwu,0,Sonic Advance - GBA - 2001.,1746393675.0
1keuo24,0,What ever happened to creating split screen coop games?.,1746393391.0
1keuo24,1,[removed],1746393391.0
1keukrk,0,Can someone help me with this?.,1746393145.0
1keukrk,1,[removed],1746393145.0
1keu0uz,1,[removed],1746391696.0
1ketyxv,0,What game announcements are you guys anticipating now that gta VI was pushed to next year?.,1746391555.0
1ketyxv,1,I'm super hyped to see a date for silent hill f and resident evil 9.,1746391555.0
1ketyur,0,Why didn't anyone tell me they were coming out with a Classic Maplestoy?!.,1746391549.0
1ketyur,1,[removed],1746391549.0
1kett6x,0,‘Drop the price’: Behind the pushback on Nintendo’s Switch 2.,1746391142.0
1kete2m,0,What a F*cking Rip Off.,1746390069.0
1kete2m,1,[removed],1746390069.0
1ketdeh,0,Clair Obscur: Expedition 33 Would've Been Nearly Impossible to Greenlight at a Big Company; Would've Taken 25 Years to Finish Claims Sandfall Boss.,1746390023.0
1ketdeh,1,[deleted],1746390023.0
1ketdeh,0,Clair Obscur: Expedition 33 Would've Been Nearly Impossible to Greenlight at a Big Company; Would've Taken 25 Years to Finish Claims Sandfall Boss.,1746390023.0
1ket04e,0,Using 3rd person in Oblivion way more than any other Elder Scrolls.,1746389084.0
1ket04e,1,I've never been a fan of Bethesda 3rd person because of how janky it feels - and Remastered still does to an extent - but it's no worse than Starfield (imo).,1746389084.0
1kesyz6,0,"What’s a game you loved that most people seemed to hate, and why did you enjoy it?.",1746389005.0
1kesyz6,1,[removed],1746389005.0
1kesrl4,0,"Mother's Day idea: I'm buying my mom Balatro, here's card within the card.",1746388488.0
1kesrl4,1,[removed],1746388488.0
1kesgbr,1,[removed],1746387686.0
1kes1vc,0,"What games, if any, will move to 2025 now that GTA is delayed?.",1746386657.0
1kes1vc,1,Games had to give GTA6 a lot of room in order not to be overshadowed by it.,1746386657.0
1kervin,0,[image processing failed].,1746386208.0
1kervin,1,[deleted],1746386208.0
1kerrhc,0,Someone actually took the time to tuck this lil guy in (Cyberpunk 2077).,1746385925.0
1kerb7o,1,[removed],1746384764.0
1ker894,1,[removed],1746384556.0
1keqpci,0,Epic's Tim Sweeney shares first details about Unreal Engine 6.,1746383192.0
1keqpci,1,[deleted],1746383192.0
1keqpci,0,Epic's Tim Sweeney shares first details about Unreal Engine 6.,1746383192.0
1keqa8a,0,Every dev's expected new user journey.,1746382135.0
1keq8ea,1,[deleted],1746382011.0
1keq8ea,0,World of Goo 2 is out!.,1746382011.0
1keppl4,0,What are some open world/map traveling mechanics you enjoy in games?,1746380718.0
1keppl4,1,"This design of turning into a giant and running between areas is simple but great, I'd like to see it implemented/improved on in RPGs.",1746380718.0
1kepdw3,0,Former Skyrim lead defends Bethesda’s loading screens – “[they’re] a necessary bane of the existence of Bethesda since time immemorial”.,1746379893.0
1kepdw3,1,[deleted],1746379893.0
1kepdw3,0,Former Skyrim lead defends Bethesda’s loading screens – “[they’re] a necessary bane of the existence of Bethesda since time immemorial”.,1746379893.0
1kepc6t,1,"I just finished the cute, cozy “A Short Hike,” and its flying and gliding mechanics just felt so snappy and enjoyable.",1746379783.0
1kepc6t,2,What other games have really gratifying movement mechanics?,1746379783.0
1kep8dr,0,Games used to be finished at launch.,1746379520.0
1kep8dr,1,Now we’re beta testing with a $70 price tag.,1746379520.0
1kep49v,0,Heard about gta 6 coming out this May.,1746379233.0
1kep31u,0,"Why has Nintendo become so litigious, even against its own fans.",1746379148.0
1kep31u,1,Its become a joke at this point how likely they are to sue over anything..,1746379148.0
1kep2oj,0,World of Warcraft Classic Anniversary Burning Crusade Factions Offer Amazing Rewards.,1746379122.0
1kep2hr,0,bricked rk61.,1746379109.0
1kep2hr,1,[removed],1746379109.0
1keoodt,0,"Chips aren’t improving like they used to, and it’s killing game console price cuts.",1746378105.0
1keoodt,2,I hadn’t considered that we are running out of space for improvement in size with current technology.,1746378105.0
1keofyo,0,A neat reminder that this wonderful game was made by a team of 30.,1746377517.0
1keofyo,1,Big fan of when developers hide real life images in their games.,1746377517.0
1keofyo,0,A neat reminder that this wonderful game was made by a team of 30.,1746377517.0
1keofyo,1,Big fan of when developers hide real life images in their games.,1746377517.0
1keo9r1,0,Gears 5: Collectibles Guides.,1746377072.0
1kenx8g,1,I wanted to upload more images so explain my point,1746376188.0
1kenx8g,2,"but this sub wouldn't let me, I hope you get the idea.",1746376188.0
1kenwg2,0,Anyone else in their 30s feeling like they are the only ones left in their groups of friends still playing video games?.,1746376133.0
1kenwg2,1,[removed],1746376133.0
1kenrvx,0,What’s something evil we’ve all done in a video game?.,1746375809.0
1kenrvx,1,Deleting the ladder after The Sims get into the pool.,1746375809.0
1kennad,0,Max Payne 3 multiplayer on PC still active on 2025.,1746375486.0
1kennad,1,[removed],1746375486.0
1kemla1,0,"With GTA 6 coming next year, which game will win GOTY this year?.",1746372792.0
1kemla1,1,I think DS2 or ghost of Yotai has the best chance here.,1746372792.0
1kemg7z,0,"On This Star Wars Day, Rank Your Top 10 Favorite Star Wars Games.",1746372428.0
1kem9vb,1,Is there an early game or tutorial for a sports game (real or made up) that 1.,1746371974.0
1kem9vb,2,"Makes you aware of how to play, withouttoo much hand holding and/or 2. Makes you feel like a part of a sporting world?",1746371974.0
1kelyfo,0,May the Fourth be with you... from Angry Birds Star Wars II..,1746371147.0
1kelyap,0,Nintendo has filed a lawsuit against accessory manufacturer Genki for showing off 3D-printed mockups of the Nintendo Switch 2 ahead of its official announcement.,1746371135.0
1kelx5t,0,Its not a sale if you do it on the games MSRP!!.,1746371050.0
1kelx5t,1,"Something that has gotten extremely annoying is how some games really like to give you a ""sale"" but its applied to the games MSRP .",1746371050.0
1kelssp,1,I'm hoping we see an update on Pragmata &amp; a reveal announcement for Resident Evil 9,1746370756.0
1kelssp,1,[deleted],1746370756.0
1kelfew,0,Whats the one game or boss fight that you struggled with so much that made you resort to exploiting/cheating/watching a playthrough just to get it over with and move on in life.,1746369761.0
1kelfew,0,Whats the one game or boss fight that you struggled with so much that made you resort to exploiting/cheating/watching a playthrough just to get it over with and move on in life.,1746369761.0
1kelewx,1,[removed],1746369724.0
1kel6wu,0,What order should I play these RPGs in?.,1746369129.0
1kel6wu,1,I have very high standards for practically everything and I've been feeling like some older RPGs have been calling out to me.,1746369129.0
1kel62j,0,"Kingdom Come Deliverance 2 achieves 3 million copies sold, KCD1 at 10 million to date.",1746369066.0
1kekzoj,1,[removed],1746368604.0
1kekzoj,1,[removed],1746368604.0
1keky1n,0,What item in a game you don’t pick up was crucial for progress later?.,1746368487.0
1keky1n,1,I remember playing Alone in the Dark: The New Nightmare on PS1.,1746368487.0
1kekozd,0,What was your go-to cheat code website way back in the day?,1746367803.0
1kekozd,2,I remember going to cheatplanet and (I think it's called),1746367803.0
1kekjmw,0,Roblox: How to Find and Farm Relics in Arise Crossover.,1746367390.0
1keki8s,0,I need help with discord server.,1746367290.0
1keki8s,1,[removed],1746367290.0
1kejyfz,0,This is Hell Let Loose.,1746365729.0
1kejyfz,0,This is Hell Let Loose.,1746365729.0
1kejyfz,1,[deleted],1746365729.0
1kejwq9,0,r/gaming any time a halfway decent game is released.,1746365584.0
1kejqmo,0,Toofan bet 90.,1746365094.0
1kej055,4,It doesn't strike me as very intellectual and sophisticated,1746362845.0
1kej055,1,[deleted],1746362845.0
1keiz6o,1,"I love to build the perfect base and decorate it how I see fit, but I hate having to grind to unlock customization options.",1746362755.0
1keiz6o,2,What's a good game that has a creative mode so I can just go crazy?,1746362755.0
1keimpy,1,[removed],1746361607.0
1keic3w,1,Explained.,1746360617.0
1kei8pt,0,In video games that change your cursor to something else (like a gauntlet or a sword) - which game has the best cursor?.,1746360298.0
1kei8pt,1,.Just randomly saw this meme and thought about it.,1746360298.0
1kehiv1,0,When do dads get to play?.,1746357705.0
1kehiv1,3,I used to be a big PC and console gamer.,1746357705.0
1kehhx5,0,So what the hell is going on with Level-5?.,1746357611.0
1kehhx5,2,Level-5 used to be ***the fucking studio*** to watch in Japan.,1746357611.0
1keg8oh,1,What would you change?.,1746352656.0
1kefq68,0,Any standing gamer here ?.,1746350431.0
1kefq68,1,I strongly advocate standing gaming.,1746350431.0
1kefq68,0,Any standing gamer here ?.,1746350431.0
1kefq68,1,[deleted],1746350431.0
1kefpx0,0,"Thanks, Epic.. [removed]",1746350400.0
1keemad,0,Roblox: Is Dead Rails Based on a True Story?.,1746345657.0
1keei7w,0,Clair Obscur: Expedition 33: How the 'Game of the Year' was made - BBC.,1746345167.0
1keei7w,0,Clair Obscur: Expedition 33: How the 'Game of the Year' was made - BBC.,1746345167.0
1keei7w,1,[deleted],1746345167.0
1keegyy,1,[removed],1746345013.0
1keeeiu,0,Got myself a gift to play COD.,1746344721.0
1keeeiu,1,Can't win to save my life.,1746344721.0
1kee56y,0,It is time to consult the ancient texts….,1746343611.0
1kee56y,1,DLC included!,1746343611.0
1kedj7v,0,Anyone else often quit on the final boss?.,1746341116.0
1kedj7v,1,[removed],1746341116.0
1kedhg0,0,Activison has the perfect opportunity to announce a bo2 remake/remaster on June 20th.,1746340915.0
1keczox,0,Happy May 4th from Jedi Knight II: Jedi Outcast.,1746338845.0
1kecvyz,1,For those questions that don't feel worthy of a whole new post.,1746338430.0
1kecvyz,2,This thread is posted weekly on Sundays (adjustments made as needed).,1746338430.0
1keciyk,0,Which game is living due to brand name?.,1746336949.0
1keciyk,1,[removed],1746336949.0
1kech3m,0,Question Regarding 2560p.,1746336734.0
1kech3m,1,So I play with a 2560x1440 144hz LED.,1746336734.0
1kecafo,0,Disney Dreamlight Valley: How to Complete Mimsy Were the Borogoves Quest.,1746335990.0
1kebyas,0,Practicing snowboarding.,1746334681.0
1kebyas,1,[removed],1746334681.0
1kebyas,0,Practicing snowboarding.,1746334681.0
1kebyas,1,[removed],1746334681.0
1kebwyh,0,A. A,1746334534.0
1kebwyh,0,A. [deleted],1746334534.0
1kebqou,0,Clair Obscur: Here's How to Save in Expedition 33.,1746333866.0
1keb7x4,0,Roblox Beaks Guns Tier List And Where to Find All Gun Merchants.,1746331902.0
1keaon7,0,The year my cousin got Zelda for his birthday.,1746330004.0
1keah2s,0,Best Units to Pick in Roblox Anime Rangers X (Tier List).,1746329265.0
1keagx0,0,"Baldi's Basics Plus just got a huge update, and is 40% off!.",1746329250.0
1keaaqg,0,Players Have Too Many Options to Spend $80 on a Video Game.,1746328638.0
1kea8jy,0,How to kill COD warzone.,1746328426.0
1kea8jy,1,"simple, shoot a rocket launcher",1746328426.0
1ke9qdv,0,Any ideas on methods to exercise and game?.,1746326662.0
1ke9qdv,1,"(Pc)I'm kind of tired of having the bit of flab that i do, it's just frustrating that i already have so little free time",1746326662.0
1ke9n9i,0,What game feels soulless?.,1746326361.0
1ke91cd,0,Single player live service games?.,1746324283.0
1ke91cd,1,are there any games that promise the same kind of frequently updated perpetually supported experience as live service titles but are single player games?,1746324283.0
1ke8xdf,0,"Fallout 1 and 2's source code isn't lost after all, thanks to one hero programmer: 'I made it a quest to snapshot everything'.",1746323921.0
1ke8mv6,0,When A MG42 Meets a Spawn Wave in Hell Let Loose.,1746322936.0
1ke8mv6,1,[removed],1746322936.0
1ke8mv6,0,When A MG42 Meets a Spawn Wave in Hell Let Loose.,1746322936.0
1ke8mv6,1,[removed],1746322936.0
1ke8fjt,0,SAVE UP TO 90% OFF!,1746322257.0
1ke8el4,0,It's the Month of Wired!.,1746322173.0
1ke8ali,1,[removed],1746321788.0
1ke8877,0,Dark Souls Franchise Sale 2025.,1746321563.0
1ke87re,0,LudoNarraCon 2025.,1746321521.0
1ke82b8,1,[removed],1746321012.0
1ke7kmw,0,Time to dust this off again..,1746319371.0
1ke7bsr,0,"What a steal, thanks AAFES!.",1746318560.0
1ke74jl,0,Im working on a nostalgia closet..,1746317918.0
1ke74jl,0,Im working on a nostalgia closet..,1746317918.0
1ke74jl,1,[deleted],1746317918.0
1ke6rf8,0,My favorite part of gaming now that I’m older….,1746316786.0
1ke6rf8,1,"Now that I’m older, my favorite part of gaming is when I finally get a chance to actually sit down and play something and there is about a 30 minute wait before I can play because of all the updates.",1746316786.0
1ke63wa,0,Thank you for 75% sales and PSN plus.,1746314807.0
1ke63wa,2,Just wanted somewhere to rant and just say what I gotta say.,1746314807.0
1ke596n,0,Alpha test close weekend looking like.,1746312291.0
1ke596n,1,"I didn't get into either, can't miss what you don't know",1746312291.0
1ke4uml,1,How a 'haunted' N64 video game cartridge terrified children around the world.,1746311102.0
1ke4njs,0,My nightly experience since I've started playing Mechabellum.,1746310531.0
1ke4njs,1,What game has you possessed like this?.,1746310531.0
1ke4njs,0,My nightly experience since I've started playing Mechabellum.,1746310531.0
1ke4njs,1,What game has you possessed like this?.,1746310531.0
1ke4n4e,0,"I’m trying to get into immersive sims, what would be a good way to get into it.",1746310496.0
1ke4n4e,1,I’ve had the itch to get into more complex games that don’t hold my hand as much but don’t want to go into a genre like this too recklessly.,1746310496.0
1ke4m5b,0,"Far Cry 4, a game that came out over 10 years ago….",1746310415.0
1ke4m5b,1,"My GPU is aging, so I decided to delve backwards a little bit because I have a hard time running newer games.",1746310415.0
1ke424c,1,Just wanted to share my FF VI Cactrot.,1746308824.0
1ke424c,2,I made it in middle school art class around '95-'96.,1746308824.0
1ke3lu2,0,Plants vs. Zombies™ Sweet 16: Official Celebration Video.,1746307552.0
1ke3lu2,0,Plants vs. Zombies™ Sweet 16: Official Celebration Video.,1746307552.0
1ke3lu2,1,[deleted],1746307552.0
1ke3kkc,0,What is the most brutal insult you can come up with to describe a scalper?.,1746307457.0
1ke3kkc,1,[removed],1746307457.0
1ke3kkc,0,What is the most brutal insult you can come up with to describe a scalper?.,1746307457.0
1ke3kkc,1,[removed],1746307457.0
1ke3kdo,0,What game thrives on nostalgia only?.,1746307442.0
1ke3kdo,1,For me this has to be RuneScape.,1746307442.0
1ke3j95,0,What is the most brutal insult you can come up with to describe a scalper?.,1746307352.0
1ke3j95,1,[removed],1746307352.0
1ke3hsg,1,[removed],1746307241.0
1ke2u5v,1,[removed],1746305432.0
1ke2pub,0,"Good news everyone, I am now offensive!.",1746305101.0
1ke2fs5,0,Clair Obscur Expedition 33 is the best turn-based RPG since Baldur's Gate 3.,1746304327.0
1ke2fs5,1,[deleted],1746304327.0
1ke2fs5,0,Clair Obscur Expedition 33 is the best turn-based RPG since Baldur's Gate 3.,1746304327.0
1ke2fs5,1,It's truly a revelation &amp; I can safely say this is a true contender for 2025's Game Of The Year,1746304327.0
1ke1upt,1,I had to wait for 25 years to a game finally scratch the feeling of playing FFIX.,1746302704.0
1ke1s5o,0,"After 7 long months, 733.3 hours of gameplay, and countless hours of editing- We are now releasing our 1000 Days in Sons of the Forest!",1746302513.0
1ke1s5o,1,Check it out if you're interested!.,1746302513.0
1ke1cn6,0,Any idea on how to play console games on PC?.,1746301343.0
1ke1cn6,1,[removed],1746301343.0
1ke174x,0,Which games have the best loading screens?.,1746300925.0
1ke174x,1,"In Helldivers 2, you select missions while on a spaceship in orbit and the get dropped down onto the planet in a single-person ""Hellpod"", that experiences atmospheric reentry - you then land in your mission area.",1746300925.0
1ke13rp,0,"No, sorry, put the party poppers away, Chrono Trigger isn't getting a remake, as far as anyone knows anyway.",1746300659.0
1ke12dd,0,What games have the best intros in your opinion ?.,1746300554.0
1ke12dd,1,"I recently started Fallout:NV again, and the intro is still in my opinion one of the best in gaming.",1746300554.0
1ke0wki,2,"We were talking about how it's interesting how teabagging in online games is both the most toxic move and the friendliest move, depending on the context.",1746300110.0
1ke0wki,3,"If you kill someone in the game, teabagging is a sign of toxicity.",1746300110.0
1ke0fge,0,Will this truly release on May 26 2026?.,1746298863.0
1ke0fge,1,[deleted],1746298863.0
1ke0fge,0,Will this truly release on May 26 2026?.,1746298863.0
1ke0fge,1,It will be delayed a second time.,1746298863.0
1ke0bda,0,How Official Playstation Magazine UK Imagined the PS2 in 1997.,1746298568.0
1ke08p9,0,"Which games describes the following for you: ""Started fun, got boring, stayed for the ending"".",1746298376.0
1ke08p9,2,"Guess I missed the hype train long ago, but the Elder Scrolls games (story and gameplay) are pretty dull.",1746298376.0
1ke04ah,0,They can't ecsape.,1746298052.0
1ke01x3,0,El pvp más esperado.,1746297879.0
1ke017z,0,El pvp más esperado en unos minutos.,1746297829.0
1ke017z,0,El pvp más esperado en unos minutos.,1746297829.0
1kdzzff,1,[removed],1746297699.0
1kdzywk,1,[removed],1746297661.0
1kdzmgd,0,"When mom tell you it's a nice day, so you should go outside and play.",1746296757.0
1kdzlr2,0,I made a picture frame countdown to GTA VI release using arduino..,1746296709.0
1kdzlr2,1,[removed],1746296709.0
1kdzjzp,0,Anyone remember this gem?.,1746296579.0
1kdzivt,0,The Rising Cost of Gaming and Why Tariffs Are Just the Beginning.,1746296498.0
1kdzim3,0,Opinion about steel seed?.,1746296480.0
1kdzhz0,0,The wait is worth it……right?.,1746296435.0
1kdzcex,0,What was your experience of pre-ordering the Nintendo Switch 2?.,1746296039.0
1kdzcex,2,It was refreshing Amazon constantly &amp; clicking the button to pre-order faster than the wind.,1746296039.0
1kdzcex,0,What was your experience of pre-ordering the Nintendo Switch 2?.,1746296039.0
1kdzcex,1,[deleted],1746296039.0
1kdzbsr,0,AK - 47 | Lost in the Carboniferous.,1746295995.0
1kdyzyn,0,Downsizing and had to try and fit entire collection in a closet.,1746295170.0
1kdyzyn,1,I couldn’t fit it all in one picture.,1746295170.0
1kdysxe,0,When you're shadow spec but the team needs heals.,1746294653.0
1kdysxe,0,When you're shadow spec but the team needs heals.,1746294653.0
1kdysxe,1,[removed],1746294653.0
1kdy0i9,0,Persona 5 is making you feel like a real hidden detective.,1746292598.0
1kdy0i9,1,So in Persona 5 you get to listen to other peoples conversations.,1746292598.0
1kdy0i9,0,Persona 5 is making you feel like a real hidden detective.,1746292598.0
1kdy0i9,1,[deleted],1746292598.0
1kdxyj3,0,This game crawled so Marvel Rivals could run.,1746292455.0
1kdxyj3,1,Good times playing this on PlayStation 2..,1746292455.0
1kdxxlv,0,The eternal GTA wait.,1746292390.0
1kdxxlv,1,https://preview.redd.it/0a4tn7innlye1.png?width=680&amp;format=png&amp;auto=webp&amp;s=779e526b6e9dd9138c6dcd61e5fea9d2aa0f38b0 thank the gods,1746292390.0
1kdxk3l,0,"*With exception of a game released in the past 30 days,* what was the last game you bought at full price?",1746291408.0
1kdxk3l,1,What percentage of your games did you purchase at full price?.,1746291408.0
1kdxej7,0,bless giant fonts and subtitles!.,1746290992.0
1kdxej7,1,"I played sackboy a big adventure, lego star wars skywalker saga and thought how nice and easy it is to see.",1746290992.0
1kdx1zx,1,[removed],1746290056.0
1kdwyfh,0,Roblox Forsaken: The Ultimate Two Time Rework (Guide).,1746289787.0
1kdwtgi,0,Dreamcast Ports Of GTA Classics Surpass The PS2 Originals Thanks To Mods.,1746289411.0
1kdwph5,1,[removed],1746289102.0
1kdwbvi,0,"Someone let me borrow an Eevee, I wanna try something..",1746288105.0
1kdw82b,0,Videojuegos geniales por menos de 10 dolares.,1746287829.0
1kdw82b,1,[removed],1746287829.0
1kdw6xu,0,Videojuegos geniales por menos de 10 dolares.,1746287744.0
1kdw6xu,1,[removed],1746287744.0
1kdw4nm,0,Let’s argue.,1746287573.0
1kdw4nm,1,[removed],1746287573.0
1kdw4nm,0,Let’s argue.,1746287573.0
1kdw4nm,1,Alright I wanted to make a post where we can talk about this and get some insight as to why people think games are deserving of an $80 price tag.,1746287573.0
1kdvvkf,1,[removed],1746286904.0
1kdvsnh,0,Best game with dinosaurs who need a remaster !,1746286689.0
1kdvsnh,1,Who played it ?.,1746286689.0
1kdvrrn,0,"Best Buy Console prices, $CAD vs. $USD, May 3rd 2026..",1746286627.0
1kdv96k,0,Those shipments are getting delayed y'all.,1746285245.0
1kdv6cc,0,GTA 3 (Dreamcast Modern Port vs Origional PlayStation 2) Real Hardware Comparison.,1746285026.0
1kduzrh,0,"Half-Life 3 Reportedly Playable End-to-End, Possibly Launching This Year.",1746284528.0
1kduzrh,1,[removed],1746284528.0
1kduzrh,0,"Half-Life 3 Reportedly Playable End-to-End, Possibly Launching This Year.",1746284528.0
1kduzfv,0,1xBet.,1746284507.0
1kduyd5,1,[removed],1746284437.0
1kdulym,0,A pro life tip I have learned as a multiplayer US gamer on the east coast....,1746283500.0
1kdulym,2,Saves some time looking it up at least..,1746283500.0
1kdukdm,1,"I know exactly where I got my affection for tomboys from, lol",1746283382.0
1kdukdm,1,[removed],1746283382.0
1kduf7b,0,I'm about to walk into Claire Obscure and know fuck all about it.,1746282976.0
1kduf7b,1,Is there anything i SHOULD know?.,1746282976.0
1kduf7b,0,I'm about to walk into Claire Obscure and know fuck all about it.,1746282976.0
1kduf7b,1,Is there anything i SHOULD know?.,1746282976.0
1kdu7ht,0,Talk about peer pressure.,1746282392.0
1kdu7ht,1,"Alright, let’s see what this is all about..",1746282392.0
1kdu6an,0,Looking for a survival single player zombie game.,1746282301.0
1kdu6an,2,"I’m on PS4/5 and looking for a game like the title said that is like zomboid, but doesn’t have any gimmicks such as the horde on 7 days to die, or the realism and pvp of DayZ. Think something like State of Decay but on ps4/5 with no other players",1746282301.0
1kdu4np,0,Are people really upset that Clair Obscur: Expedition 33 is labeled as a jRPG?.,1746282179.0
1kdu4np,1,"In almost every post about the game, there's a ton of comments how it shouldn't be called a jRPG because it wasn't made in Japan, even though the term has long been established as a genre.",1746282179.0
1kdtzj9,0,GTA 3 (Dreamcast vs PlayStation 2),1746281777.0
1kdtz67,0,No Way Im Paying 80$ For Games When There Are Better Games With More Content That Came Out For Less.,1746281752.0
1kdtb4m,1,I consider a gaming series to consist of at lesst 3 games and preferably more.,1746279864.0
1kdtb4m,2,For me I'd say gow is one of the best gaming series's ever.,1746279864.0
1kdt4vc,0,Will GTA6 even be relevant by its release?.,1746279352.0
1kdt4vc,1,"Just a thought, but watching the one trailer that was released in 2023 some of the references being made already felt dated.",1746279352.0
1kdt2xw,0,Ubisoft has at least 9 Assassin's Creed games planned.,1746279195.0
1kdt2xw,1,"They're not all big games of course, this is how they're broken down by the original source: 2 RPG's, 2 Remakes, 2 'Smaller experiences', 2 multiplayer games, and 1 mobile title.",1746279195.0
1kdsdpa,2,[removed],1746277153.0
1kdscpl,0,The Nintendo Wii Homebrew Channel drama explained - MVG.,1746277061.0
1kdsb25,0,"Since GTA is delayed, decided to jump into indie games, help!.",1746276916.0
1kdsb25,2,"While waiting for GTA 6, I’ve decided to dive into some more indie games and explore stuff that might surprise me.",1746276916.0
1kds1tv,0,French President Macron Congratulates Clair Obscur: Expedition 33 developers for it's Success.,1746276090.0
1kdrrig,0,Do we think that photorealism AI will cause gaming to change in the future?.,1746275152.0
1kdrrig,1,[removed],1746275152.0
1kdqvyw,0,What game has the longest intro/tutorial?.,1746272089.0
1kdqvyw,1,So I've trying again at Horizon: Forbidden West.,1746272089.0
1kdqcu1,0,Roblox: Complete Solo Guide for Dead Rails.,1746270075.0
1kdptif,0,They upped the price of old cod games again wtf.,1746267974.0
1kdptif,1,The older cod games where already ludicrously expensive but why the he'll would they think it's okay to raise those horrible prices even higher.,1746267974.0
1kdpf55,0,I made a dumb little game where touching an NPC kills you in ridiculous ways.,1746266358.0
1kdpf55,1,[removed],1746266358.0
1kdpdze,1,"Tomboy fans, rejoice!",1746266217.0
1kdpdze,1,[deleted],1746266217.0
1kdpc25,0,Capcom are so real for this..,1746265990.0
1kdpc25,1,[deleted],1746265990.0
1kdowoa,0,PewdiePie tries out Linux will it change Gaming?.,1746264118.0
1kdowoa,1,[removed],1746264118.0
1kdouk9,0,Having problems uninstalling from Ubisoft Connect.,1746263857.0
1kdouk9,1,[deleted],1746263857.0
1kdouk9,0,Having problems uninstalling from Ubisoft Connect.,1746263857.0
1kdouk9,1,"https://preview.redd.it/4sotqmtmajye1.png?width=556&amp;format=png&amp;auto=webp&amp;s=f159800b9d708e9117a4435389f3c03ea80271f9 I am trying to uninstall games from Ubisoft Connect, but keep getting this error message.",1746263857.0
1kdo75w,2,"It's constantly on the Xbox store as new, with a million different versions and it looks like absolute trash.",1746261033.0
1kdo75w,3,How is it allowed?,1746261033.0
1kdn4p5,0,Things in Games that blew my mind when I was a kid.,1746256498.0
1kdn4p5,2,"A lot of things in GTA SA were mindblowing, given that it was my first proper Open World.",1746256498.0
1kdmsro,0,Is this better?.,1746255180.0
1kdmo02,0,Here's How to Get Tailor Flooring in V Rising: Explained.,1746254644.0
1kdm0vo,2,Just getting started?,1746252030.0
1kdm0vo,3,Tell us about it here!.,1746252030.0
1kdlt9e,0,Is Gaming dying as a hobby?.,1746251199.0
1kdlt9e,1,[removed],1746251199.0
1kdlt9e,0,Is Gaming dying as a hobby?.,1746251199.0
1kdlt9e,1,[removed],1746251199.0
1kdlmva,0,We are working on an arcade airplane racer.,1746250474.0
1kdlmva,1,"I know the genre is not that popular anymore, but maybe there are a few fans out there?.",1746250474.0
1kdlkaj,0,"Polygon sold to click-farm Valnet (home to GameRant, DualShockers, and others).",1746250211.0
1kdlkaj,1,[removed],1746250211.0
1kdlkaj,0,"Polygon sold to click-farm Valnet (home to GameRant, DualShockers, and others).",1746250211.0
1kdligt,1,[removed],1746250014.0
1kdligt,1,[removed],1746250014.0
1kdktlk,0,Which game should I play next?.,1746247400.0
1kdkrbe,0,Oblivion gates look incredible.,1746247163.0
1kdkrbe,1,Virtuos managed to create what I saw in my mind playing 20 years ago.,1746247163.0
1kdklw7,0,I share custody with my ex and me and my 8 year old just won our first Fortnite game!,1746246604.0
1kdjgks,0,Mains for people who hate fun.,1746242615.0
1kdj60e,0,Love when games let you use screenshots as wall art (cyberpunk 2077).,1746241619.0
1kdixh3,0,It’s almost done bro.,1746240820.0
1kdik34,0,Finished the story in Indiana Jones and the Great Circle.,1746239581.0
1kdik34,1,"I wouldn't go as far as to say I absolutely loved it, but it was definitely good and a fun Indiana Jones ride.",1746239581.0
1kdiare,1,"I hought I saw a third skin similar to Alvarez’s speedtrap &amp; cruiser skins, that’s sort of normal looking but also cartoony.",1746238727.0
1kdi8ix,0,Expedition 33 - I’m gonna play this all weekend!.,1746238519.0
1kdi3ie,0,A horror classic I picked up for $10.,1746238057.0
1kdhq8u,0,You have to survive one week in the last game you played.,1746236854.0
1kdhq8u,1,Are you surviving?.,1746236854.0
1kdhmnc,0,Spring In the Shire.,1746236528.0
1kdhlwq,0,Save up to 85% with the EA Publisher Sale.,1746236462.0
1kdhlwq,1,[removed],1746236462.0
1kdhle6,0,Capcom Golden Week Sale.,1746236417.0
1kdhk27,0,Asterix &amp; Obelix Franchise Sale.,1746236291.0
1kdhi2u,0,It’s part of the experience….,1746236111.0
1kdhb64,0,Looking for someone to play ark with I and on Xbox and pc.,1746235490.0
1kdhb64,1,[removed],1746235490.0
1kdh70s,0,Relating to a previous post about old gaming commercials and what we had to go on before buying..,1746235107.0
1kdh70s,1,What so you think the game will be like?,1746235107.0
1kdglpi,0,Wonder if I would be mad at this news actually....,1746233258.0
1kdgkr4,0,"I don’t have an articulate reason for not liking Clair obscur, I just don’t have fun when I play it.",1746233179.0
1kdgkr4,1,[deleted],1746233179.0
1kdgkr4,0,"I don’t have an articulate reason for not liking Clair obscur, I just don’t have fun when I play it.",1746233179.0
1kdgkr4,0,"I don’t have an articulate reason for not liking Clair obscur, I just don’t have fun when I play it.",1746233179.0
1kdgkr4,1,[deleted],1746233179.0
1kdg63f,0,If you can pick two video game characters to do a crossover which two characters would you pick and why?.,1746231932.0
1kdg63f,1,After watching the new death battle I want to see Master Chief and Doom Guy in a game working together,1746231932.0
1kdfekl,0,You will like the baguette I am going to give you..,1746229646.0
1kdfekl,1,Get ready for it !,1746229646.0
1kdf4vl,1,[removed],1746228855.0
1kdf2kd,0,Come on guys..,1746228660.0
1kdf02n,1,[removed],1746228460.0
1kdeubt,0,Themes you wished were explored more in games.,1746228003.0
1kdeubt,1,"We seem to get the same genre types with sci-fi, high fantasy, dark fantasy, or war (historical to future).",1746228003.0
1kdeu10,0,House of the Dead 2 Incredible Voice acting..,1746227980.0
1kdehq4,1,"Before starting what I'm about to say, keep in mind, I'm a pretty overdramatic person and worry a lot, so, maybe everything I'm worrying about isn't any BIG cause for concern, but...I need a place to kind of ""vent"".",1746227010.0
1kdehq4,2,"Over the years, there's been some pretty worrying things jumping up in the gaming sphere.",1746227010.0
1kdegu8,0,Warrior Architects 未來將考慮尚未開放的建築風格，如甜蜜風、自然、玩具.,1746226935.0
1kdefbl,0,"A game that didn't need the best graphics to be incredibly scary (Land of the Dead, 2005).",1746226831.0
1kdea4s,0,See that guy over there?.,1746226429.0
1kde5p1,0,You know what really sucks about the rise in prices?.,1746226084.0
1kde5p1,1,The devs aren't going to see a dime of it.,1746226084.0
1kde3ux,0,South of Midnight reaches over 1 million players less than a month after launch..,1746225939.0
1kde3ux,1,Seems like game pass has a really good impact on smaller AA-type games which is quite nice to see.,1746225939.0
1kde3sa,0,Never played the original but I can't even begin to imagine how incredible Oblivion was back in the day..,1746225934.0
1kddpdi,0,Rate my encriclement..,1746224829.0
1kddpdi,1,[removed],1746224829.0
1kddf3a,1,(Read before crucifixion please).,1746224062.0
1kddf3a,2,[removed],1746224062.0
1kdd5a5,0,"Would you rather have an RPG where you can max out all skills, or one where level cap keeps you from making all skils.",1746223338.0
1kdd5a5,1,Fallout 4 and Skyrim allow you to max out all skills where as Fallout 3 and Cyberpunk 2077 have a level cap which stops and can't max all stats,1746223338.0
1kdcql3,0,"Marvel vs. Capcom: Clash of Super Heroes, 1998.",1746222278.0
1kdcmm7,0,Check out my buddy in DayZ.,1746221983.0
1kdcmm7,1,[removed],1746221983.0
1kdcmfb,1,[removed],1746221970.0
1kdcgv6,0,"Just me, enjoying GTAVI someday in the future.",1746221561.0
1kdcdeb,0,CRIMSON TALE | Announcement Trailer.,1746221306.0
1kdcb2l,0,"If, for some reason, you stopped playing turn-based games, how would you get back into them?.",1746221134.0
1kdcb2l,1,"Over a decade ago I had no issues playing turn-based games, but over the years I found myself playing them less and less.",1746221134.0
1kdc7a6,0,"Rocket League vs LoL, which is harder to go pro in?.",1746220853.0
1kdc7a6,1,[removed],1746220853.0
1kdbwhk,0,Cheers to another year in the sun !.,1746220071.0
1kdbwhk,1,[deleted],1746220071.0
1kdbhzx,0,Oblivion is cool and all but everyone knows what game really deserves a remaster.,1746219051.0
1kdbgts,0,Morrowind with NVIDIA Remix is already 2 years old....,1746218966.0
1kdb75v,0,This was on my steam frontpage.,1746218260.0
1kdaphi,1,[removed],1746217029.0
1kdaphi,1,[removed],1746217029.0
1kdaj27,0,GOTY2025 competition now that GTA6 is out of the race.,1746216569.0
1kda9bj,1,[removed],1746215893.0
1kda75n,1,[removed],1746215736.0
1kda4ui,1,[removed],1746215573.0
1kda1dj,0,What makes Expedition 33 special - is it the story or just the mechanics?.,1746215315.0
1kda1dj,1,I've been hearing a lot of buzz about Clair Obscur: Expedition 33 and I'm curious what exactly makes it stand out from other turn-based games.,1746215315.0
1kd9lam,0,Weirdest bug I've ever seen (cod 4).,1746214168.0
1kd9lam,1,[deleted],1746214168.0
1kd97j1,0,Found a long forgotten relic at home today.,1746213188.0
1kd97j1,1,Having a clean out and found this stuffed in a box.,1746213188.0
1kd95ug,0,"Need help, friend keeps disconnecting from most p2p games.",1746213064.0
1kd95ug,1,[removed],1746213064.0
1kd90sd,0,When the Side Villains are more memorable than the Main Villains..,1746212716.0
1kd8xja,0,Wishlist My Game “Veggie Brawl” on Steam – Help an Indie Dev Out!.,1746212494.0
1kd8xja,1,[removed],1746212494.0
1kd8ttx,0,I had no idea Expedition 33 was this terrifying (joke).,1746212247.0
1kd8ttx,1,This is really just a partial transition effect where objects go invisible based on camera angle.,1746212247.0
1kd8ttx,0,I had no idea Expedition 33 was this terrifying (joke).,1746212247.0
1kd8ttx,1,[deleted],1746212247.0
1kd8q06,0,Easy level.,1746211973.0
1kd8c9l,0,I was wondering what people would recommend to cloud game on..,1746210970.0
1kd8c9l,1,[removed],1746210970.0
1kd8bej,0,"With GTA 6 delayed, what game do you think will win GOTY?.",1746210911.0
1kd8bej,1,[removed],1746210911.0
1kd89wd,0,I will never understand those company..,1746210804.0
1kd89wd,1,[removed],1746210804.0
1kd82pn,0,"Gaming ""unions"" viability?.",1746210294.0
1kd82pn,1,Take the title with a grain fo salt.,1746210294.0
1kd81ax,1,The overpriced compact PS4 isn't even out yet and Xbox has already joined the greed bandwagon.,1746210192.0
1kd81ax,2,Expect PlayStation to join very soon..,1746210192.0
1kd7z5t,1,[removed],1746210037.0
1kd7xbs,0,Dead State Ghost Town Terror!.,1746209910.0
1kd782r,0,"I understand that game production is more expensive than it used to be, but isn’t the consumer base way bigger than it used to be?.",1746208176.0
1kd782r,1,"You would think that the economy of scale would help keep game prices, lower, especially with the amount of competition there is.",1746208176.0
1kd76w0,0,Did You ever let someone else play a Boss fight/Section of a Game for You as an adult because You couldn't do it or were to scared?.,1746208093.0
1kd76w0,1,"I know many People that (When they were still Children) let their older Brother, Father or an older Friend play specific sections of Games, or beat specific Boss fights for them since they were either to strong",1746208093.0
1kd73fh,1,i'm playing a 2d run and gun and just wondered if A would be jump or dodgeroll.,1746207851.0
1kd73fh,2,"i haven't played darksouls, but would it be attack or dodge roll?",1746207851.0
1kd6hhf,0,How it feels not getting invited to both the Arc Raiders or Marathon alphas.,1746206346.0
1kd6cgx,0,[image processing failed].,1746206002.0
1kd6cgx,1,[deleted],1746206002.0
1kd6bsd,0,"With GTA 6 coming next year, what do you think the GOTY will be this year?.",1746205957.0
1kd6bsd,1,[removed],1746205957.0
1kd64ec,0,Called it..,1746205443.0
1kd5pk2,0,Dragon Quest creator Yuji Horii says Chrono Trigger Remake is in the works at interview in Italy.,1746204427.0
1kd5pk2,0,Dragon Quest creator Yuji Horii says Chrono Trigger Remake is in the works at interview in Italy.,1746204427.0
1kd5pk2,1,[deleted],1746204427.0
1kd56uz,0,Lost Records deserves more recognition.,1746203119.0
1kd56uz,1,it feels like the real next Life is Strange game after LIS2.,1746203119.0
1kd56uz,0,Lost Records deserves more recognition.,1746203119.0
1kd56uz,1,[deleted],1746203119.0
1kd54m3,0,An Important Announcement From TripleJump: Triple jump podcast closing.,1746202959.0
1kd54m3,1,"The British video game channel on YouTube, triple jump, has announced today that it is closing down.",1746202959.0
1kd4zee,0,High value Steam library ready to play games.,1746202601.0
1kd4zee,1,[removed],1746202601.0
1kd4wpd,1,[removed],1746202415.0
1kd4ofz,0,"Welp, we know when Horizon 3 is coming out..",1746201839.0
1kd4ofz,2,"Zero Dawn came out at the same time as Breath Of The Wild and Forbidden West came out at the same time as Elden Ring, they gotta keep the pattern going of releasing their games at the same time as the biggest releases in the industry.",1746201839.0
1kd49aq,1,When I saw it was launching this year I just assumed there would be a delay.,1746200825.0
1kd49aq,2,They’ve said virtually nothing about this game that’s going to be the biggest game of all time immediately on launch,1746200825.0
1kd3vil,0,Paradox's new grand strategy game Project Caesar / EU5 announced.,1746199875.0
1kd3v67,1,[removed],1746199851.0
1kd3tco,0,I have a question.,1746199728.0
1kd3tco,1,[removed],1746199728.0
1kd3oq3,0,Apex Legends: Completed 100 kills per legend Achievement.,1746199423.0
1kd3oq3,1,[removed],1746199423.0
1kd3kqr,0,GTA 6 officially postponed to 2026.,1746199154.0
1kd3kqr,0,GTA 6 officially postponed to 2026.,1746199154.0
1kd3kqr,1,[removed],1746199154.0
1kd305k,0,Jason Schreier on GTA VI’s delay..,1746197779.0
1kd2ttv,2,"Let me preface this by saying disappointment is subjective, I’m not agreeing with people actually flipping out and saying unhinged shit, but there is a section of the internet acting like anyone expressing any sort of dissenting opinion are entitled brats.",1746197346.0
1kd2ttv,3,Rockstar announced a 2025 date following an investors call.,1746197346.0
1kd2dob,0,Am I cooked chat?.,1746196219.0
1kd2dob,1,[removed],1746196219.0
1kd1xgs,0,ELDEN RING NIGHTREIGN | Overview Trailer.,1746195074.0
1kd1vct,0,"Guys, you know the date.",1746194921.0
1kd1vct,1,[deleted],1746194921.0
1kd1oyt,0,Called it !.,1746194476.0
1kd1koy,0,Is it me or does the Switch 2 feel like the first real old school console launch in a while?.,1746194171.0
1kd1koy,1,"Maybe it was the pandemic, maybe it was availability or maybe it was the software, but the PS5/Xbox series launch 5 years ago seemed to happen quietly.",1746194171.0
1kd1dtk,0,Early The Walking Dead alike Survival Games?.,1746193648.0
1kd1dtk,1,I'm looking for a Zombie survival game with focus on looting houses and surviving against zombies.,1746193648.0
1kd16gg,1,At least it has a nice ring to it,1746193103.0
1kd165w,1,I don't understand this hype..,1746193081.0
1kd165w,2,[removed],1746193081.0
1kd0tr8,0,Clair Obscur: Expedition 33 Publisher Says The Elder Scrolls IV: Oblivion Remastered Shadow-Drop Actually Benefitted the Game by Drawing Attention to ‘Quality RPGs That Week’.,1746192134.0
1kd0tr8,0,Clair Obscur: Expedition 33 Publisher Says The Elder Scrolls IV: Oblivion Remastered Shadow-Drop Actually Benefitted the Game by Drawing Attention to ‘Quality RPGs That Week’.,1746192134.0
1kd0tr8,1,[deleted],1746192134.0
1kd0pcv,2,[removed],1746191800.0
1kd0l86,0,Which should i get: Armored core 6 or cyberpunk 2077.,1746191482.0
1kd0he0,0,"Half-Life 3 is reportedly being widely playtested ahead of a possible summer reveal, winter release.",1746191175.0
1kd0fmz,0,Everything is now a GOTY.,1746191039.0
1kd09xt,1,"As we continue to glaze this game as Game of the Generation, how about another discussion about the combat loop.",1746190596.0
1kd09xt,2,You know how everybody has been struggling to really define what to compare the gameplay to?,1746190596.0
1kd09kq,0,"My 14 years old concept of Battle City inspired tank game, that never reached a prototype stage.",1746190569.0
1kd09kq,1,Does it look playable in 2025?.,1746190569.0
1kd07oz,0,Fuck that intern.,1746190409.0
1kd07nc,0,This aged like milk.,1746190405.0
1kd04qs,0,We Made The Hellbomb Backpack from helldivers 2.,1746190160.0
1kd04qs,1,It consists of 89 parts and took 1 week to print across 9 of our 3D printers running around the clock.,1746190160.0
1kd01kh,1,[removed],1746189889.0
1kd00tj,0,GTA 6 delayed to 2026!,1746189826.0
1kd00tj,1,… and I’m actually happy.,1746189826.0
1kd00tj,0,GTA 6 delayed to 2026!,1746189826.0
1kd00tj,1,… and I’m actually happy.,1746189826.0
1kd00d7,1,Why does the wider gaming populace on Reddit have to do this every time a great comes out?,1746189786.0
1kd00d7,2,"Like yeah guys, Clair is incredible, it’s an easy game of the year contender.",1746189786.0
1kd00d7,1,Why does the wider gaming populace on Reddit have to do this every time a great comes out?,1746189786.0
1kd00d7,2,"Like yeah guys, Clair is incredible, it’s an easy game of the year contender.",1746189786.0
1kczvs7,0,Gamers watching Andor.,1746189392.0
1kczr3p,0,"After all the announcements about potential $80 games, is 2025 the perfect time to be a patient gamer?.",1746188985.0
1kczr3p,1,This year we finally have the perfect reason to take a jab at our massive game backlog and try to avoid purchasing new games although it's really hard to resist the temptation to get rid of that FOMO that has been haunting our wallets for the past decades.,1746188985.0
1kczh8g,1,"If you’re not a patient gamer and haven’t built a backlog, now is the time.",1746188136.0
1kczenn,0,Did you know that GTA Vice City was developed in only 9 months.,1746187910.0
1kczase,0,Xbox account help me.,1746187585.0
1kczase,1,[removed],1746187585.0
1kcz0dj,0,"In Split Fiction, there's a section that switches to second-person shooter.",1746186669.0
1kcz0dj,1,"As explained in [this Nick Robinson's video](https://youtu.be/mC8QoRa8y_Q), a second-person shooter is when you see yourself from the enemy's perspective, and this part does exactly that.",1746186669.0
1kcz035,0,GTA VI Officially postponed with Release Date: 26th May 2026 !.,1746186645.0
1kcz035,0,GTA VI Officially postponed with Release Date: 26th May 2026 !.,1746186645.0
1kcz035,1,[removed],1746186645.0
1kcywea,0,What do you think the internet would look like if GTA 6 turned out bad?.,1746186312.0
1kcywea,1,[removed],1746186312.0
1kcyv97,0,"Rockstar GTAVI delayed to May 26th, 2026.",1746186213.0
1kcyuyu,0,"Grand theft auto 6 coming may 26, 2026.",1746186187.0
1kcyuyu,1,"Not surprising, but disappointing gta 6 is coming out later than is hope.",1746186187.0
1kcyt32,1,Panicking fighting zombies I don't need this junk right now in the middle of my screen!.,1746186019.0
1kcyt32,2,[removed],1746186019.0
1kcyogg,0,GTA VI release date.,1746185583.0
1kcyo8t,0,"GTA VI is now delayed to MAY 26, 2026.",1746185562.0
1kcynbh,0,GTA 6 delayed.,1746185473.0
1kcykyk,0,"Grand Theft Auto VI is Now Coming May 26, 2026.",1746185263.0
1kcykmn,0,"Everyone’s glazing Expedition 33, but for the wrong reasons.",1746185230.0
1kcykmn,2,"I’ll say that, there was a moment partway through where I felt like I was playing a linear plat former.",1746185230.0
1kcykmn,0,"Everyone’s glazing Expedition 33, but for the wrong reasons.",1746185230.0
1kcykmn,1,[deleted],1746185230.0
1kcy77s,0,Greed isn't the word anymore.,1746183935.0
1kcy77s,1,[removed],1746183935.0
1kcy3o5,0,Retro physical games look beautiful.,1746183598.0
1kcy3o5,1,I’m mostly embracing digital games going forward but there’s just something about these old battered boxes that I don’t want to part with no matter how inflated their value is (the cart on the left is Super Mario World which was boxed with the console),1746183598.0
1kcxqox,0,Supply Chain Issues 2.0.,1746182223.0
1kcxqau,0,So..can I sell my Series X....for even more than I spent for it?.,1746182178.0
1kcxqau,1,I mean that's how capitalism works right?,1746182178.0
1kcwts0,0,"I know it gets annoying when you keep seeing something get showered with praise and hype over and over but trust me, Expedition 33 truly is that good..",1746178465.0
1kcwts0,1,"I think this is a time where we can all simply come together and enjoy something because holy shit, this game has reminded me why I loved video games in the first place.",1746178465.0
1kcwts0,0,"I know it gets annoying when you keep seeing something get showered with praise and hype over and over but trust me, Expedition 33 truly is that good..",1746178465.0
1kcwts0,1,[deleted],1746178465.0
1kcwgki,0,My girlfriend.,1746176858.0
1kcwgki,1,[removed],1746176858.0
1kcw5z4,1,"I'll start, Fallout 3, The Witcher 3 Wild Hunt, Burnout 3",1746175577.0
1kcw2or,0,Clair Obscur: Expedition 33's incredible soundtrack was composed by a guy who posted his Soundcloud tracks on a gaming forum.,1746175177.0
1kcvjd2,0,In this world of influx of information I actually don't know whats real.,1746172779.0
1kcvjd2,1,What are the actual reasons everything in gaming is becoming substantially more expensive?.,1746172779.0
1kcua2h,0,Halo ODST Fanart by Me.,1746167320.0
1kcu980,1,and does anyone get it right?.,1746167226.0
1kcu980,2,"Generally i've always disliked when first person games apply screen effects and camera shake to first person views, because that's what happens to CAMERAS and not human eyes.",1746167226.0
1kctvjx,1,"Use this post to discuss life, post memes, or just talk about whatever!",1746165644.0
1kctvjx,2,This thread is posted weekly on Fridays (adjustments made as needed).,1746165644.0
1kct7n8,1,[removed],1746163023.0
1kcsyku,0,"In light of the Oblivion Remaster, Morrowinds longest running and largest mod, Tamriel Rebuilt has released its latest expansion, Grasping Fortune..",1746162069.0
1kcsyku,1,[removed],1746162069.0
1kcslgx,1,I have a friend who narrates what they’re doing in their game every 5 seconds.,1746160657.0
1kcslgx,2,"4 of us were in a party last night, all playing different games.",1746160657.0
1kcsl7a,0,AU Is Doom: The Dark Ages Secretly a Heretic or Quake Sequel?.,1746160628.0
1kcsjx6,0,The Oblivion Map that came with the OG game..,1746160497.0
1kcsjx6,1,"When I bought Oblivion, it came with this map.",1746160497.0
1kcsab4,0,Price increases we as consumers need to say no with our DOLLARS.,1746159488.0
1kcsab4,1,[removed],1746159488.0
1kcru60,0,"After playing enough games, I'm needing suggestions to find new ones...",1746157915.0
1kcru60,1,"so, without any confusion, may I receive any recommendations?.",1746157915.0
1kcru60,0,"After playing enough games, I'm needing suggestions to find new ones...",1746157915.0
1kcru60,1,"so, without any confusion, may I receive any recommendations?.",1746157915.0
1kcrhk2,0,"Lot of people are pointing out that Expedition 33 isn't the only JRPG with a different take on turn based combat, so I'm curious what other people's favorites are?.",1746156666.0
1kcrhk2,1,"A couple of games that come to mind for me with less than conventional turn based combat are Legend of Dragoon, Xenogears and Octopath Traveler.",1746156666.0
1kcqv5s,1,[deleted],1746154627.0
1kcqv5s,1,"With all the guns and gear you get, late game Death Stranding kinda feels like Metal Gear Solid when infiltrating MULE camps.",1746154627.0
1kcqv5s,2,I hope Death Stranding 2 builds on it and gives us a quasi-MGS 6 experience for a portion of the game.,1746154627.0
1kcqudu,0,"Gamers 30+, what's something from ""back in your day"" that younger gamers today wouldn't understand?.",1746154556.0
1kcqudu,1,Reading the game manual after buying the game on my way hone,1746154556.0
1kcqoez,0,What video game character took you a long time to learn how to play?.,1746154017.0
1kcqoez,3,but I like to think I'm decent,1746154017.0
1kcqocs,1,[removed],1746154012.0
1kcqa14,0,Why are unmarked collectibles still a thing in video games?.,1746152739.0
1kcqa14,1,[removed],1746152739.0
1kcq9hc,0,Dying Light: Bad Blood - Slums.,1746152690.0
1kcpti9,0,This is all I could think of with the Xbox price increase announcements.,1746151264.0
1kcpti9,1,[removed],1746151264.0
1kcpti9,0,This is all I could think of with the Xbox price increase announcements.,1746151264.0
1kcpti9,2,/**Bottom image generated with AI*,1746151264.0
1kcpn11,0,Blocked trying to update on steam.,1746150712.0
1kcpn11,1,"I have a hankering to play the witcher 3 tonight, but it requires an update to play in steam.",1746150712.0
1kcpbvy,0,Looking for suggestions of games that work well with Adaptive Controllers..,1746149726.0
1kcpbvy,2,"My nephew has cerebral palsy and I (with a few others) put in to pick him up an Xbox Series S, the Xbox Adaptive Controller, and the Logitech buttons that work with it..",1746149726.0
1kcpbb9,1,"Especially with Star Wars Day coming up, is now a good time to ask for The Force Unleashed Remastered/Remake?",1746149676.0
1kcoonk,0,Myself and a very small team just released “Escape Snake” a few days ago – it’s a completely free level-based (and extremely challenging) take on the classic Snake game..,1746147691.0
1kcoonk,1,[removed],1746147691.0
1kcojnk,0,It actually looks pretty good.,1746147267.0
1kco8hr,0,Why haven't we gotten a superhero RPG yet?.,1746146298.0
1kco8hr,1,"I don't mean a DC or Marvel RPG, I mean an original, create-your-own-superhero RPG in a superhero world.",1746146298.0
1kco1sb,0,"Clair Obscur: Expedition 33 lead writer says ""chances are good"" that the JRPG banger gets DLC at some point.",1746145731.0
1kcnpal,0,"Ruining The World Because ""It's Just Business.",1746144683.0
1kcnpal,1,[removed],1746144683.0
1kcnft8,0,Games that drop the enemies weapon by their body instead of being in their loot table is tedium for the sake of realism.,1746143906.0
1kcnft8,1,The main culprits this year is kingdom come deliverance 2 and oblivion remaster.,1746143906.0
1kcn8vb,0,Really enjoying this Expedition 33 game!.,1746143329.0
1kcms7z,0,Dark Souls Franchise Sale 2025.,1746141982.0
1kcmjmk,2,[deleted],1746141303.0
1kcmjmk,2,Watching some retrospectives on the series but basically all the deeper coverage I can find is just the PS1 version but I know there's 3 available versions with pro's and cons (like the N64's higher res but audio changes).,1746141303.0
1kcmjmk,3,"Curious what version, if any, is considered definitive?",1746141303.0
1kcm3e4,0,I need game pass account or cart gift.,1746140054.0
1kcm3e4,1,[removed],1746140054.0
1kclrqk,0,Where does the myth come from that video games never went up in price up until now?.,1746139153.0
1kclrqk,1,"I see this being said all the time, even though it's definitively wrong.",1746139153.0
1kclevl,0,Twitter user DFF123 calls out openly racist player and asks to vote by poll to ban them.,1746138175.0
1kclevl,1,[removed],1746138175.0
1kclek1,0,Every game needs a photo mode (Cyberpunk 2077).,1746138150.0
1kclek1,1,[deleted],1746138150.0
1kclek1,0,Every game needs a photo mode (Cyberpunk 2077).,1746138150.0
1kcl4yc,0,"Dungeons &amp; Dragons: Tower of Doom Arcade Capcom, 1994 - (NoSoloBits).",1746137433.0
1kckhnn,0,My perfect vacation.,1746135744.0
1kcjs0c,0,This screenshot of mine hits hard,1746133897.0
1kcjjqx,0,How to Check it a game on the xbox store is compatible with pc or not?.,1746133318.0
1kcjjqx,1,[deleted],1746133318.0
1kcjjqx,0,How to Check it a game on the xbox store is compatible with pc or not?.,1746133318.0
1kcjjqx,1,"https://preview.redd.it/rm5j4j7ki8ye1.jpg?width=1920&amp;format=pjpg&amp;auto=webp&amp;s=f3320ce0cfd490b45bc23663a8b53cf820a11fff Sometimes games on the Xbox store have different versions, one for Xbox and one for pc, And Xbox titles can't be installed on windows pc",1746133318.0
1kcjib8,0,Recently fell in love with this game (Cyberpunk 2077).,1746133225.0
1kcj69o,0,Can't we just go back?.,1746132364.0
1kcj69o,1,https://preview.redd.it/ijneijlyf8ye1.jpg?width=1061&amp;format=pjpg&amp;auto=webp&amp;s=5843c37f48b1582832e89f89b2f450b89af2389a Miss the old days,1746132364.0
1kciwh6,10,I want to see what everyone's opinions are on this topic!,1746131664.0
1kciwh6,11,I think it's going to be interesting seeing the variation among peoples comments!,1746131664.0
1kcivwv,1,[removed],1746131625.0
1kcivwv,0,Sony's probably next.,1746131625.0
1kcipmd,1,"Morrowind mod ""Tamriel Rebuilt"" presents the Grasping Fortune expansion..",1746131166.0
1kcih1p,1,[removed],1746130567.0
1kci8s2,0,What game villain has the best reason for being evil.,1746129984.0
1kci8s2,1,I’ll go first and say Pagan Min from far cry.,1746129984.0
1kcht98,0,Spring In the Shire.,1746128903.0
1kchri0,0,That feeling when your own game hits new &amp; trending page on Steam,1746128776.0
1kchri0,1,but it's now competing with ButtKnight and SEXTELLAR.,1746128776.0
1kchn2v,0,More than a year working on my new project and finally...,1746128459.0
1kchn2v,1,I've release the first teaser !,1746128459.0
1kchn2v,0,More than a year working on my new project and finally...,1746128459.0
1kchn2v,1,I've release the first teaser !,1746128459.0
1kchk0k,0,Ubisoft stop I’m begging you.,1746128242.0
1kchfr0,0,"If you haven’t heard of this game, I strongly recommend checking it out..",1746127937.0
1kchfr0,2,"It kinda flew under the radar last year, at least from the mainstream media outlets, so I wanted to help get its name out there.",1746127937.0
1kch647,0,"Hear me out- Game Sharing, and Game Duplicating are two different things...but.",1746127254.0
1kch647,2,"I'm writing the post, cause as a exclusively PC player and getting made aware of ""Game Sharing"" on consoles and how these ""cross activation"" methods work.",1746127254.0
1kcgqmt,1,[removed],1746126157.0
1kcgnz3,0,A big hope is that GTA VI will lead to casual players buying new consoles.,1746125989.0
1kcgnz3,1,"With the current price hike and maybe more later, do you think the industry is overestimating what one game can do?.",1746125989.0
1kcgjg4,0,YSK about Indie Wiki Buddy - a browser extension to filter out Fandom and Fextralife wikis from search results.,1746125664.0
1kcggbu,0,Any day now....,1746125442.0
1kcgeo5,1,The candle that burns half as long burns twice as bright.,1746125325.0
1kcgeo5,3,"Any game is short if you know enough tricks, so I mean in terms of a first-time player.",1746125325.0
1kcg87p,0,The state of the gaming industry..,1746124867.0
1kcfjze,0,Xbox Console Prices Increase More Than 25% Amid Trump Tariffs.,1746123185.0
1kcfjze,1,[removed],1746123185.0
1kcfcgk,0,Max Payne 3 multiplayer on PC stil active on 2025.,1746122666.0
1kcfcgk,1,[deleted],1746122666.0
1kcf4er,0,I have not purchased 2 full price games so close together in over a decade.,1746122136.0
1kcf4er,3,"I feel these two games will keep me preoccupied for the next 6 months, but what other games are you looking forward to this year?",1746122136.0
1kcf4er,0,I have not purchased 2 full price games so close together in over a decade.,1746122136.0
1kcf4er,3,"I feel these two games will keep me preoccupied for the next 6 months, but what other games are you looking forward to this year?",1746122136.0
1kcf1jw,0,"Polygon sold to Valnet, many layoffs.",1746121934.0
1kcf1jw,1,[removed],1746121934.0
1kceotp,0,"The Developers Behind Clair Obscur: Expedition 33 and Hundred Line Recommend Playing Each Others, Helping Spreading the RPG love.",1746121072.0
1kcegh9,0,"Polygon sold to Gamerant owner, Valnet.",1746120505.0
1kcdqk8,0,"Expedition 33 publisher: ""Elder Scrolls: Oblivion didn’t seem to harm us at all"".",1746118731.0
1kcd8hy,0,"Too many great games in 2025, nice problem to have!.",1746117482.0
1kcd8hy,1,"Currently enjoying the hell out of Oblivion remastered, new Season has dropped in Diablo 4, want to play Clair Obscur:Expedition 33, Doom Dark Ages arrives in 2 weeks, Borderlands 4 incoming as is GTA 6, new DLC for Age of Empires 2 next week.",1746117482.0
1kcd0ad,0,"Polygon has been sold to Valnet, with the majority of staff laid off | VGC.",1746116923.0
1kcd0ad,0,"Polygon has been sold to Valnet, with the majority of staff laid off | VGC.",1746116923.0
1kcd0ad,1,[removed],1746116923.0
1kccscq,1,I'm posting this here,1746116384.0
1kccscq,2,and I know it's going to get downvoted and ridiculed a lot.,1746116384.0
1kccjas,1,[removed],1746115755.0
1kccjas,1,[removed],1746115755.0
1kcca3a,0,Panzer Strike | Announcement Teaser.,1746115141.0
1kcc7t8,0,How do you balance your adult life with gaming today?.,1746114975.0
1kcc7t8,1,[removed],1746114975.0
1kcc6kc,1,[removed],1746114890.0
1kcc588,0,Which Wheel for Pc should I get?.,1746114800.0
1kcc588,1,[removed],1746114800.0
1kcbydh,0,"Polygon has been sold to Valnet, with the majority of staff laid off.",1746114323.0
1kcbydh,0,"Polygon has been sold to Valnet, with the majority of staff laid off.",1746114323.0
1kcbydh,1,[removed],1746114323.0
1kcby2d,1,"Just a random thought I had while replaying DREDGE, do you think the game would feel scarier or more immersive if it was in first-person?",1746114302.0
1kcby2d,2,"Imagine actually walking around your boat, fixing things, fishing, and looking out into the dark waters yourself...",1746114302.0
1kcbw50,0,With the scare of Xbox products going up.,1746114166.0
1kcbw50,1,What should I get today?,1746114166.0
1kcbvov,0,Болид - чистый круг.,1746114133.0
1kcbsf9,0,Can somebody explain to me why there are still so many games that dont let you remap controller binds (but let you remap keybinds) ?,1746113915.0
1kcbh4u,0,Hot take: Sea of Stars deserves the same love Clair Obscur 33 is getting.,1746113148.0
1kcbh4u,1,[deleted],1746113148.0
1kcbh4u,0,Hot take: Sea of Stars deserves the same love Clair Obscur 33 is getting.,1746113148.0
1kcbh4u,1,Sea of Stars is a great turned based RPG that’s getting FREE DLC this coming May!,1746113148.0
1kcbdj2,0,Which games have a particular art style or character style that you don't like?.,1746112900.0
1kcbdj2,2,Both games were highly praised and I actually owned the latter at one time on the GameCube but I don't care for the look of the main characters.,1746112900.0
1kcbc3t,0,Why do we put up with thumbstick aiming when this exists?,1746112804.0
1kcbc3t,1,Can we get it redesigned for console use?.,1746112804.0
1kcb4p5,0,$50 masterpiece in an $80 industry.,1746112294.0
1kcb3w5,0,ARC Raiders has exceeded my expectations..,1746112240.0
1kcb3w5,1,This game is fantastic and people should check it out.,1746112240.0
1kcazo6,0,"I finally did it, a worthy challenge, thank you Clair Obscur developers.",1746111952.0
1kcazo6,0,"I finally did it, a worthy challenge, thank you Clair Obscur developers.",1746111952.0
1kcazo6,1,[deleted],1746111952.0
1kcar00,0,About to speed run this.,1746111384.0
1kca7cw,0,"Lol, thanks Nintendo..",1746109981.0
1kca3im,0,Remember when console prices used to go down over time?,1746109702.0
1kca27i,0,"Imagine you want to get someone who isn't into games, into gaming.",1746109608.0
1kca27i,1,Which single cutscene from any game of your choice do you show them?.,1746109608.0
1kc9qq1,0,Which UE4/5 games have seamless action like Half-Life?.,1746108778.0
1kc9qq1,1,[removed],1746108778.0
1kc9k6l,0,Hollow Knight: Silksong Will Be Playable in September 2025… at an Australian Museum.,1746108312.0
1kc97x0,0,Not your typical r/gaming post but here's my friends playing a (BOARD) game I spent a year making!.,1746107425.0
1kc97x0,1,It's about exploring a Pirate's map the players build themselves and it's called,1746107425.0
1kc91ow,0,Giant Bomb as we know it now is probably gone..,1746106957.0
1kc90xo,0,Help needed!,1746106900.0
1kc90xo,1,Looking for a game to practice driving a joystick operated wheelchair..,1746106900.0
1kc8tys,0,"I mean, he has a point.",1746106383.0
1kc8tys,0,"I mean, he has a point.",1746106383.0
1kc8tys,1,[removed],1746106383.0
1kc8ew5,0,Ever wondered what 3 years of game dev looks like?,1746105210.0
1kc87el,0,"Microsoft Raises the Price of All Xbox Series Consoles, Xbox Games Confirmed to Hit $80 This Holiday.",1746104616.0
1kc8492,0,Imagine if Mario Kart World had this kind of mod support.,1746104400.0
1kc77io,0,Games made with love and passion will always succeed..,1746101594.0
1kc77io,1,[removed],1746101594.0
1kc77io,0,Games made with love and passion will always succeed..,1746101594.0
1kc77io,1,[removed],1746101594.0
1kc6oow,0,🥖 Baguette Baguette 🥖.,1746099900.0
1kc6jia,0,Do you organise your hotbar the same in every game?,1746099405.0
1kc6jd2,0,Obsessed with Control's title cards.,1746099390.0
1kc6jd2,1,"Control Ultimate Edition (2019) by Remedy Entertainment There aren't many games where ""text"" ends up being one of my favorite features, there's something about these title cards that I find so fascinating.",1746099390.0
1kc6cwo,0,The Age of Bhaarat - Official Announcement Trailer.,1746098788.0
1kc65ti,0,"Today is the first of May, so what games are you playing this month?.",1746098096.0
1kc65ti,1,[removed],1746098096.0
1kc65ti,0,"Today is the first of May, so what games are you playing this month?.",1746098096.0
1kc65ti,1,[removed],1746098096.0
1kc64cw,0,Which game did vampirism best?.,1746097944.0
1kc64cw,1,Asking this as I begin a new character in Oblivion with the goal of becoming a gaunt Dunmer bloodsucker.,1746097944.0
1kc62j9,0,What's the oldest single player game you still play regularly today?.,1746097758.0
1kc62j9,0,What's the oldest single player game you still play regularly today?.,1746097758.0
1kc62j9,1,[removed],1746097758.0
1kc60ch,0,Rate my COC base..,1746097539.0
1kc60ch,1,[removed],1746097539.0
1kc604c,0,What's that one game you have in Steam that you still haven't got round to installing?.,1746097516.0
1kc604c,1,"Is there a game in your library that sits there haunting you, never installed?",1746097516.0
1kc5y6w,0,Dragoncraft Custom map project - Do you think newer Custom maps could bring people back to the community?.,1746097330.0
1kc5y6w,1,[removed],1746097330.0
1kc5fz3,0,"Xbox price increased at major European retailer, prompting fears of wider rises.",1746095342.0
1kc5fv8,0,"Forever grateful to the modding community for keeping this game alive with mods &amp; content to this day, and still going - SimCity 4.",1746095330.0
1kc5fv8,1,"Saw some modded video of this game back in 2022, and it intrigued me because it's a lot different from the SimCity 4 that I remember.",1746095330.0
1kc5en4,0,"Forever grateful to the modding community for keeping this game alive with mods &amp; content to this day, and still going - SimCity 4.",1746095188.0
1kc5en4,1,"Saw some modded video of this game back in 2022, and it intrigued me because it's a lot different from the SimCity 4 that I remember.",1746095188.0
1kc5en4,0,"Forever grateful to the modding community for keeping this game alive with mods &amp; content to this day, and still going - SimCity 4.",1746095188.0
1kc5en4,1,[deleted],1746095188.0
1kc5cm6,0,Help me for interview pls!!!.,1746094960.0
1kc5cm6,1,[removed],1746094960.0
1kc5cm6,0,Help me for interview pls!!!.,1746094960.0
1kc5cm6,1,[removed],1746094960.0
1kc58t2,0,Former Skyrim lead defends Bethesda’s loading screens – “[they’re] a necessary bane of the existence of Bethesda since time immemorial.,1746094521.0
1kc4a3b,0,WILL: Follow The Light | First Gameplay Reveal Trailer | March 2025.,1746090454.0
1kc3xb6,0,"The gaming industry is struggling, even though its making a ton of money..",1746088866.0
1kc32y0,1,Every gamer has a special game that gave him the fondest memories.,1746085080.0
1kc32y0,3,I played it on PSX console and it was a magic adventure like nothing else!,1746085080.0
1kc2rcn,0,Does anyone remember Howard Marks Smuggling game?.,1746083642.0
1kc2rcn,1,"Back in the early 2000s (or earlier) there was a web game, \`Howard Marks Smuggling game\`.",1746083642.0
1kc2j3h,0,In Rebuild 3 you can send a mother and her 1 year old baby on a zombie killing mission.,1746082700.0
1kc2j3h,0,In Rebuild 3 you can send a mother and her 1 year old baby on a zombie killing mission.,1746082700.0
1kc2j3h,1,[deleted],1746082700.0
1kc17sj,0,"Right now I’m playing Starfield, BG3, Elden Ring, Avowed and Dragon Age: The Veilguard.",1746077271.0
1kc17sj,1,"Do you play multiple RPGs at the same time, or one at a time?.",1746077271.0
1kc0q9k,0,Help me pick which Xbox spring sale game/dlc to buy.,1746075427.0
1kc0q9k,1,I have a gift card so I’m most likely going to buy one maybe two.,1746075427.0
1kc0ocf,0,Clair Obscure Expedition 33's near unanimous acclaim among gamers means this is the right time to discuss why it's okay for great games to have flaws.,1746075225.0
1kc0ocf,1,I am playing and absolutely loving Clair Obscure Expedition 33 (I'll call it COE33 from here on heh).,1746075225.0
1kc0n3b,0,GTA 5 Enhanced sometimes looks really really good.,1746075087.0
1kc03gm,0,Spring Forward.,1746073067.0
1kc00ni,0,Dr. Lupo BANNED for CHEATING in Chess Tournament.,1746072786.0
1kc00ni,1,[removed],1746072786.0
1kbzd4b,0,"Change my mind: Nintendo ""Virtual Game cards"" made the Switch experience worse.",1746070543.0
1kbzd4b,1,"I did the system update, and suddenly all my downloadable games are ""Card Missing"".",1746070543.0
1kbysur,1,Could be multiplayer I don’t mind,1746068591.0
1kbysur,2,I just need something fun to do lmao,1746068591.0
1kbyk2w,1,"That’s one small step for men, one big step for me",1746067792.0
1kbybfu,2,Fark these people.,1746067022.0
1kbx5nv,0,Opinion: Extraction Shooters will become the new thing every studio tries.,1746063364.0
1kbx5nv,1,[removed],1746063364.0
1kbwwrm,0,Probably Lots Of People Using Every French Word They Know Too….,1746062607.0
1kbwwrm,1,[removed],1746062607.0
1kbwwrm,0,Probably Lots Of People Using Every French Word They Know Too….,1746062607.0
1kbwl0b,0,can someone help me with my whack right trigger (it not pressed down).,1746061605.0
1kbwl0b,1,[removed],1746061605.0
1kbwkpk,0,Which game should I get from these?.,1746061580.0
1kbwkpk,1,Last game I played was BG3 and loved it.,1746061580.0
1kbvq5o,0,Epic says Fortnite is coming back to iOS in the USEpic is also putting forward a ‘peace offering’ to Apple.,1746058987.0
1kbvbua,0,"'Be more like Larian, less like Activision': Ex-Call of Duty producer takes his old employer to task for prioritizing FOMO over quality.",1746057819.0
1kbv49d,0,"Looking for a ps5 game that’s at least two players and can be played online together - love open world, medieval, shooting, survival games.",1746057223.0
1kbv49d,1,Me and my long distance bf met and played on gta online the most random way to meet lol but we’ve been playing for a good year now and he’s starting to feel a little bored of it and me too tbh.,1746057223.0
1kbuuei,0,I hate the driving in GTA 5.,1746056440.0
1kbuuei,1,[deleted],1746056440.0
1kbuuei,0,I hate the driving in GTA 5.,1746056440.0
1kbuuei,2,I never played any games requiring driving or really even featuring driving growing up.,1746056440.0
1kbutg2,2,You have the ability to time travel back to 1980.,1746056369.0
1kbutg2,3,You can only take one video game on one console to amaze the gamers of 1980.,1746056369.0
1kbunmd,0,Blue Prince really caught me off guard.,1746055903.0
1kbunmd,1,This game is so much fun to play together with my wife!,1746055903.0
1kbunla,1,I think Kratos from original God of War games,1746055900.0
1kbunla,1,[deleted],1746055900.0
1kbuc8m,0,I made a cocktail based on the Great Fairy's Tears from Legend of Zelda: Twilight Princess.,1746054997.0
1kbuc8m,1,[removed],1746054997.0
1kbuc8m,0,I made a cocktail based on the Great Fairy's Tears from Legend of Zelda: Twilight Princess.,1746054997.0
1kbubdb,0,Bro needs to chill.,1746054927.0
1kbu8i1,0,I just finished Clair Obscur Expedition 33 and holy f*ck did I played one of the best game of my life.,1746054691.0
1kbu8i1,1,I still cannot fathom how the 30 people team managed to pull this off.,1746054691.0
1kbtu81,0,Another iconic UI replaced with an awfully generic rpg menu.,1746053590.0
1kbtlvh,0,What’s your opinion on this game?.,1746052943.0
1kbtlvh,1,I actually paid $69.99 for it when it came out.,1746052943.0
1kbtlvh,0,What’s your opinion on this game?.,1746052943.0
1kbtlvh,1,I actually paid $69.99 for it when it came out.,1746052943.0
1kbt4ql,1,[removed],1746051617.0
1kbt2xv,0,Apparently the United States is considering 120% tariffs on video games produced by companies with a physical office outside of the United States....,1746051487.0
1kbt2xv,1,[deleted],1746051487.0
1kbsyag,1,You're the new casting director for a film/TV adaptation of a game you love (preferably a more obscure title).,1746051138.0
1kbsyag,2,"What game do you choose, and what actors are you casting?.",1746051138.0
1kbsyag,1,You're the new casting director for a film/TV adaptation of a game you love (preferably a more obscure title).,1746051138.0
1kbsyag,2,"What game do you choose, and what actors are you casting?.",1746051138.0
1kbsr0z,0,I hope Witcher 4 explores Ciri's ability to travel the multiverse.,1746050604.0
1kbsr0z,2,My favorite Witcher 3 mission is the one towards the end where you &gt;!traveled across multiple worlds.!&lt; It gave just the briefest glimpse into the larger reality at play in the Witcher universe.,1746050604.0
1kbsr0z,0,I hope Witcher 4 explores Ciri's ability to travel the multiverse.,1746050604.0
1kbsr0z,1,[deleted],1746050604.0
1kbspm9,0,We Might Be About To Lose A Powerful Force In The World Of Video Game Preservation.,1746050508.0
1kbsk17,0,"In my restless dreams, I see that town....",1746050123.0
1kbsip1,0,Harry Potter and the Top V [Harry Potter and the Philosopher's Stone ps2].,1746050027.0
1kbsf02,0,Your Latest Gaming Achievement That Made You Proud.,1746049768.0
1kbsf02,1,"When was the last time you did something in a game that made you proud, like you finally nailed the thing you were working towards?",1746049768.0
1kbrzn1,0,Kratos Fanart By Me.,1746048685.0
1kbrxro,1,"PC gamers, nVidia, MAGA… how do you feel about a boycott?",1746048552.0
1kbrxro,1,[removed],1746048552.0
1kbrwi6,0,Love what Expedition 33 has done with consumables.,1746048462.0
1kbrwi6,1,It basically took a page from the book of dark souls and made them a fixed amount that can be recharged at save points.,1746048462.0
1kbrt8z,0,Borderlands 4 - State of Play Deep Dive | PS5 Games.,1746048231.0
1kbrt52,0,The most underrated gaming platform ever.,1746048223.0
1kbrk9f,0,Borderlands 4 - Gameplay Trailer.,1746047583.0
1kbrj4z,0,Evil Dead: The Game is being removed from sale just three years after it launched.,1746047501.0
1kbr59g,1,"I know each game is going to be different, but any general tips for combat I can use for almost any game?",1746046533.0
1kbr59g,2,"I really suck at combat, play on story mode most of the time, but I want to get better.",1746046533.0
1kbr45s,0,For those who come after.,1746046457.0
1kbr45s,1,Expedition 33 is by far one of the best games I have ever played.,1746046457.0
1kbqssa,0,"Xbox revenue up, hardware down in latest earnings report.",1746045644.0
1kbp8n5,0,Memoriapolis leaves early access today with v1.0 update.,1746041660.0
1kbp8n5,1,"Not sure if that many people play this game, but I've been loving it.",1746041660.0
1kbp8md,0,Assassins Creed Valhalla crashing.,1746041658.0
1kbp8md,1,[removed],1746041658.0
1kbp5rj,1,[removed],1746041460.0
1kboyio,0,Can we play roblox on iPhone 16 pro max ??,1746040931.0
1kboyio,1,And is it safe and wont damage batery or something because rn i was playing it for an hour and my phone was so warm??.,1746040931.0
1kboyio,0,Can we play roblox on iPhone 16 pro max ??,1746040931.0
1kboyio,1,And is it safe and wont damage batery or something because rn i was playing it for an hour and my phone was so warm??.,1746040931.0
1kboygk,1,"Since it makes or breaks the experience, what games have successful controller support examples for you?",1746040926.0
1kboygk,2,What do you want to improve?,1746040926.0
1kboa9s,0,I made the 8bitdo R8 Mouse trailer less sad.,1746039234.0
1kboa9s,1,"Stumbled upon this trailer for 8bitdo's new mouse theme, I however didn't like how depressing the trailers music was so I revised it.",1746039234.0
1kbnb1l,0,What are some other shooters that treat gun functionality realistically like Helldivers 2?.,1746036782.0
1kbnb1l,1,"In every shooter I've played, not that I played them all anyway, you reload bullets into a magazine, though the magazine was ejected, and if you stop the reload animation, it just starts over as if nothing happened.",1746036782.0
1kbn7fs,2,[removed],1746036537.0
1kbn4k5,0,Apex Legends writer gets laid off 24 hours after the character she wrote is revealed.,1746036337.0
1kbn4k5,1,The writer was one of around 100 at Respawn Entertainment that was part of a larger EA layoff affecting many others.,1746036337.0
1kbn404,0,Who would win?,1746036298.0
1kbmudc,0,Halo Logo looks like the Oblivion Logo lying sideways.,1746035658.0
1kbmudc,1,Anyone ever noticed that?,1746035658.0
1kbmu8t,0,Lies of P is absolutely one of the best video games that I've played and a new favorite..,1746035650.0
1kbmu8t,1,The highest compliment I can pay this game is that if FromSoftware were emblazoned on the cover I wouldn't question it.,1746035650.0
1kbmjha,0,This is how I'm greeting my friends from now on (Expedition 33).,1746034900.0
1kbmge5,0,Сухость вокруг пирсинга.,1746034685.0
1kbmge5,1,[removed],1746034685.0
1kbmezp,0,Just beat Expedition 33 and is easily GOTY and maybe over many years.,1746034589.0
1kbmezp,2,Not a spoiler but when you think you’ve beaten the game it just keeps going and getting even better.,1746034589.0
1kbma6j,0,Can we have more line by line skipping of voiced&amp;subtitled cutscenes in games?.,1746034251.0
1kbma6j,1,"Having played xcx de and expedition 33 recently, both had voiced cutscenes that you can only skip as a whole.",1746034251.0
1kblzaa,0,Whoooaaa Black Betty....,1746033522.0
1kblyct,1,"In the very beginning of the game, when the number counts down from 34 to 33, you see tons of people turned to petals and presumably died.",1746033455.0
1kblyct,2,Did they die because...,1746033455.0
1kblxrl,0,"What game do you recommend more, expedition 33, oblivion, or the shadow of the eldtree dlc?.",1746033413.0
1kblxrl,1,[removed],1746033413.0
1kblp7j,0,Does anyone else still feel shame in choosing easy difficulty?.,1746032829.0
1kblp7j,1,[removed],1746032829.0
1kblp7j,0,Does anyone else still feel shame in choosing easy difficulty?.,1746032829.0
1kblp7j,1,[removed],1746032829.0
1kblh6y,0,Blocked game.,1746032294.0
1kblh6y,1,[removed],1746032294.0
1kblbvs,0,Why can't I find this 2B collectible?.,1746031925.0
1kblbvs,2,I'm looking hard.,1746031925.0
1kbl6df,0,Tekken 8 Players have found a New Infinite.,1746031542.0
1kbl6df,0,Tekken 8 Players have found a New Infinite.,1746031542.0
1kbl6df,1,[deleted],1746031542.0
1kbkkg4,0,"If you plug an xbox controller into usb, and it has rechargeable batteries ... will the batteries recharge?.",1746030032.0
1kbjuvd,0,I could do with more humour in my life.,1746028266.0
1kbjnb6,1,I've seen so many reviews like this.,1746027736.0
1kbjnb6,2,"I've seen assassin's creed games reviewed this, shadow of modor and so on.",1746027736.0
1kbjh9y,1,[removed],1746027315.0
1kbj5rp,0,Which game has your favourite in game codices/books/notes?.,1746026516.0
1kbj5rp,1,[removed],1746026516.0
1kbitqr,0,Don't Grind - Clair Obscura: Expedition 33.,1746025685.0
1kbitqr,1,This subreddit is obviously filled to the rafters with Clair content.,1746025685.0
1kbimsw,0,Nintendo Obliterated Their Superior Steam-style Family Sharing This Morning.,1746025223.0
1kbimsw,0,Nintendo Obliterated Their Superior Steam-style Family Sharing This Morning.,1746025223.0
1kbimsw,1,[removed],1746025223.0
1kbif2l,0,Why do people have issues with PC games always having to have an online connection?,1746024680.0
1kbif2l,2,"As I said I’m not trolling, I’m not trying to attack people, I am honestly wanting to understand why people have this mindset.",1746024680.0
1kbi6p8,1,"Feels like it's kind of cheating since the game's storyline was so good, but even then, other narrative driven games have gotten adaptations like Uncharted without nearly the success.",1746024086.0
1kbi3p3,0,"Breaking games used to be part of the fun of gaming, and sadly is rare with new releases.",1746023871.0
1kbi3p3,1,[removed],1746023871.0
1kbhz5w,0,I wish vampirism were in more RPGs.,1746023532.0
1kbhz5w,1,It's such a cool mechanic and can completely change up gameplay.,1746023532.0
1kbhqz4,0,"Abelard, tell these Rejects to be grateful for these generous gifts!.",1746022930.0
1kbhqz4,1,[removed],1746022930.0
1kbhqz4,0,"Abelard, tell these Rejects to be grateful for these generous gifts!.",1746022930.0
1kbhqz4,1,[removed],1746022930.0
1kbhio9,0,Can’t believe only 1/100 endings took me 80 hours.,1746022309.0
1kbhio9,1,This might be the most insane game ever made..,1746022309.0
1kbhhw1,0,Something Xbox players should be proud of - Xbox has the most diverse leadership team in the history of gaming.,1746022258.0
1kbhdls,0,Gustave’s having a bad day….,1746021950.0
1kbhdls,1,"So yeah, I’m gonna get on the COE33 train here even though everyone’s probably getting sick of it, but I just started playing the game last night (about 3 hours in now)",1746021950.0
1kbh8fe,0,"Wanted a COD AC-130 style experience but with realistic firing ranges and futuristic tech, so I started creating my own PC game.",1746021601.0
1kbh8fe,1,[removed],1746021601.0
1kbgydu,0,"The Flash game ""Don't Shit Your Pants"" has a Wikipedia page.",1746020862.0
1kbgbx6,1,A lonely lamppost against a backdrop of epic floating rocks awash in ethereal blue light is the kind of stuff I'm here for.,1746019246.0
1kbgbx6,2,It's like each new area tops the one before it.,1746019246.0
1kbf5zz,0,Clair Obscure Expedition 33: Any mods to adjust the camera position in combat (with Camera Movement off)?.,1746015946.0
1kbf5zz,1,"Hello, So I have been looking forward to Clair Obscure:",1746015946.0
1kbf37v,0,Flood npc got hit so hard this happend.,1746015714.0
1kbex6i,0,I Remade Unforgotten From Halo 2 Soundtrack.,1746015191.0
1kbelso,0,Please don't spoiler: Can I kill nevrons AFTER completing their quest or will I miss something?.,1746014179.0
1kbelso,1,[deleted],1746014179.0
1kbelso,0,Please don't spoiler: Can I kill nevrons AFTER completing their quest or will I miss something?.,1746014179.0
1kbelso,1,"Will I miss rewards or achievements, if I kill some of those fellas?",1746014179.0
1kbdt00,0,Physical demand of Clair Obscur: Expedition 33 leads to sold-out copies across the globe.,1746011467.0
1kbdt00,1,The company apologized and assured customers that they are working towards restocking..,1746011467.0
1kbdqke,0,I knew that I had seen him somewhere....,1746011220.0
1kbderr,0,Dualshock 4 not working properly.,1746010010.0
1kbderr,1,"My controler seems to be working fine, since it can open the ps4 and scroll and manipulate all the itens in the menu area perfectly.",1746010010.0
1kbdaha,0,The duality of man - Oblivion.,1746009553.0
1kbd547,0,Craving a proper Sci Fi Space Adventure.,1746008969.0
1kbd547,1,I've been searching for hours now,1746008969.0
1kbcnxt,0,Problems Every Gamer has Faced at least once..,1746007057.0
1kbcnxt,1,[removed],1746007057.0
1kbch9h,0,Oblivion is gorgeous.,1746006278.0
1kbcgez,0,Former Rockstar Developer Says GTA VI Doesn't Need New Trailers.,1746006169.0
1kbcgez,0,Former Rockstar Developer Says GTA VI Doesn't Need New Trailers.,1746006169.0
1kbcgez,1,[deleted],1746006169.0
1kbboxp,0,"I know it’s never gonna happen, but I wish this game would get a remake or remaster.",1746002717.0
1kbb7r6,1,[removed],1746000513.0
1kbb0fx,1,[removed],1745999625.0
1kbavvu,0,I think sonys bad investments will be very apparant in the 10th console generation..,1745999049.0
1kbaljo,0,7.38c Gameplay Patch.,1745997759.0
1kbak2f,0,Custom China tours.,1745997573.0
1kbaa1n,0,Probably downvoted for this.,1745996385.0
1kbaa1n,1,[removed],1745996385.0
1kb9fl8,0,What are you playing Wednesday!.,1745992892.0
1kb9fl8,1,What game's got your attention this week?,1745992892.0
1kb92lk,0,How will tariffs affect gaming in US?.,1745991463.0
1kb92lk,1,With the news that 8bidDo is halting controller shipments to the US due to tariffs I’m wondering what else will be affected.,1745991463.0
1kb8xxb,1,So this is going to be stupid and probably downvoted,1745990973.0
1kb8xxb,2,but I don't care.,1745990973.0
1kb8ll7,0,"Behold, what games used to look like.",1745989651.0
1kb8euh,1,We're eating so good this year.,1745988938.0
1kb8euh,3,"I'm hoping Clair Obscur gets the win, but there are so many good games.",1745988938.0
1kb8b13,1,[deleted],1745988526.0
1kb86eu,0,What are some good horror games where the monster is actively pursuing the player?.,1745988050.0
1kb86eu,1,"So far the Joy of Creation Reborn and It Steals have been fantastic, as some modes include monsters that you have to constantly repel.",1745988050.0
1kb86eu,0,What are some good horror games where the monster is actively pursuing the player?.,1745988050.0
1kb86eu,1,[deleted],1745988050.0
1kb7xwh,0,It took my asian brain a while to realise that it was MM/DD/YY..,1745987153.0
1kb7sya,0,8bitdo stopping shipments of controllers to the US thanks to tariffs.,1745986654.0
1kb7sya,1,If you were planning on getting one for any reason you better buy one now while supply is still here.,1745986654.0
1kb7dqv,0,Sony has announced they are delaying the release of PS5 Action Game 'Lost Soul Aside' from May 30th to 29th August.,1745985206.0
1kb7dqv,0,Sony has announced they are delaying the release of PS5 Action Game 'Lost Soul Aside' from May 30th to 29th August.,1745985206.0
1kb75y7,0,What Game Did You Want to Love But Was Ruined by One Thing?.,1745984449.0
1kb75y7,1,I’ve got 2 in mind actually and both were ruined by the same thing: always having to be online.,1745984449.0
1kb6r4j,0,Discussion: I don’t personally think the perfect Zombie game has been made yet.,1745983075.0
1kb6r4j,1,"I’ve played most of the big zombie titles—Dying Light, Left 4 Dead, 7 Days to Die, Project Zomboid, DayZ, etc.—and",1745983075.0
1kb6q24,0,Storm’s Brewing V2.0 Update.,1745982971.0
1kb6q24,1,[removed],1745982971.0
1kb6ehs,0,GOTY.,1745981945.0
1kb6ehs,1,[deleted],1745981945.0
1kb5r0k,1,"As much as I love Diablo and games under the same vein, I'm getting tired of having an overwhelming amount of enemies on my screen with damage numbers flying everywhere.",1745979902.0
1kb5r0k,2,I'm looking for games similar to Champions of Norrath and No Rest for the Wicked.,1745979902.0
1kb5qyc,1,I was recently playing a sidescroller called Valfaris and the heavy sludge music got me hyped.,1745979897.0
1kb5qyc,2,"I've already played modern DOOM games, Dusk, Prodeus etc.",1745979897.0
1kb5f6i,0,What are some funny gaming moments you remember online?.,1745978876.0
1kb5f6i,1,One time there was this person who posted on an online forum saying she’s an older lady looking for recommendations for easy games to play and a person replied “Demon’s Souls” and many were agreeing with him to convince her LMFAO,1745978876.0
1kb5bj0,0,I adore the overworld map in Expedition 33.,1745978576.0
1kb5bj0,1,"The way they played with the perspective, the dreamlike aesthetic and the way it feels kinda to scale - it somehow seems both new and old at the same time.",1745978576.0
1kb4o3u,0,It is perfectly okay to like a game for many other reasons beyond its main issue..,1745976576.0
1kb4o3u,2,"After seeing the discourse 4 years ago when the game dropped, a lot of people hated the story, and I was amongst the many disappointed and frustrated fans of the game.",1745976576.0
1kb4o3u,0,It is perfectly okay to like a game for many other reasons beyond its main issue..,1745976576.0
1kb4o3u,1,[deleted],1745976576.0
1kb4fjj,0,"Expedition 33 Wasn’t the Only Banger to Release on April 24, 2025.",1745975861.0
1kb4fjj,1,“The Hundred Line: Last Defense Academy” for those wondering.,1745975861.0
1kb47uv,0,What’s a favorite feeling thing to do in gaming?.,1745975209.0
1kb47uv,1,I would argue for a really good drift in a good feeling racing game.,1745975209.0
1kb3z5g,1,[removed],1745974486.0
1kb3fq0,0,joe &amp; mac is the best gaming had... these days it's only w*ke crap like starfield and assassin's creed...,1745972880.0
1kb3fq0,1,"i'll just stick to the classics, thanks.",1745972880.0
1kb290w,1,I'm in my 40's and never got to play it back in the day for various reasons.,1745969414.0
1kb290w,2,After watching some of Vinny Vinesauce's playthrough it just really got me.,1745969414.0
1kb23i9,0,"What game was dubbed so “Underrated” that when you finally played it, it was overhyped?.",1745968984.0
1kb1xtl,0,Nothing is gripping me - why?.,1745968542.0
1kb1xtl,2,"Games just aren't doing it for me at the minute, and I can't figure out why.",1745968542.0
1kb1c9p,0,Where do I find one???.,1745966876.0
1kb1c9p,1,[removed],1745966876.0
1kb1agl,1,[removed],1745966736.0
1kb169z,0,How to make REAL gaming friends if multiplayer games aren't your thing?.,1745966429.0
1kb169z,2,Like I really don't have interest in multiplayer games however I do compete in terms of monthly achievements.,1745966429.0
1kb1330,0,Been downloading free mobile games from this site — GTA 5 runs better than I expected.,1745966184.0
1kb120l,0,Been downloading free mobile games from this site — GTA 5 runs better than I expected.,1745966107.0
1kb0w9u,0,A painting I made inspired by Oblivion.,1745965677.0
1kb0jj4,1,I'm in the middle of clearing out my stuff in the old house and found this.,1745964739.0
1kaztab,1,Especially when Clive can jump over to the other side of it pretty easily,1745962865.0
1kazr2j,0,It's funny game logic that this broken bridge can't be crossed (Final Fantasy XVI).,1745962708.0
1kazr2j,1,[deleted],1745962708.0
1kaznrw,0,Name a game that consistently made you get into character.,1745962475.0
1kaznau,0,It's funny game logic that you can't cross this bridge (Final Fantasy XVI).,1745962444.0
1kaznau,1,[deleted],1745962444.0
1kazn5h,0,'Clair Obscur: Expedition 33' DLC Has a Good Chance Of Happening According to the Game's Lead Writer.,1745962434.0
1kazkeb,0,Death Stranding kinda feels like Metal Gear late game.,1745962242.0
1kazkeb,1,"As I was sneaking around an encampment, I took down a MULE (people obsessed with collecting packagaes) with my rope then proceeded to open fire on his buddies.",1745962242.0
1kazkeb,0,Death Stranding kinda feels like Metal Gear late game.,1745962242.0
1kazkeb,1,[deleted],1745962242.0
1kayw32,0,ROBLOX Diamond John Doe fan art.,1745960576.0
1kay9u5,2,Makes me nostalgic.,1745959048.0
1kay328,1,"As far as the elder scrolls games go, I’ve only played Skyrim and I loved it.",1745958574.0
1kay328,2,I’ve seen the Oblivion remaster drop and have the original version of the game.,1745958574.0
1kay2cp,0,What's a bad game that you enjoyed?.,1745958521.0
1kay2cp,1,"It had it's flaws, but the premise and locations were cool.",1745958521.0
1kaxv1j,0,I made a cocktail menu based on my favorite Video Games.,1745958011.0
1kaxv1j,1,[deleted],1745958011.0
1kaxm0i,0,"""Doom: The Dark Ages is a slower affair, and feels like a cheap copy of many other action games decidedly not named “Doom.”- says ex Sweet Baby Inc. employee.",1745957383.0
1kaxg80,0,It took me 1.5 yeas to make this game.,1745956988.0
1kaxg80,1,"I love observation duty games, but I also like survival horror style...",1745956988.0
1kax64a,0,Anyone else have a videogame actually change their life?.,1745956283.0
1kax64a,1,[removed],1745956283.0
1kax3po,0,8BitDo no longer shipping to US from China due to Trump tariffs.,1745956118.0
1kax3po,0,8BitDo no longer shipping to US from China due to Trump tariffs.,1745956118.0
1kax3po,1,[removed],1745956118.0
1kax1mb,0,"Got this code with my new headphones, something for Call of Duty, which I don't play.",1745955973.0
1kax1mb,1,Maybe someone can redeem and use this?.,1745955973.0
1kax1mb,0,"Got this code with my new headphones, something for Call of Duty, which I don't play.",1745955973.0
1kax1mb,1,Maybe someone can redeem and use this?.,1745955973.0
1kawkvd,0,Screenshot.,1745954793.0
1kawj9n,0,"Electronic Arts Lays Off Hundreds, Cancels ‘Titanfall’ Game.",1745954675.0
1kawhxh,0,What Did You Dislike About 'Clair Obscur'?.,1745954580.0
1kawhxh,2,"Since I'm not a fan of ""love bombing"" (the opposite of review bombing), I wanted to seek something refreshing by asking you all; what did you **dislike** about the hot new star ***Clair Obscur: Expedition 33*** ?",1745954580.0
1kawhkx,0,One of the cancelled Respawn projects is a Titanfall game code-named R7 (extraction shooter).,1745954555.0
1kavd4c,0,What game has the best leveling-up system?.,1745951743.0
1kavd4c,1,[removed],1745951743.0
1kav95s,0,Would you like some Nuka-Cola?,1745951468.0
1kav95s,1,"I've spent the whole evening drawing this poster, but it was worth it!.",1745951468.0
1kauuav,1,"What are some games where the player character is not the protagonist, but rather the secondary hero, or merely just someone who helps the true protagonist?",1745950465.0
1kauuav,2,"The only game that comes to mind for me is Oblivion, as you are not really the ""main hero"" of the main quest line.",1745950465.0
1kaukb7,1,[removed],1745949786.0
1kau7r3,1,[removed],1745948957.0
1kau5br,0,"This scene hit a lot harder when it was believable (Wolfenstein II, 2017).",1745948785.0
1kau5an,0,Is it just me or Expedition 33 has a lot of stylistic similarities with Dishonored series?.,1745948782.0
1kau5an,1,Especially user interface gives me Dishonored vibes,1745948782.0
1kau1qh,1,"RoboCop Rogue City has terrific music, spectacular art design and a cool as hell gritty tone that vastly enhances the experience which takes place after the second film.",1745948545.0
1kau1qh,2,"When it comes to gameplay, I found the shooting to be excellent and refreshingly different than a typical FPS due to being Robo... you aren't swift and therefore won't be runnin' and gunnin', instead there is an emphasis on gallery shooting which entails quickly dispatching large groups of enemies as they attempt to whittle down your armor.",1745948545.0
1katvx7,0,It’s been 12 years since my regular group vanished — so I made a place for people like us.,1745948146.0
1katvx7,1,[removed],1745948146.0
1katohm,0,Who remembers old console Minecraft?.,1745947651.0
1katohm,1,[removed],1745947651.0
1katohm,0,Who remembers old console Minecraft?.,1745947651.0
1katohm,1,[removed],1745947651.0
1kathkq,1,I'm looking for a some good MMORPG.,1745947202.0
1kathkq,2,I don't mind if it has a subscription system as long as it's not a pricey one,1745947202.0
1katgmq,0,"Between Witcher 3 and Nier Automata, which do you think has better music in your opinion?.",1745947133.0
1katgmq,1,[removed],1745947133.0
1katah6,1,I'm on this on repeat and laughing my ass off because it's so true.,1745946719.0
1kat5pb,0,Game of Thrones: Kingsroad Official Release Date Trailer (5/21/2025).,1745946398.0
1kasg5k,1,[removed],1745944694.0
1kaseef,0,What would your dream superhero game look like?.,1745944572.0
1kaseef,1,Exactly what the title says.,1745944572.0
1kascfp,0,F1 24 League racing - Fast drivers needed.,1745944442.0
1kascfp,1,[removed],1745944442.0
1kascfp,0,F1 24 League racing - Fast drivers needed.,1745944442.0
1kascfp,1,[removed],1745944442.0
1kasaut,0,DK Rap composer explains why Nintendo didn't credit him in the Super Mario Bros. Movie.,1745944338.0
1kas8p6,0,Forgive me Father for I have sinned.,1745944193.0
1kas8p6,1,[removed],1745944193.0
1kas8p6,0,Forgive me Father for I have sinned.,1745944193.0
1kas8p6,1,[removed],1745944193.0
1karyd1,1,Over the last few years I’ve been having a hard time finishing lengthier games.,1745943490.0
1karyd1,2,"I tend to start a game and sort of hyperfixate on it for a while, until I just completely drop it.",1745943490.0
1kark47,0,"Name a game ""sin"" you often do in games.",1745942515.0
1kark47,1,I watch playthroughts if I stuck for too long in the game,1745942515.0
1karh7i,0,Help with Clair Obscure.,1745942333.0
1karh7i,1,[removed],1745942333.0
1kaqnrz,1,[removed],1745940324.0
1kaqnrz,0,Arc Raiders Exclusive Beta Gameplay (live).,1745940324.0
1kaql3o,0,I still remember how frustrating it was as a kid not having a memory card leaving the console running for days just so I wouldn’t lose my progress..,1745940141.0
1kaql3o,1,[deleted],1745940141.0
1kaql3o,0,I still remember how frustrating it was as a kid not having a memory card leaving the console running for days just so I wouldn’t lose my progress..,1745940141.0
1kaql3o,1,"For two years, I couldn’t finish a lot of my PS2 games because I didn’t have a memory card.",1745940141.0
1kaqell,0,"As a fictional work, do you think the Bible would make for a solid basis for an MMORPG?.",1745939703.0
1kaqell,1,[removed],1745939703.0
1kaqell,0,"As a fictional work, do you think the Bible would make for a solid basis for an MMORPG?.",1745939703.0
1kaqell,1,[removed],1745939703.0
1kaqejv,0,Remembering when I was kid real pain of not having a memory card and leaving the console on for days just to not lose progress.,1745939699.0
1kaqejv,1,[deleted],1745939699.0
1kaqejv,0,Remembering when I was kid real pain of not having a memory card and leaving the console on for days just to not lose progress.,1745939699.0
1kaqejv,1,I couldn’t finish many games because I didn’t have a memory card for my PS2 for two years.,1745939699.0
1kaq9sa,0,Xbox sets the standard with the most diverse leadership team in the history of gaming!.,1745939370.0
1kaq7dt,0,Who in you're opinion has the coolest final boss entrance?.,1745939206.0
1kaq7dt,1,[removed],1745939206.0
1kaq79p,0,Wich headphones are people using for PC gaming?.,1745939198.0
1kaq79p,1,[removed],1745939198.0
1kaq5gv,0,Have YOU ever made friends through gaming?.,1745939075.0
1kaq5gv,1,[removed],1745939075.0
1kapwpq,0,What does my Top 25 favorite games list say about me?.,1745938488.0
1kapwpq,1,[removed],1745938488.0
1kaplpt,0,Building a PC vs Buying a PS5 Slim – Which Would You Choose in 2025?.,1745937692.0
1kaplpt,1,[removed],1745937692.0
1kapdoa,0,Borderlands 4 Release Date Moves Forward,1745937111.0
1kap4ml,0,It feels like the Expedition 33 hype has moved from legitimate interest to viral marketing.,1745936454.0
1kap4ml,1,Maybe it's just the cynic in me but someone mentioned this in another post and now I can't 'unsee it'.,1745936454.0
1kap4ml,0,It feels like the Expedition 33 hype has moved from legitimate interest to viral marketing.,1745936454.0
1kap4ml,1,[deleted],1745936454.0
1kaooie,0,Still have my 2005 Oblivion Collector’s Edition with the Septim coin sealed.,1745935285.0
1kaooie,2,I’ve been keeping that coin sealed for a looooong time.,1745935285.0
1kaokit,0,Dragon's Dogma 2 should get an expansion like Dark Arisen.,1745935004.0
1kaokit,1,To be 💯 I love Dragon's Dogma and am biased.,1745935004.0
1kaodnu,0,"Sam Lake would like to make a Moomins game, and write a novel after he retires.",1745934497.0
1kaodnu,1,[deleted],1745934497.0
1kaodnu,0,"Sam Lake would like to make a Moomins game, and write a novel after he retires.",1745934497.0
1kaochm,0,"CD Projekt Red shares more Cyberpunk Switch 2 footage, says it’s the ‘best way’ to play it on the go.",1745934413.0
1kaochm,1,[deleted],1745934413.0
1kao9fc,1,[removed],1745934185.0
1kao8b3,1,[removed],1745934101.0
1kao8b3,1,[removed],1745934101.0
1kao6t7,0,CDProjekt Red Says Switch 2 Is The “Best Way” To Play Cyberpunk 2077 On The Go.,1745933988.0
1kao6t7,0,CDProjekt Red Says Switch 2 Is The “Best Way” To Play Cyberpunk 2077 On The Go.,1745933988.0
1kanse0,0,March 2025 Worldwide Console Sales: PS5 1.13M Nintendo Switch 547K Xbox Series X|S 263K.,1745932869.0
1kanmmi,3,Do you have other similar games to recommend me ?,1745932417.0
1kanmmi,4,"And finally, do you think that bioshock is similar to prey ?",1745932417.0
1kan2ws,0,"So is Expedition 33 actually good or.... ...are you just clinging onto anything that looks like it has ""OG Gamer Values^(TM)"" and ignoring that it's a mid-tier title with a narrative premise that's low-key chuckle-worthy?",1745930861.0
1kan2ws,1,It seems a bit desperate to me.,1745930861.0
1kamyk8,0,What does my Installed games tell you about me?.,1745930500.0
1kamyk8,0,What does my Installed games tell you about me?.,1745930500.0
1kamyk8,1,[removed],1745930500.0
1kamw0y,0,Is “Doom” a must play franchise?.,1745930295.0
1kamw0y,1,I have never played it but always wanted to get into it.,1745930295.0
1kamw0k,1,[removed],1745930294.0
1kamv9q,0,What’s the best name for an achievement/trophy you’ve ever read?.,1745930236.0
1kamv9q,1,My nomination - Bridge Over Trebled Slaughter - Left 4 Dead,1745930236.0
1kamnuk,0,ChatGPT does not like Red Read Redemption 2.,1745929635.0
1kamnuk,2,It does seem to really like Elden Ring though.,1745929635.0
1kamnlo,0,Imperial City drawing to celebrate the Oblivion remastered release.,1745929614.0
1kamnlo,1,[You can check out more of my work here!](https://www.instagram.com/derek_myers_art),1745929614.0
1kamgul,0,Need suggestions for an online multiplayer game that feels like an old school multiplayer game.. Been trying and failing to find an online multiplayer game I can get into.,1745929019.0
1kamgul,1,Used to be a big fan of COD and Halo back in the day but they are just way too antisocial and competitive for me these days.,1745929019.0
1kameig,0,What indie game in your library is an underrated gem most don't know about?,1745928817.0
1kameig,1,I'll go first 👇🏾.,1745928817.0
1kam9vl,0,What game has disappointed you the most in your gaming adventure and why?.,1745928394.0
1kam9i1,0,Imperial City from Elder Scrolls Oblivion to celebrate last weeks remastered release.,1745928357.0
1kam9i1,0,Imperial City from Elder Scrolls Oblivion to celebrate last weeks remastered release.,1745928357.0
1kam9i1,1,[deleted],1745928357.0
1kam87u,1,I was just minding my own business in Oblivion when I turned around and saw this guard come out of a door dressed like this __ /r/,1745928242.0
1kam87u,2,gaming wouldn't let me post the video so here it is on The Elder Scrolls sub: /r/,1745928242.0
1kam5gp,0,Baldur’s Gate 3 director says his studio isn’t interested in making DLC because ‘it’s boring’.,1745928019.0
1kalpwv,1,I was just minding my own business in Oblivion when I turned around and saw this guard come out of a door dressed like this,1745926549.0
1kalpwv,1,[deleted],1745926549.0
1kalnha,1,I was just minding my own business in Oblivion when I turned around and saw this guard come out of a door dressed like this,1745926310.0
1kalnha,1,[deleted],1745926310.0
1kalc9o,1,[removed],1745925196.0
1kalacq,0,I need more time in a day to keep up with all these amazing 2025 releases….,1745925010.0
1kal0x2,0,The Perfect Cocktail.,1745924087.0
1kal0x2,1,[removed],1745924087.0
1kakypp,1,[removed],1745923840.0
1kakris,0,Finished Split Fiction last week - review.,1745923057.0
1kakris,1,Just finished this game last week with a friend.,1745923057.0
1kakhco,0,Interview with Trepang2 Dev Team on Designing Intense FPS Combat.,1745921898.0
1kajmm2,0,It hasn't been since Morrowind that I have been unable to exit the main menu.,1745918236.0
1kajmm2,2,"I am a 42 year old male, 3 kids been playing games since 1987 and this is the first game that had me crying my damned eyeballs out.",1745918236.0
1kajcx7,0,Mobile Legends: Bang Bang- All Working Redeem Codes April 2025.,1745917057.0
1kajcx7,1,[removed],1745917057.0
1kaj2bu,0,I love RPG Maker games.,1745915708.0
1kaj2bu,1,"Aveyond, Edolie, Stargazer, Millennium a New Hope, etc. were all games that I played.",1745915708.0
1kaiw41,0,"Can anybody with insider knowledge tell me, what happened to Arcane Studios?.",1745914902.0
1kaiw41,2,"Me and my partner replayed Dishonored 2, and seems it's an exact moment the studio started falling off a cliff.",1745914902.0
1kaig35,0,Rate these 11 games as per your experience..,1745912894.0
1kaig35,1,Horizon zero dawn Shadow of war Max payne 3 Gta V Assassin's creed odyssey Yakuza like a dragon Ghost of Tsushima Uncharted 4 TLOU Mad Max Watch dogs 1 Watch dogs legion,1745912894.0
1kai8ii,0,These are 11 of some popular games in the community I never played.,1745911968.0
1kai8ii,1,Please recommend in sequence which ones should I play first?.,1745911968.0
1kahxr8,1,There are plenty of games that I could have happily kept playing.,1745910681.0
1kahtwy,1,[removed],1745910221.0
1kahtwy,1,[removed],1745910221.0
1kahp8j,0,"15 years ago, Gabe Newell sent me this copy of Half Life 2: Raising the Bar signed by the dev team.",1745909676.0
1kahp8j,1,When I was about 14 I learned Gaben had a public email anyone could reach out to.,1745909676.0
1kaguys,1,[removed],1745906169.0
1kagjnh,0,"If you could re-play 1 old game for the first time again, what would it be?.",1745904879.0
1kagjnh,1,[removed],1745904879.0
1kagb0f,0,No way it said YES!.,1745903950.0
1kafy2a,0,this was a fascinating documentary on a small gaming community (there.com).,1745902559.0
1kafy2a,1,[removed],1745902559.0
1kafxzp,2,Was thinking about it recently and googled it and found out they remastered it,1745902551.0
1kafxzp,3,and it's bundled with the sequel!!,1745902551.0
1kafxzp,1,[removed],1745902551.0
1kafujb,0,Just happened to stumble upon this and I'm so happy!.,1745902176.0
1kafujb,2,I was thinking about it recently and googled it and they remastered it,1745902176.0
1kafujb,0,Just happened to stumble upon this and I'm so happy!.,1745902176.0
1kafujb,1,[deleted],1745902176.0
1kafs05,0,"If you could bring back one discontinued console, what would it be?.",1745901909.0
1kafs05,2,It had such a loaded library.,1745901909.0
1kafp7j,0,Adulthood..,1745901624.0
1kafk46,0,"Realistically speaking, do you believe that there could ever be a 100/100 game on metacritic, surpassing Ocarina's 99/100?",1745901095.0
1kafk46,1,What would a game like that look like?.,1745901095.0
1kafk46,0,"Realistically speaking, do you believe that there could ever be a 100/100 game on metacritic, surpassing Ocarina's 99/100?",1745901095.0
1kafk46,1,What would a game like that look like?.,1745901095.0
1kaf6uc,0,Pixel Art and Steam Deck are just a perfect combination.,1745899776.0
1kaf4jj,0,"What game is almost too long for it's own good, but fun almost the entire time?.",1745899546.0
1kaf4jj,1,just started Kingdome Come Deliverance 1 a couple weeks ago.,1745899546.0
1kaeagp,0,Green Minecraft 'Creeper Milk' is made with 'petroleum-based synthetic dyes' that even the Trump administration wants to ban.,1745896722.0
1kae6ay,0,"As an indie, do you think this looks good?",1745896330.0
1kae44y,0,Question about the plotting of Gustave in Expedition 33.. I just recently played this RPG and was very fascinated.,1745896126.0
1kae44y,1,"However, looking at reviews online, it seems that many people have an opinion on Gustave's plotting.",1745896126.0
1kae38j,0,"My small indie game demo ""Into the Fold- Nala Junction"" is coming out soon.",1745896041.0
1kae38j,1,I'll need all the feedback i can get to make it a good experience for you all..,1745896041.0
1kae38j,0,"My small indie game demo ""Into the Fold- Nala Junction"" is coming out soon.",1745896041.0
1kae38j,1,I'll need all the feedback i can get to make it a good experience for you all..,1745896041.0
1kae21n,0,Send this to a Harry Potter fan 😂 #Ron#Magic#Wand#Harry potter#Meme#Capcut#shorts.,1745895933.0
1kae21n,1,[removed],1745895933.0
1kae18q,1,You arrive at a remote retreat searching for answers.,1745895858.0
1kae18q,2,"Now, you must run, hide, and escape before it's too late.",1745895858.0
1kae18q,1,You arrive at a remote retreat searching for answers.,1745895858.0
1kae18q,2,"Now, you must run, hide, and escape before it's too late.",1745895858.0
1kadvfj,0,Thought I was the only one with one of these:).,1745895341.0
1kadugt,1,"You arrive at a remote retreat searching for answers, it turns into a desperate fight for survival.",1745895257.0
1kadugt,2,"Now, you must run, hide, and escape before it's too late.",1745895257.0
1kadugt,1,"You arrive at a remote retreat searching for answers, it turns into a desperate fight for survival.",1745895257.0
1kadugt,2,"Now, you must run, hide, and escape before it's too late.",1745895257.0
1kadtsg,1,"You arrive at a remote retreat searching for answers, it turns into a desperate fight for survival.",1745895194.0
1kadtsg,2,"Now, you must run, hide, and escape before it's too late.",1745895194.0
1kadtsg,1,"You arrive at a remote retreat searching for answers, it turns into a desperate fight for survival.",1745895194.0
1kadtsg,2,"Now, you must run, hide, and escape before it's too late.",1745895194.0
1kadokz,1,"You arrive at a remote retreat searching for answers, it turns into a desperate fight for survival.",1745894724.0
1kadokz,2,"Now, you must run, hide, and escape before it's too late.",1745894724.0
1kadokz,1,"You arrive at a remote retreat searching for answers, it turns into a desperate fight for survival.",1745894724.0
1kadokz,2,"Now, you must run, hide, and escape before it's too late.",1745894724.0
1kadnrh,1,"You arrive at a remote retreat searching for answers, it turns into a desperate fight for survival.",1745894649.0
1kadnrh,2,"Now, you must run, hide, and escape before it's too late.",1745894649.0
1kadnrh,1,"You arrive at a remote retreat searching for answers, it turns into a desperate fight for survival.",1745894649.0
1kadnrh,2,"Now, you must run, hide, and escape before it's too late.",1745894649.0
1kadmgj,1,"You arrive at a remote retreat searching for answers, it turns into a desperate fight for survival.",1745894533.0
1kadmgj,2,"Now, you must run, hide, and escape before it's too late.",1745894533.0
1kadmgj,1,"You arrive at a remote retreat searching for answers, it turns into a desperate fight for survival.",1745894533.0
1kadmgj,2,"Now, you must run, hide, and escape before it's too late.",1745894533.0
1kadc7s,1,"Love Elden Ring, was never good at it but managed to beat the game and still working through the brutal but impressive DLC.",1745893634.0
1kadc7s,2,"Never like turn-based games, couldn't get into Baulder's Gate and other turn based strategy games, but this feels like the sweet spot between skill and stretegy.",1745893634.0
1kad1qa,0,"Saw the Expedition 33 post about the Shrek out houses, found another (Borderlands 3)..",1745892708.0
1kad1qa,1,Shrek influence runs deep.,1745892708.0
1kad1qa,0,"Saw the Expedition 33 post about the Shrek out houses, found another (Borderlands 3)..",1745892708.0
1kad1qa,1,[removed],1745892708.0
1kact58,0,How is Clair Obscure for someone who's never played JRPG style games before?.,1745891961.0
1kact58,1,[removed],1745891961.0
1kact58,0,How is Clair Obscure for someone who's never played JRPG style games before?.,1745891961.0
1kact58,1,[removed],1745891961.0
1kacilg,0,What RPG game has the perfect length to you?.,1745891045.0
1kabswm,0,Expedition 33.,1745888832.0
1kabsl2,0,Expedition 33: Why Do So Many Female Characters Look Like Olga Kurylenko?.,1745888805.0
1kabsl2,1,"Emma, Sciel, Maelle, and others all bear an uncanny resemblance to Olga Kurylenko",1745888805.0
1kabhtc,0,How many live service games do you all usually juggle at once?.,1745887890.0
1kabhtc,1,[removed],1745887890.0
1kabddf,1,I would be in a world of hurt when it comes to gaming.,1745887520.0
1kabddf,2,Not for multiplayer purposes but for singleplayer based games.,1745887520.0
1kabbal,0,What sports would you like to see in my party game?.,1745887343.0
1kabbal,2,I've been working on a sports-themed party game for the past few months as a little side project whenever I've got the time and energy.,1745887343.0
1kabbal,0,What sports would you like to see in my party game?.,1745887343.0
1kabbal,1,[removed],1745887343.0
1kab8mh,0,[EXPERIMENTAL] v2025.4.3.,1745887125.0
1kab64q,0,oblivion remastered made me go on a nostalgia trip.,1745886918.0
1kab64q,1,[removed],1745886918.0
1kab64w,0,"As usual, Reddit doesn’t reflect the real world..",1745886918.0
1kab64q,0,oblivion remastered made me go on a nostalgia trip.,1745886918.0
1kab64q,1,[removed],1745886918.0
1kab64w,0,"As usual, Reddit doesn’t reflect the real world..",1745886918.0
1kab64w,1,[deleted],1745886918.0
1kaayoa,0,Looking for an old SNES game.,1745886292.0
1kaayoa,1,"Hey all, I'm finally stumped and need help identifying a game from when I was a kid.",1745886292.0
1kaax2l,1,"So, maybe this is going to sound like a glaze, but I really do think unreal 5 has proven to be a phenomenal tool for devs.",1745886158.0
1kaax2l,2,"It can struggle with stuttering for sure, but take a game like Clair Obscure.",1745886158.0
1kaax2l,1,[deleted],1745886158.0
1kaavad,0,Spent almost an hour climbing this stupid thing just to get this sexy swimsuit.,1745886014.0
1kaao2e,1,(and preferably not pixel).,1745885420.0
1kaao2e,2,I need game suggestions.,1745885420.0
1kaak21,1,open-ended vehicle missions in linear storygames are a slog to go through.,1745885096.0
1kaak21,3,"I understand changing up the formula, but similar to sewer levels, it just doesnt click with me.",1745885096.0
1kaa9wq,0,Look how beautiful this game is!,1745884271.0
1kaa4h5,0,I want a photo mode for this game ASAP.,1745883832.0
1ka9g3e,0,Tonal Whiplash!,1745881905.0
1ka9ckt,0,"I'm going to start tackling my backlog, but I don't know what game to start with.",1745881636.0
1ka9ckt,1,[removed],1745881636.0
1ka9ckt,0,"I'm going to start tackling my backlog, but I don't know what game to start with.",1745881636.0
1ka9ckt,1,[removed],1745881636.0
1ka9ckt,0,"I'm going to start tackling my backlog, but I don't know what game to start with.",1745881636.0
1ka9ckt,1,[removed],1745881636.0
1ka99vy,0,Need Cyberpunk style gaming suggestions please...,1745881424.0
1ka99vy,1,I really love a good Cyberpunk game..,1745881424.0
1ka98nb,0,Is this worth purchasing if I just played the original a year ago?.,1745881326.0
1ka98nb,1,Does this remaster really add enough new content that's worth me purchasing and playing the game again when I just finished it and Road to Gehenna last year?,1745881326.0
1ka8uao,0,How old are you vs how many hours do you play per week?.,1745880220.0
1ka8uao,1,[removed],1745880220.0
1ka84mw,1,[removed],1745878289.0
1ka81ju,0,You don't own anything..,1745878056.0
1ka7wta,0,Which Assassin's Creed game should I start with/is the best?.,1745877704.0
1ka7wta,1,Never played an Assassin's Creed game but it contains all the ingredients I usually love so I've always wanted to try it.,1745877704.0
1ka7l16,0,here you can download the best gta san andreas mobile modes and with no lag and the graphics are fire.,1745876881.0
1ka7krk,0,Xbox controller disconnecting from pc.,1745876861.0
1ka7krk,1,"All of a sudden today it started disconnecting from my pc every few minutes and half the buttons dont work when connecting back, but works just fine when I tried it on my xbox.",1745876861.0
1ka6p2j,1,[removed],1745874604.0
1ka659y,1,"Realized its been well over a decade since I was an admin for a pretty decent sized Clan that played BF3, COD and eventually Destiny.",1745873217.0
1ka659y,2,It evolved into just being a member for the Destiny community but it never really meant anything like it used to be..,1745873217.0
1ka5yu3,1,[removed],1745872769.0
1ka5mta,0,Opinion: The toxic positivity surrounding Oblivion: Remastered is a large contributor to receiving unfinished games.,1745871922.0
1ka5mta,1,[removed],1745871922.0
1ka5d7e,0,Expedition 33 has made gaming history..,1745871253.0
1ka5d7e,1,"It made me say for the first time in my life, “I’d fuck that paintbrush”.",1745871253.0
1ka5d7e,0,Expedition 33 has made gaming history..,1745871253.0
1ka5d7e,1,[deleted],1745871253.0
1ka59en,1,I think Hogwarts Legacy,1745870987.0
1ka4rjx,0,"I am 28-year old man, have been playing video games since I was 4.",1745869788.0
1ka4rjx,1,I tried to make my TOP 25 of all time and got this.,1745869788.0
1ka4nhp,1,[deleted],1745869500.0
1ka4cv9,0,Here's the ice archer I made for a friend's RPG campaign Watching her grow and eventually become a legend in the story was honestly so cool.,1745868772.0
1ka4cv9,0,Here's the ice archer I made for a friend's RPG campaign Watching her grow and eventually become a legend in the story was honestly so cool.,1745868772.0
1ka4cv9,1,[removed],1745868772.0
1ka4ch7,1,Hey guys was just wondering if anyone has got one of those preloaded game boxes.,1745868745.0
1ka4ch7,2,That hold many of the old consoles games??,1745868745.0
1ka48mj,0,Shaping up to be in my top 3 Final Fantasy games.,1745868479.0
1ka48mj,1,[deleted],1745868479.0
1ka3v8b,0,Chicanery.,1745867546.0
1ka3qix,0,I do like it,1745867219.0
1ka3qix,2,[removed],1745867219.0
1ka3p7z,0,Can anyone recommend a budget handheld to play Xbox Gamepass on?.,1745867129.0
1ka3p7z,1,[removed],1745867129.0
1ka3o95,0,What are the chances of a 'Sheep Dog 'n' Wolf (Sheep Raider) remake?.,1745867058.0
1ka3lez,0,"If the Coyote vs ACME movie does well, do you think it could lead to a Sheep Raider/SDNW remake?.",1745866868.0
1ka30gw,0,So when are we getting a remaster of this gem then?.,1745865446.0
1ka2rfi,0,"Please, recommend me a good First Person Shooter with coop and Pixar-like graphics to play with my kids..",1745864830.0
1ka2rfi,1,"I once enjoyed Overwatch, until it became free to play.",1745864830.0
1ka2iw3,0,Wish we could break the MQ in Oblivion like Morrowind.,1745864251.0
1ka2iw3,1,"I am absolutely *loving* the Oblivion Remaster, but Morrowind was my first Elder Scrolls and my favorite.",1745864251.0
1ka2epf,0,"Please do yourself a favor and play Expedition 33, Oblivion can wait..",1745863963.0
1ka2epf,1,"I didn't even know this game was coming out until I saw it on the homepage of steam on sale, when I clicked on it it had positive reviews and it looked interesting so I bought it and played it...",1745863963.0
1ka2eb4,0,Wow.....,1745863935.0
1ka27wx,0,The reason silent protagonists have largely died out isn't because of graphics or voice acting.,1745863504.0
1ka27wx,1,[removed],1745863504.0
1ka1m5h,0,Tis but a flesh wound.,1745862080.0
1ka1f23,0,The Ori games are easily two of the most stellar pieces of media that I've experienced thus far in my life and there's a good chance that they belong in your video game library even though you may not realize it yet..,1745861605.0
1ka1f23,1,"I initially played through both Oris back in 2020 and have recently revisited them for the first time since then, this has further strengthened my adoration for the series.",1745861605.0
1ka14qk,0,When to expect this gem Todd?.,1745860926.0
1ka0yxs,1,New tech test trailer just dropped!,1745860535.0
1ka0xoh,0,Get Stardew Valley on Your Mobile Without Paying — I Found the Trick.,1745860454.0
1ka0vbv,0,Get Stardew Valley on Your Mobile Without Paying — I Found the Trick.,1745860296.0
1ka0o6m,0,Blizzard reportedly taps Nexon to publish Overwatch mobile and a new StarCraft game | VGC.,1745859819.0
1ka0bkw,1,[removed],1745858955.0
1ka026e,0,Arcade racers (with MP) need a come back.,1745858292.0
1ka026e,1,[removed],1745858292.0
1ka026e,0,Arcade racers (with MP) need a come back.,1745858292.0
1ka026e,1,[removed],1745858292.0
1k9zq70,0,Jeremy Clarkson in Minecraft.,1745857461.0
1k9zo9g,0,How important are publishers for marketing a game?.,1745857327.0
1k9zo9g,1,"It's hard to tell, but is it true the vast majority of successful (indie to double aa) games have publishers that handle marketing which are separate to the developers?",1745857327.0
1k9zj1w,0,sOMeBoDy OnCE tOLd Me...,1745856971.0
1k9zj1w,1,"Later found out it's just an outhouse, but for a brief moment thought it's a Shrek reference xD",1745856971.0
1k9zcfq,0,PAL versions of FIFA always had the best cover art.,1745856533.0
1k9ytin,0,Which games are supposed 'underrated classics' but you think are just a bit rubbish?.,1745855299.0
1k9ytin,1,"I'll start with Beyond Good And Evil and Okami, both in my opinion receive far more praise than they deserve, BGAE being a bit bland and boring and Okami is far too long and repetitive.",1745855299.0
1k9ypnt,0,Just a second boys give me a minute..,1745855035.0
1k9ypnt,1,I haven’t rushed a courtyard a while.,1745855035.0
1k9yesx,1,[removed],1745854281.0
1k9y53y,0,The love of my life (who knows nothing about gaming) gifted me this for my B-day.,1745853621.0
1k9y53y,1,"It's hand made and got my name on it, problem is : it's an ashtray and I never smoked in my life lol.",1745853621.0
1k9y0eg,0,Tell me your experience with Clair Obscur: Expedition 33.,1745853289.0
1k9y0eg,1,Talk about how good was your experience.,1745853289.0
1k9y0eg,0,Tell me your experience with Clair Obscur: Expedition 33.,1745853289.0
1k9y0eg,1,[removed],1745853289.0
1k9xtp1,0,Clair Obscur is one of the best game I've played and here's why.,1745852814.0
1k9xtp1,1,"I've already seen a lot if posts on this game, which was actually the reason I decided to play it, so why not another?",1745852814.0
1k9xsd0,0,10 min till the tech test 2 trailer for Arc Raiders (Extraction shooter by maker of The Finals/Battlefield).,1745852723.0
1k9xotf,0,"Just bought this knife, what gloves should I get?.",1745852487.0
1k9xotf,1,[removed],1745852487.0
1k9xjzr,0,Russia moves to seize World of Tanks developer over Ukraine support | VGC.,1745852165.0
1k9xhbr,0,"Launch Your Own Game, Movie, or App Fast — GameShop Engine (Early Access Available Now!).",1745851977.0
1k9xhbr,1,[removed],1745851977.0
1k9x9o6,0,One of the greatest boss battles I have ever experienced.,1745851447.0
1k9x9o6,2,"If you've been there, you know.",1745851447.0
1k9x9o6,0,One of the greatest boss battles I have ever experienced.,1745851447.0
1k9x9o6,1,[deleted],1745851447.0
1k9wy3p,0,One of the best openings I've experienced.,1745850619.0
1k9wy3p,1,[removed],1745850619.0
1k9wy3p,0,One of the best openings I've experienced.,1745850619.0
1k9wmln,0,Has Wojtek the WWII bear been featured in any video games?.,1745849782.0
1k9wifr,0,It’s really amazing the difference between publicly and privately traded game companies..,1745849483.0
1k9wifr,1,[deleted],1745849483.0
1k9whiq,0,Clair Obscur Physical PS5 copies restock?.,1745849420.0
1k9whiq,1,I really want to get this game for me PS5!,1745849420.0
1k9whiq,0,Clair Obscur Physical PS5 copies restock?.,1745849420.0
1k9whiq,1,[deleted],1745849420.0
1k9wh4d,0,ELDEN RING has shipped 30 million copies worldwide.,1745849393.0
1k9wbz9,0,I've fallen out of love with gaming and it makes me sad..,1745849026.0
1k9wbz9,1,[deleted],1745849026.0
1k9wbz9,0,I've fallen out of love with gaming and it makes me sad..,1745849026.0
1k9wbz9,1,I've just grown out of videogames and I don't feel any urge to play them anymore.,1745849026.0
1k9w85m,0,Everyone pulling out 20 year old Oblivion guidebooks has me thinking: what are some old ones you still have?,1745848766.0
1k9w6xv,0,Wow.... Absolute Masterpiece (Clair Obscur: Expedition 99).,1745848676.0
1k9w64p,2,[deleted],1745848609.0
1k9w2xu,0,I have no idea what to play right now….,1745848375.0
1k9w2xu,1,I was kind of hoping MH Wilds would hold me over until Nightreign comes out but after playing it since release I’m pretty much burned out on it.,1745848375.0
1k9vvw6,0,My happy childhood.,1745847854.0
1k9vtm7,1,[removed],1745847682.0
1k9vo9j,0,Clair Obscur: Expedition 33 may be Metacritic's highest user-rated game in history.,1745847261.0
1k9vnq1,1,"Hi all, I'm doing a research project on ai usage in game development for uni and would be incredibly grateful if anybody fancies doing a super short survey!",1745847215.0
1k9vnq1,2,"It's only 6 questions, none require a written response, should take less than a minute!",1745847215.0
1k9v9wb,0,Between Sony increasing PS5 prices and Nintendo Switch 2 games going up to 80 USD.,1745846129.0
1k9v7ya,0,Circana: US spending on video game subscriptions has been flat.,1745845976.0
1k9v7ya,1,[deleted],1745845976.0
1k9v2xv,0,Content creators and streamers when they haven't maximised sliders on character creation for more than 5 seconds..,1745845573.0
1k9v27i,0,AK-47 Digital Guardian.,1745845516.0
1k9v1o7,0,You all are hypocrites.,1745845472.0
1k9v1o7,1,[deleted],1745845472.0
1k9urh5,0,80$ vs 60$ upgrade.,1745844644.0
1k9urh5,1,[deleted],1745844644.0
1k9uqe5,0,Games you keep restarting but never beat.,1745844557.0
1k9uqe5,1,"I had Metroid prime on the GameCube as a kid, I would make a habit of getting like 30% in before stopping and coming back after months, to then restart again.",1745844557.0
1k9ukre,0,The first thing I thought about when seeing the new mouse functionality for Switch2.,1745844087.0
1k9u6nk,0,Looking for suggestions from gamers who've already played both oblivion and clair obscure.,1745842905.0
1k9u6nk,1,"So I am considering buying either oblivion or clair obscure since everyone is talking a lot about both of them, I never played the original oblivion and I only played Skyrim casually, I do love me a good single player game, which one should I get?",1745842905.0
1k9trbn,0,What sports would you like to see in my party game?.,1745841557.0
1k9trbn,1,[removed],1745841557.0
1k9trbn,0,What sports would you like to see in my party game?.,1745841557.0
1k9trbn,1,[removed],1745841557.0
1k9tqru,0,How exactly would you guys feel if all video game companies stopped making physical releases?.,1745841503.0
1k9tqru,1,"It seems like Nintendo is starting to go in that direction and depending on how that goes, other companies may follow suit, i wanted to know what you guys thought of that decision",1745841503.0
1k9t3v0,0,"What ridiculous or embarrassing username did younger you use that you thought was ""cool"", but you actually realized later on was stupid?.",1745839332.0
1k9t3v0,1,I recently re-downloaded Minecraft to play with my son and remembered my Microsoft log in.,1745839332.0
1k9stwu,0,Yeah this was a easy W for Bethesda.,1745838336.0
1k9scbf,1,[removed],1745836504.0
1k9s7rh,0,Gaming final project questionnaire.,1745836013.0
1k9s7rh,1,[removed],1745836013.0
1k9s2p0,0,AK-47 Digital Guardian.,1745835447.0
1k9rs1e,0,"PC gamers, what made you choose PC over console?.",1745834275.0
1k9rs1e,3,Part of me wants to make the switch over to Steam.,1745834275.0
1k9rs1e,0,"PC gamers, what made you choose PC over console?.",1745834275.0
1k9rs1e,3,Part of me wants to make the switch over to Steam.,1745834275.0
1k9rm8v,0,Stalker 2: Shadow of Chornobyl Special Edition delayed till Feb 2026.,1745833566.0
1k9rdzv,0,"What's one game you believe is criminally underrated, and you’ll defend it with your life?.",1745832544.0
1k9rdzv,1,Dishonored,1745832544.0
1k9r41v,0,Two video game adaptations will finish in the top 5 at the North American box-office this weekend.,1745831301.0
1k9qfz8,0,Why do you do this?.,1745828273.0
1k9qfz8,1,[removed],1745828273.0
1k9qfz8,0,Why do you do this?.,1745828273.0
1k9qfz8,1,[removed],1745828273.0
1k9q625,1,[removed],1745827038.0
1k9q625,0,galahard merecia uma evolução da.,1745827038.0
1k9pum7,0,My nephew of 6 years old was recently gifted a PS5 and only plays braindead games.,1745825553.0
1k9pum7,1,[removed],1745825553.0
1k9ozth,0,"Most Replayable Singleplayer Games based on Steam Data (Top 3 is Rimworld, EU 4 and Warhammer 2).",1745821828.0
1k9onf3,0,Expedition 33 is better than you might think… let me explain.,1745820395.0
1k9onf3,1,"For some context, I generally dislike turn based CRPGS, the closest I’ve ever enjoyed would be the Xcom series.",1745820395.0
1k9ojw6,0,Making Friends Monday!,1745820016.0
1k9ojw6,1,Share your game tags here!.,1745820016.0
1k9od4o,0,How to Level Up Fast in Roblox Arise Crossover Roblox: Explained.,1745819222.0
1k9mqcd,0,How do I get motivated?.,1745813043.0
1k9mqcd,1,[removed],1745813043.0
1k9mja0,0,"Never knew Tomb Raider had a card game at some point, the first time I've ever encountered it.",1745812387.0
1k9mja0,1,"All the cards seem to be there, the dice, the player token, hell even the little square tabs are still intact",1745812387.0
1k9mbnz,0,Nintendo always tries so hard 🥰 🥰 🥰.,1745811664.0
1k9mbnz,1,[removed],1745811664.0
1k9mb3q,0,"Who is ""THE Developer"" in a post-Naughty Dog, Post-BioWare, Post-Fromsoft world?.",1745811608.0
1k9mb3q,1,"I realize that my go-tos are no longer reliable, neither creatively or just kinda quality.",1745811608.0
1k9lflz,0,This looks better than a remaster.,1745808656.0
1k9lc5s,0,I have a backlog of popular games that I haven't played yet.,1745808337.0
1k9lc5s,1,Which one should I play next?.,1745808337.0
1k9kkng,0,Is there a game you like so much that you don't even want to finish it?.,1745805846.0
1k9kkng,1,Is there a game you like so much that you don't even want to finish it?,1745805846.0
1k9kjpn,1,Just need someone to help me complete some two player areas!,1745805757.0
1k9khbn,0,LEGO City Undercover: Is there a chance we will get a major sequel?.,1745805557.0
1k9khbn,1,"Both of my children have played it all the way through, and that is quite a feat for them to stay focused on one game that long.",1745805557.0
1k9kdsh,0,BEASTARS (Legosi) ♡.,1745805250.0
1k9jv50,1,"I'm not asking about games that are easy to 100%, I'm talkin games where you get the first achievement for barely doing anything, random example being the game Get to Work you get an achievement for just moving your character.",1745803586.0
1k9jtoy,0,Making a great Star Fox game.,1745803460.0
1k9jtoy,1,I believe combining at lot of the features from these games would make the perfect Star Fox game whether you’re a fan of the space shooters or Adventures and Assault.,1745803460.0
1k9jnig,1,"I had a question for anyone who may be able to answer, about the Xbox 360 and the way its hardware interacts with certain games.",1745802909.0
1k9jnig,2,"So Ive been stuck playing with my 360 for a few weeks, and picked up a few new games to try out due to this.",1745802909.0
1k9jmdw,1,"So, this guy on twitter posted some interesting edits of DK face and is impressive how well they blend both styles together!.",1745802807.0
1k9jmdw,2,[removed],1745802807.0
1k9jltt,0,Do you Know any video games were you play a god and you can place people in a climes and see them evolve?.,1745802756.0
1k9jltt,1,[removed],1745802756.0
1k9jjas,0,Shareware should make a return!.,1745802524.0
1k9jjas,1,I think for any prospective developers this is only a good idea.,1745802524.0
1k9j2vy,1,[removed],1745801077.0
1k9itmq,0,I think everyone has at least one gaming session they'll remember for the rest of their lives.,1745800275.0
1k9itmq,2,"Mine is the time when I had just gotten a PS2 at 15, and my friends and I rented Amplitude, Jak 2 and Ratchet and Clank: Going Commando.",1745800275.0
1k9irwd,0,What are some games that everyone should play at least once in their lifetime?.,1745800128.0
1k9irwd,1,Putting together a list of video games that are just must plays.,1745800128.0
1k9iir8,0,Just wanted to point this out after looking through the biased NintendoSwitch2 subreddit and saw a lot of people saying how MKW is worth the price tag... does this change your mind?.,1745799339.0
1k9ii7a,0,Are the Halo games a must play?.,1745799290.0
1k9ii7a,1,I saw that the master chief collection is on sale on steam,1745799290.0
1k9ic49,0,I can tell Clair obscur is a bad jrpg without playing it because no characters look cool or have colorful hair..,1745798744.0
1k9ic49,1,[removed],1745798744.0
1k9ibzj,0,Wii Homebrew Channel contains stolen Nintendo SDK code.,1745798735.0
1k9ibzj,1,"Wii homebrew contains a component called libogc, it was recently discovered that a lot of code from libogc was stolen from official Nintendo SDKs.",1745798735.0
1k9h7ik,0,Taking a break from Oblivion to play Expedition 33.,1745795392.0
1k9gyi5,0,Rant: I'm so tired of every game having a parry mechanic.,1745794676.0
1k9gyi5,2,[deleted],1745794676.0
1k9gy20,0,Not even half way through and so many amazing games.,1745794638.0
1k9gra9,0,Playing Oblivion Remastered is bringing me so many memories!!.,1745794085.0
1k9fpiv,1,"Can anyone recommend games that had great side modes/missions, specifically modes that are endlessly replayable and repeatable?",1745791149.0
1k9fpiv,2,"I'm thinking like the Raid/Mercenary modes in Resident Evil, Deniable Ops in Splinter Cell Conviction, predator maps in the Batman Arkham games, breach mode in Deus Ex: Mankind Divided.",1745791149.0
1k9fbtm,0,I'm moving to Portugal from the US.,1745790131.0
1k9fbtm,1,What differences can I expect for online gaming culture on Europe servers?,1745790131.0
1k9fae3,0,Metroid prime remastered or oblivion remastered?.,1745790026.0
1k9fae3,1,I have played neither original and want to know which one to get first.,1745790026.0
1k9f5bl,0,"Won’t read the comments until I finish so I can keep my experience pure, but just wanted to say that Expedition 33 is absolute bliss and the greatest blind buy of my life..",1745789648.0
1k9f5bl,1,[deleted],1745789648.0
1k9e3ub,0,What’s a game that you bought but never opened?.,1745786919.0
1k9e3ub,1,"Mine was Back 4 Blood, I got it full priced on Christmas Day, I asked for it and it was the one of two games I received that year.",1745786919.0
1k9e1zm,0,Which games have your favourite elevator?.,1745786782.0
1k9e1zm,1,[removed],1745786782.0
1k9e1v9,0,Be fr rn playstation.,1745786772.0
1k9dle2,0,Does any other non-horror game offer the same thrills as Subnautica?.,1745785579.0
1k9dle2,1,Technically Subnautica isn't a horror game but obviously contains moments of pure terror and thrills.,1745785579.0
1k9dk9l,0,I’m going on vacation will this work for console.,1745785501.0
1k9dk9l,1,[removed],1745785501.0
1k9dk9l,0,I’m going on vacation will this work for console.,1745785501.0
1k9ddfe,1,[deleted],1745785018.0
1k9db7z,0,Anyone else finding Clair Obscur : Expedition 33 kinda... hard?.,1745784861.0
1k9db7z,1,[removed],1745784861.0
1k9d3gz,0,"The biggest gaslight of my life playing games has to be Expedition 33, i played, didn't like it and already dropped to play Lord of the fallen.",1745784299.0
1k9d3gz,2,[removed],1745784299.0
1k9d1ux,0,[Oblivion] Finding 'Goblin Jim's Cave' for the first time not knowing why he’s called Goblin Jim….,1745784182.0
1k9d1ux,1,[deleted],1745784182.0
1k9d1pk,0,The Until Dawn Movie’s Greatest Weakness Is Straying So Far Away From the Game.,1745784172.0
1k9d01l,0,I've never tried to make OC before.,1745784055.0
1k9d01l,2,Here ya go.,1745784055.0
1k9cwpk,1,I suspect he's an Argonian who's shapeshifted into a human.,1745783819.0
1k9crjw,0,HAND DOWN MAN DOWN!!!!.,1745783457.0
1k9c0j7,0,I just want to thank the Expedition 33 team for making me feel the joy I felt when playing LO so long ago..,1745781538.0
1k9c0j7,1,I've only kept a few physical copies of games from the 360 era for nostalgia and of course Lost odyssey is one of them.,1745781538.0
1k9bzr3,1,[removed],1745781480.0
1k9bz57,0,"Just finished ""Onimusha: Warlords"" and I really loved it, gave me the same vibe as old DMC and RE games.",1745781438.0
1k9bz57,1,"However, the ending felt like one of those manga/shows that got rushed/axed endings, where you are left with an unsatisfying ending.",1745781438.0
1k9bvu3,0,"Astrobot, Helldivers, and Expedition 33 are amongst the best games I’ve played this decade — I am ready for the AA renaissance..",1745781192.0
1k9bvu3,1,"This is just really refreshing to see, and I hope the trend continues.",1745781192.0
1k9bmdq,0,Seriously what really happens these days.,1745780518.0
1k9bmdq,1,[removed],1745780518.0
1k9bdg2,0,My expedition has 100+ days and not a single bath was taken.,1745779886.0
1k9anal,0,It's an absolute crime that Expedition 33 doesn't have a photo mode.,1745778018.0
1k9a6ao,0,This is the way.,1745776824.0
1k9a2r7,1,"Some people love them, some hate them, some ignore them, achievements are part of gaming history.",1745776580.0
1k9a2r7,2,"Xbox 360 introduced achievements way back in 2005, and they stayed.",1745776580.0
1k99y53,0,"Userbenchmark.com being a ""little"" biased when I was comparing GPU brands.",1745776255.0
1k99pdd,0,A year at Hogwart's will change a person.,1745775652.0
1k99pdd,1,[deleted],1745775652.0
1k99pdd,0,A year at Hogwart's will change a person.,1745775652.0
1k99pdd,1,Especially when callously spilling untold amounts of goblin &amp; poacher blood.,1745775652.0
1k99dz7,0,Need help spending $5 Xbox gift card..,1745774862.0
1k99dz7,1,"I got a $5 gift card from Xbox and don’t know what to spend it on, any recommendations?",1745774862.0
1k999q4,0,Who’s dumb enough to grade Mario Kart 8 Deluxe and someone to pay $260 for it?.,1745774565.0
1k999q4,1,[deleted],1745774565.0
1k999q4,0,Who’s dumb enough to grade Mario Kart 8 Deluxe and someone to pay $260 for it?.,1745774565.0
1k991va,0,The Real Reason Xbox Is Failing | The Infographics Show.,1745774024.0
1k991va,1,[removed],1745774024.0
1k991va,0,The Real Reason Xbox Is Failing | The Infographics Show.,1745774024.0
1k98ykj,0,HUNGER looks gritty and awesome!.,1745773783.0
1k98ykj,1,[removed],1745773783.0
1k98yi5,1,[deleted],1745773778.0
1k98yi5,1,I gotta respect a studio that delivers a generational game as their debut and uses both the Batman and Daredevil for their lead.,1745773778.0
1k98uyq,0,HUNGER looks pretty f'ing gritty and awesome..,1745773527.0
1k98uyq,1,[removed],1745773527.0
1k98p5w,0,I went through a rough patch for a few years but recently found my spark (guilty) and channeling back into painting things I love again.,1745773140.0
1k98p5w,1,"I hope the title wasn’t too sappy, Halo and WH40k are the two universes that I always fall back to when I need to “feel myself” again in terms of artwork .",1745773140.0
1k98d7u,0,Went through a rough patch for a few years but the Halo universe is one of those that helped me get my (guilty) spark back and channel it through art I made like this one !.,1745772282.0
1k98d7u,1,[removed],1745772282.0
1k98d7u,0,Went through a rough patch for a few years but the Halo universe is one of those that helped me get my (guilty) spark back and channel it through art I made like this one !.,1745772282.0
1k98d7u,1,[removed],1745772282.0
1k988jh,0,When your partner is the dovahkiin but you have to save the space moths.,1745771939.0
1k988jh,1,[deleted],1745771939.0
1k988jh,0,When your partner is the dovahkiin but you have to save the space moths.,1745771939.0
1k97xtq,0,What’s a game you got a non gamer into?.,1745771156.0
1k97tn4,3,[removed],1745770861.0
1k97sc1,1,The game was released in 2019.,1745770771.0
1k97sc1,2,Thats 6 years ago (damn).,1745770771.0
1k97sc1,1,[deleted],1745770771.0
1k97etg,0,protect sandfall interactive devs!.,1745769823.0
1k97etg,1,[removed],1745769823.0
1k97duy,0,Max Payne 3 multiplayer on PC still active on 2025.,1745769759.0
1k97duy,1,[deleted],1745769759.0
1k97cj7,1,I hear A LOT of conflicting opinions about this.,1745769673.0
1k97cj7,2,I'd like more games similar to that but I should wait until it's on sale.,1745769673.0
1k97c7e,0,🚀 Eye-catching Banners for Your Stream &amp; Channel.,1745769654.0
1k97c7e,1,[removed],1745769654.0
1k96hvn,0,The only thing a game needs to be considered good is good gameplay.,1745767480.0
1k96hvn,1,Good story and good graphics can't ever make up for bad gameplay..,1745767480.0
1k96emi,0,Buying Weed in Oblivion (Remastered).,1745767250.0
1k96emi,1,[removed],1745767250.0
1k96emi,0,Buying Weed in Oblivion (Remastered).,1745767250.0
1k964eg,0,How rare are these official Scribblenauts Unmasked DC Flash socks?.,1745766497.0
1k964eg,2,How rare are these official Scribblenauts Unmasked DC Flash socks?,1745766497.0
1k960g9,1,[removed],1745766216.0
1k960g9,0,How is Expedition 33 JRPG?.,1745766216.0
1k930lu,1,Still rolling after 3 decades!.,1745757561.0
1k930lu,1,Still rolling after 3 decades!.,1745757561.0
1k930lu,1,Still rolling after 3 decades!.,1745757561.0
1k930lu,2,[removed],1745757561.0
1k92w0h,0,"I don't even have a CD/DVD drive anymore, but for 2$ they'll be a nice addition to my small collection!.",1745757131.0
1k92fs0,1,"I’m waiting for hotfix/patch for Oblivion, hopefully they will iron out some bugs!",1745755598.0
1k92fs0,1,[deleted],1745755598.0
1k92fht,0,How many 2000s games had rail grinding as a mechanic ala ratchet and clank?.,1745755568.0
1k92fht,1,Gonna make a video on ratchet and clank 1.,1745755568.0
1k92fht,0,How many 2000s games had rail grinding as a mechanic ala ratchet and clank?.,1745755568.0
1k92fht,1,[deleted],1745755568.0
1k92f4z,0,My local GAME store which caught attention online for creating a humorous moment when it's entrance gate became stuck has opened for it's final time..,1745755532.0
1k929ru,1,Feels full circle to be the Grand Champion in 2025 again!.,1745755033.0
1k929rm,0,"Remember When they Were Called ""Expansion Packs""?.",1745755033.0
1k929rm,1,"[\( illustrative image \)](https://preview.redd.it/sduxziam9dxe1.jpg?width=256&amp;format=pjpg&amp;auto=webp&amp;s=6d90d8dc4365d8d9b11caf33ca4b69c9c000281c) Remember when DLCs used to be called ""expansion packs""?",1745755033.0
1k929rm,0,"Remember When they Were Called ""Expansion Packs""?.",1745755033.0
1k929rm,1,[deleted],1745755033.0
1k926x6,0,"Despite bugs, what games could you not put down?.",1745754741.0
1k926x6,1,Currently playing through A Bard's Tale - Remastered and Resnarkled... buggy as hell,1745754741.0
1k91hfb,0,Are Indiana Jones and the Great Circle highlight options broken?,1745752132.0
1k91hfb,2,So I'm playing the new Indiana Jones on PS5 and I'm having a blast with the gameplay so far.,1745752132.0
1k91etj,0,I Made This Minecraft Monster,1745751862.0
1k91etj,1,what do you guys think?.,1745751862.0
1k90wi6,0,⠀⠀.,1745749865.0
1k90wg9,0,Oblivions night sky is gorgeous..,1745749858.0
1k90sb6,0,"If you're like me and always weekly add your free games to the epic games library, you might already own GTA V Enhanced..",1745749381.0
1k90sb6,1,"I was thinking of buying this game for the new visuals, but lo and behold, I already own it on Epic!",1745749381.0
1k90ksz,0,"Oblivion Remastered PC: Impressive Remastering, Dire Performance Problems.",1745748494.0
1k90ehw,0,Oblivion remaster VS Doom 2016..,1745747787.0
1k90ehw,1,[deleted],1745747787.0
1k909by,0,"Doom 2016 looks better, and that bothers me for TES6.",1745747153.0
1k909by,2,Stop glazing.,1745747153.0
1k909by,0,"Doom 2016 looks better, and that bothers me for TES6.",1745747153.0
1k909by,2,Stop glazing.,1745747153.0
1k8zmwy,0,"Drawing GTA Vice City Cover (IG,YTB: PB - My Creations).",1745744484.0
1k8zhrn,0,And I can't tell which one did I miss :(.,1745743887.0
1k8zfjw,0,"Clair Obscur: Expedition 33 has sold 1 million copies in three days, not even including Game Pass players..",1745743633.0
1k8zepj,0,I need help.,1745743534.0
1k8zepj,1,[removed],1745743534.0
1k8ywpo,0,Some reward.,1745741384.0
1k8ysbe,0,The Nintendo Switch 2 Looks BIG.,1745740868.0
1k8xywi,3,I love the way the disc's green/color contrasts perfectly with he white coat and red stripes.,1745737359.0
1k8xeaz,0,AK-47 Digital Guardian.,1745734996.0
1k8xeaz,1,[removed],1745734996.0
1k8xdye,1,[removed],1745734957.0
1k8xdye,1,[removed],1745734957.0
1k8x4p8,0,Fusion HA!.,1745733882.0
1k8x4p8,1,[removed],1745733882.0
1k8x2p9,0,Will TCM and NFS survive Forza Horizon 5 on PS5?.,1745733652.0
1k8x2gp,1,For those questions that don't feel worthy of a whole new post.,1745733631.0
1k8x2gp,2,This thread is posted weekly on Sundays (adjustments made as needed).,1745733631.0
1k8wnto,0,Necky the Fox From Famitsu was a MENACE..,1745731959.0
1k8wmke,0,Playing Ratchet and Clank: Rift Apart.,1745731824.0
1k8wmke,1,[removed],1745731824.0
1k8wmke,0,Playing Ratchet and Clank: Rift Apart.,1745731824.0
1k8wmke,1,[removed],1745731824.0
1k8wf43,1,I would imagine that natural disasters would lend themselves perfectly for an exciting AAA action game.,1745731009.0
1k8wf43,2,Going from set-piece to set-piece with some calmer character driven moments in between.,1745731009.0
1k8w4e4,1,I’m looking for a new stealth type game that rewards stealth play.,1745729844.0
1k8w4e4,2,"For background I come from AC2, Skyrim, dishonoured and cyberpunk looking for a stealth game.",1745729844.0
1k8w4e4,1,[deleted],1745729844.0
1k8vyl0,0,How would this be written different if Neil Druckman wrote RDR/RDR2.,1745729229.0
1k8v2q6,0,What game did you buy for full price and end up disappointed?.,1745725972.0
1k8unql,0,Zone of the Enders and Armored Core make me struggle to understand why fast paced mechas aren't more popular..,1745724536.0
1k8unql,2,"With such an epic and frankly untapped genre with what feels like a lot of possibilities on the table, why is it that this genre feels largely ignored?",1745724536.0
1k8umep,0,Reading my release manual to refresh my memory on some of the mechanics.,1745724405.0
1k8umep,1,Installing Oblivion on my mobile phone later..,1745724405.0
1k8umep,0,Reading my release manual to refresh my memory on some of the mechanics.,1745724405.0
1k8umep,1,Installing Oblivion on my mobile phone later..,1745724405.0
1k8uk6n,0,Is 30 FPS making a comeback?.,1745724194.0
1k8uk6n,1,Hear me out.,1745724194.0
1k8ub6o,0,"Bethesda I love your games, but....",1745723306.0
1k8ub6o,1,"It's fine, they'll patch it.",1745723306.0
1k8u34k,0,"Take your time, you got this.",1745722552.0
1k8u16c,0,"Audio, visuals, controls… what’s the most slept-on part of making games feel alive?.",1745722364.0
1k8u16c,1,[removed],1745722364.0
1k8tlyh,1,I know there are already a lot of posts and hype around this game already that a post like this seems pointless.,1745720925.0
1k8tlyh,2,"Reason I’m making this post is often when a new game gets hyped, a lot of it is so vague.",1745720925.0
1k8tlw2,1,[removed],1745720919.0
1k8tjbu,0,Found in the console of the Oblivion Remaster.,1745720678.0
1k8soq5,0,Tony Hawk's American Wasteland (2005).,1745717898.0
1k8soq5,1,[removed],1745717898.0
1k8skdq,0,What games have indirectly cost you the most money?.,1745717505.0
1k8skdq,1,Gran Turismo 2: Fell in love with 3000gt VR4 and bought it for 12k Escape from Tarkov: Got me into buying guns and probably 5k into it so far.,1745717505.0
1k8sin1,2,I have a condition that affects all the voluntary muscles in the body.,1745717354.0
1k8sin1,4,"I do a lot of computer work and I never have issues with regular mice, but now I'm starting to have problems with models that have a very hard to press middle click (Scroll wheel click).",1745717354.0
1k8sg05,0,Poster I made for our Full Scale Enterprise Refit from TMP made entirely in Minecraft.,1745717117.0
1k8sg05,1,"Co-builder buddys birthday was coming up, so I snuck a copy of his build into a corner of the yards he doesn't go to and tore it up to make this render.",1745717117.0
1k8rwkm,0,Working.,1745715411.0
1k8rwkm,1,[removed],1745715411.0
1k8rcdd,1,Been playing Lords of the Fallen 2.0 recently and was reminded of how much I love the armor design in this game.,1745713630.0
1k8rcdd,2,It's some of the best I've seen in a dark fantasy soulslike.,1745713630.0
1k8r6un,0,What graphics cards can run games on native 4K with Raytracing ?.,1745713145.0
1k8r6un,1,I just wonder it because I play games on PC whenever I wanna play games on native 4K at 30-60fps.,1745713145.0
1k8r0xd,0,"Horror game enthusiasts, what game(s) stood out to you the most and what is one of your favourite mechanics in the genre?.",1745712641.0
1k8r0xd,1,[removed],1745712641.0
1k8r0xd,0,"Horror game enthusiasts, what game(s) stood out to you the most and what is one of your favourite mechanics in the genre?.",1745712641.0
1k8r0xd,1,[removed],1745712641.0
1k8qsfx,1,Clair Obscur: Expedition 33 - Did not expect this guy to have that much HP and deal that much damage (1000% total HP).,1745711961.0
1k8qsfx,2,"But it bleeds, so...",1745711961.0
1k8qonp,0,"After 20+ years of gaming, a game managed to make me cry....",1745711649.0
1k8qonp,1,"So, I'm a 28 yo man who's been gaming for as long as I remember.",1745711649.0
1k8ql3i,0,I think there’s something up with my Oblivion Remastered graphics..,1745711345.0
1k8q02u,0,I think I've seen this before....,1745709588.0
1k8p6og,0,"Seems like not many people are posting about it, but Oblivion got a remaster.. Looks like it's kinda flying under the radar.",1745707160.0
1k8p6og,1,Oblivion was an RPG from about 20 years ago about collecting cheese and dressing up your horse.,1745707160.0
1k8owjn,0,"The game industry just seemed to be more vibrant, exciting, and ambitious from the mid 2000s to the early 2010s.",1745706326.0
1k8owjn,0,"The game industry just seemed to be more vibrant, exciting, and ambitious from the mid 2000s to the early 2010s.",1745706326.0
1k8owjn,1,[removed],1745706326.0
1k8ol77,0,Surely not....right?.,1745705402.0
1k8ogk4,0,I think my Xbox X is dying.,1745705025.0
1k8ogk4,1,Keeps falling to send signal to TV every now and again..,1745705025.0
1k8nk2g,0,"The difference between a studio the size of roughly 30 people and a giant that is Bethesda and Microsoft when it comes to pricing - according to the latter $50 equals $60 in my country (Poland), which makes it one of the highest MSRPs for Oblivion Remastered in the world.",1745702481.0
1k8nihb,0,I Made A Cover Of Unforgotten from Halo 2.,1745702359.0
1k8nihb,1,[deleted],1745702359.0
1k8nihb,0,I Made A Cover Of Unforgotten from Halo 2.,1745702359.0
1k8n73k,0,Trying to reach TES VI from Oblivion.,1745701504.0
1k8n73k,1,I think I can see Todd in the distance,1745701504.0
1k8n6st,0,For real.,1745701482.0
1k8n6st,1,[removed],1745701482.0
1k8mtyj,0,"For the last 2 years, I've been working on my dream game inspired by Momodora.",1745700534.0
1k8mtyj,1,Awita: Journey of Hope will be released on Steam this June..,1745700534.0
1k8meye,1,I just posted my first devlog for my Shaolin Warrior game!,1745699379.0
1k8meye,2,Would love your feedback!.,1745699379.0
1k8ltg6,0,What game made you rediscover your love for gaming?.,1745697754.0
1k8ltg6,1,[removed],1745697754.0
1k8lozy,0,Can i run a gba game on my ti83 premium ce python edition ?.,1745697426.0
1k8lozy,1,[removed],1745697426.0
1k8licm,0,Share your wisdom.,1745696911.0
1k8licm,1,[removed],1745696911.0
1k8licm,0,Share your wisdom.,1745696911.0
1k8licm,1,[removed],1745696911.0
1k8ldrf,0,What game made you rediscover your love for gaming?.,1745696564.0
1k8ldrf,1,[removed],1745696564.0
1k8ldrf,0,What game made you rediscover your love for gaming?.,1745696564.0
1k8ldrf,1,[removed],1745696564.0
1k8lcbt,0,Games where you play as a Viking.,1745696455.0
1k8lcbt,1,"As the title says, I'm looking for games where you play as a viking.",1745696455.0
1k8ky21,0,most likely not the first to share this new command in Oblivion Remastered.,1745695383.0
1k8kv8p,0,20 Years in the Making - TES IV Oblivion.,1745695172.0
1k8ktyq,0,"Damn, Game Pass Is Having A Really Good Year, Huh?.",1745695077.0
1k8kmbj,0,Why are video games the only product that consumers are tolerant of buying half-finished?.,1745694517.0
1k8kmbj,1,"Like if I got an email from a car dealership guaranteeing me that my brand new car was ready to be picked up, and I got there and they told me that it only had one seat and no radio or A/C installed that would be extremely unacceptable, or if I ordered a full large pizza with 6 toppings",1745694517.0
1k8ki3z,0,Is it safe to say the Switch 2’s graphics are between PS4 and PS5?.,1745694207.0
1k8ki3z,1,I’ve watched the videos comparing the graphical capabilities of the Nintendo Switch 2 and the PS5 for Elden Ring and FF7.,1745694207.0
1k8kece,0,What other games need the Oblivion treatment?.,1745693955.0
1k8kece,1,[removed],1745693955.0
1k8kdlt,1,[deleted],1745693900.0
1k8kdlt,1,Mostly games made for adults.,1745693900.0
1k8kdlt,2,"Once again Texas, is try to ban all nsfw stuff, on a federal level.",1745693900.0
1k8jsgk,1,[removed],1745692328.0
1k8jrzb,0,This looks like Cover Art.,1745692293.0
1k8jrzb,1,I was amazed by how good this looked when playing God of War Ragnarök.,1745692293.0
1k8jrej,0,"Max Payne 3 multiplayer still active on 2025 , 70% off on steam.",1745692251.0
